PKREGION;Región;PKENTEOPERADOR;IDEO;Código_Geográfico;Provincia;Cantón;Cod_Canton;Distrito;Nombre_Operador;Tipo_Administración;Ubicación_Geográfica;Cédula_Jurídica;CALIFICACION;FIJODOMICILIAR;MEDIDODOMICILIAR;FIJOEMPRESARIAL;MEDIDOEMPRESARIAL;FIJOGOBIERNO;MEDIDOGOBIERNO;FIJOPREFERENCIAL;MEDIDOPREFERENCIAL;HIDRANTESERVICIO;Fecha_Servicio;Servicios_abastecidos;Servicios_proyectados20anos;Poblacion_abastecida;Poblacion_abastecida_proyectada20anos;Rangos_servicios_99_300_700_mas800;Rangos_servicios_99_400_700_mas800
1276;Región Chorotega;2181;00220-2014;5-7-1;GUANACASTE;ABANGARES;507;LAS JUNTAS;CONCEPCION DE COLORADO DE ABANGARES, GUANACASTE;ASADA;Rural;3002599149;D;1;89;0;0;0;0;0;0;;2018-12-19;90;171;315;598.5;0-99;0-99
1276;Región Chorotega;2182;00221-2014;5-7-1;GUANACASTE;ABANGARES;507;LAS JUNTAS;LA PALMA DE LAS JUNTAS DE ABANGARES, GUANACASTE;ASADA;Rural;3-002-606660;D;68;179;2;8;0;0;0;0;;2018-12-19;257;488.3;899.5;1709.05;100-299;100-400
1276;Región Chorotega;2183;00222-2014;5-7-1;GUANACASTE;ABANGARES;507;LAS JUNTAS;LIMONAL DE LAS JUNTAS DE ABANGARES GUANACASTE;ASADA;Rural;3-002-513472;A;0;166;0;39;0;0;0;0;3;2018-12-19;205;389.5;717.5;1363.25;100-299;100-400
1276;Región Chorotega;2184;00223-2014;5-7-1;GUANACASTE;ABANGARES;507;LAS JUNTAS;MATAPALO DE LAS JUNTAS DE ABANGARES, GUANACASTE;ASADA;Rural;3-002-392771;C;70;171;0;11;0;0;0;0;;2018-12-19;252;478.8;882;1675.8;100-299;100-400
1276;Región Chorotega;2185;00225-2014;5-7-4;GUANACASTE;ABANGARES;507;COLORADO;PUEBLO NUEVO DE COLORADO DE ABANGARES GUANACASTE;ASADA;Rural;3-002-589960;B;0;133;0;2;0;0;0;0;;2018-12-19;135;256.5;472.5;897.75;100-299;100-400
1276;Región Chorotega;2186;00226-2014;5-7-2;GUANACASTE;ABANGARES;507;SIERRA;TRES AMIGOS DE LA SIERRA DE ABANGARES, GUANACASTE;ASADA;Rural;3-002-463612;D;0;70;0;23;0;0;0;0;;2018-12-19;93;176.7;325.5;618.45;0-99;0-99
1276;Región Chorotega;2187;00228-2014;5-7-2;GUANACASTE;ABANGARES;507;SIERRA;CANDELARIA CAMPOS DE ORO DE SIERRA DE ABANGARES GUANACASTE;ASADA;Rural;3-002-431035;C;0;110;0;1;0;0;0;0;;2018-12-19;111;210.9;388.5;738.15;100-299;100-400
1276;Región Chorotega;2188;00229-2014;5-7-2;GUANACASTE;ABANGARES;507;SIERRA;LA CRUZ DE LA SIERRA DE ABANGARES, GUANACASTE;ASADA;Rural;3-002-629579;D;0;89;0;0;0;0;0;0;1;2018-12-19;89;169.1;311.5;591.85;0-99;0-99
1276;Región Chorotega;2190;00231-2014;5-7-2;GUANACASTE;ABANGARES;507;SIERRA;MARSELLESA LA SIERRA DE ABANGARES, GUANACASTE (NO HAY ACUED);ASADA;Rural;3-002-415118;D;24;0;0;0;0;0;0;0;;2018-12-19;24;45.6;84;159.6;0-99;0-99
1276;Región Chorotega;2191;00232-2014;5-7-2;GUANACASTE;ABANGARES;507;SIERRA;LA SIERRA DE ABANGARES, GUANACASTE;ASADA;Rural;3-002-410470;D;0;38;0;2;0;0;0;0;;2018-12-19;40;76;140;266;0-99;0-99
1276;Región Chorotega;2192;00233-2014;5-7-2;GUANACASTE;ABANGARES;507;SIERRA;SAN RAFAEL DE LA SIERRA DE  ABANGARES, GUANACASTE;ASADA;Rural;3-002-384082;C;0;272;0;0;0;0;0;0;;2018-12-19;272;516.8;952;1808.8;100-299;100-400
1276;Región Chorotega;2193;00235-2014;5-7-3;GUANACASTE;ABANGARES;507;SAN JUAN;POZO AZUL DE SAN JUAN DE ABANGARES, GUANACASTE;ASADA;Rural;3-002-312082;D;0;169;0;4;0;0;0;0;;2018-12-19;173;328.7;605.5;1150.45;100-299;100-400
1276;Región Chorotega;2194;00236-2014;5-7-3;GUANACASTE;ABANGARES;507;SAN JUAN;SAN JUAN GRANDE DE ABANGARES, GUANACASTE;ASADA;Rural;3-002-403740;C;0;283;0;0;0;0;0;0;1;2020-04-15;283;537.7;990.5;1881.95;100-299;100-400
1276;Región Chorotega;2195;00237-2014;5-7-2;GUANACASTE;ABANGARES;507;SIERRA;SAN BOSCO Y OLIVOS DE LA SIERRA DE ABANGARES, GUANACASTE;ASADA;Rural;3-002-462692;B;0;125;0;3;0;0;0;0;;2018-12-19;128;243.2;448;851.2;100-299;100-400
1276;Región Chorotega;2196;00238-2014;5-7-3;GUANACASTE;ABANGARES;507;SAN JUAN;CONCEPCION ( COYOLAR ) LAS JUNTAS ABANGARES, GUANACASTE;ASADA;Rural;3002571402;D;52;0;0;0;0;0;0;0;;2018-12-19;52;98.8;182;345.8;0-99;0-99
1276;Región Chorotega;2197;00239-2014;5-7-2;GUANACASTE;ABANGARES;507;SIERRA;ALTO DE CEBADILLA SIERRA ABANGARES GUANACASTE;ASADA;Rural;3-002-204993;D;0;70;0;0;0;0;0;0;;2018-12-19;70;133;245;465.5;0-99;0-99
1276;Región Chorotega;2198;00241-2014;5-7-4;GUANACASTE;ABANGARES;507;COLORADO;SAN JOAQUIN DE COLORADO DE ABANGARES, GUANACASTE;ASADA;Rural;3-002-593847;C;0;130;0;2;0;0;0;0;1;2018-12-19;132;250.8;462;877.8;100-299;100-400
1276;Región Chorotega;2199;00243-2014;5-7-4;GUANACASTE;ABANGARES;507;COLORADO;PEÑA BLANCA DE COLORADO DE ABANGARES, GUANACASTE;CAAR;Costera;3-002431035;D;85;0;0;0;0;0;2;0;;2018-12-19;87;165.3;304.5;578.55;0-99;0-99
1276;Región Chorotega;2200;00244-2014;5-7-4;GUANACASTE;ABANGARES;507;COLORADO;ENCELOMAVI DE COLORADO DE ABANGARES, GUANACASTE;CAAR;Costera;3-002-679575;D;301;0;6;0;0;0;4;0;1;2018-12-19;311;590.9;1088.5;2068.15;300-799;100-400
1276;Región Chorotega;2277;04315-2014;5-7-2;GUANACASTE;ABANGARES;507;SIERRA;TORNOS DE LA SIERRA DE ABANGARES, GUANACASTE;CAAR;Rural;3-002-684134;D;80;0;0;0;0;0;0;0;;2018-12-19;80;152;280;532;0-99;0-99
1276;Región Chorotega;2977;00234-2014;5-7-3;GUANACASTE;ABANGARES;507;SAN JUAN;GUAITILAR DE SAN JUAN DE ABANGARES, GUANACASTE;ASADA;Rural;3-002-660729;D;0;162;0;35;0;0;0;0;;2018-12-19;197;374.3;689.5;1310.05;100-299;100-400
1276;Región Chorotega;2999;00224-2014;5-7-1;GUANACASTE;ABANGARES;507;LAS JUNTAS;PIEDRAS VERDES DE LAS JUNTAS DE ABANGARES, GUANACASTE;ASADA;Rural;3-002-560730;D;0;133;0;3;0;0;0;0;;2018-12-19;136;258.4;476;904.4;100-299;100-400
1276;Región Chorotega;4311;00227-2020;5-7-3;GUANACASTE;ABANGARES;507;SAN JUAN;ARIZONA;ASADA;Rural;;D;0;30;0;2;0;0;0;0;;2020-01-01;32;60.8;112;212.8;0-99;0-99
30;Región Metropolitana;2818;01008-2014;1-12-1;SAN JOSE;ACOSTA;112;SAN IGNACIO;AGUA BLANCA DE SAN IGNACIO DE ACOSTA, SAN JOSE ;ASADA;Rural;3-002-441602;D;130;0;0;0;0;0;0;0;;2018-12-19;130;247;455;864.5;100-299;100-400
30;Región Metropolitana;2820;01011-2014;1-12-1;SAN JOSE;ACOSTA;112;SAN IGNACIO;PUENTE Y TABLAZO DE SAN IGNACIO DE ACOSTA SAN JOSE ;ASADA;Rural;3-002-209529;C;0;284;0;0;0;0;0;0;1;2019-11-04;284;539.6;994;1888.6;100-299;100-400
30;Región Metropolitana;2821;01013-2014;1-12-2;SAN JOSE;ACOSTA;112;GUAITIL;OCOCA DE GUAITIL DE ACOSTA, SAN JOSE;ASADA;Rural;3-002-238251;C;1;289;0;0;0;0;0;0;;2021-05-11;290;551;1015;1928.5;100-299;100-400
30;Región Metropolitana;2822;01014-2014;1-12-2;SAN JOSE;ACOSTA;112;GUAITIL;BAJO CALVOS DE GUAITIL DE ACOSTA, SAN JOSE;CAAR;Rural;;D;54;0;0;0;0;0;0;0;;2018-12-19;54;102.6;189;359.1;0-99;0-99
30;Región Metropolitana;2823;01015-2014;1-12-2;SAN JOSE;ACOSTA;112;GUAITIL;BAJOS DE ARIAS, HONDANADA(LA CRUZ) DE GUATIL DE ACOSTA, SAN ;ASADA;Rural;3-002-196433;D;0;133;0;0;0;0;0;0;1;2018-12-19;133;252.7;465.5;884.45;100-299;100-400
30;Región Metropolitana;2824;01018-2014;1-12-2;SAN JOSE;ACOSTA;112;GUAITIL;BAJO DE TOLEDO(SANTA JUANA) DE GUAITIL DE ACOSTA, SAN JOSE;ASADA;Rural;3-002-585396;C;0;60;0;0;0;0;0;0;;2018-12-19;60;114;210;399;0-99;0-99
30;Región Metropolitana;2825;01019-2014;1-12-1;SAN JOSE;ACOSTA;112;SAN IGNACIO;BARRIO CORAZON DE JESUS DE PALMICHAL DE ACOSTA, SAN JOSE;ASADA;Urbana;3-002-221006;D;0;37;0;0;0;0;0;0;;2018-12-19;37;70.3;129.5;246.05;0-99;0-99
30;Región Metropolitana;2826;01020-2014;1-12-3;SAN JOSE;ACOSTA;112;PALMICHAL;PALMICHAL DE ACOSTA, SAN JOSE;ASADA;Rural;3-002-196684;C;1350;381;0;0;0;0;0;0;3;2018-12-19;1731;3288.9;6058.5;11511.15;800 a más;800 a más
30;Región Metropolitana;2827;01021-2014;1-12-3;SAN JOSE;ACOSTA;112;PALMICHAL;BAJO DE JORCO DE PALMICHAL DE ACOSTA, SAN JOSE;ASADA;Rural;3-002-298711;D;0;170;0;0;0;0;0;0;;2018-12-19;170;323;595;1130.5;100-299;100-400
30;Región Metropolitana;2828;01022-2014;1-12-3;SAN JOSE;ACOSTA;112;PALMICHAL;SEVILLA(CACAO) DE PALMICHAL DE ACOSTA, SAN JOSE;ASADA;Rural;3-002-651347;C;77;0;0;0;0;0;0;0;1;2018-12-19;77;146.3;269.5;512.05;0-99;0-99
30;Región Metropolitana;2829;01023-2014;1-12-4;SAN JOSE;ACOSTA;112;CANGREJAL;CEIBA ESTE DE CANGREJAL DE ACOSTA, SAN JOSE;ASADA;Rural;3-002-220424;C;0;234;0;0;0;0;0;0;;2018-12-19;234;444.6;819;1556.1;100-299;100-400
30;Región Metropolitana;2830;01025-2014;1-12-4;SAN JOSE;ACOSTA;112;CANGREJAL;ESCUADRA DE CANGREJAL DE ACOSTA, SAN JOSE ;ASADA;Rural;3-002-627064;D;58;48;0;0;0;0;0;0;;2018-12-19;106;201.4;371;704.9;100-299;100-400
30;Región Metropolitana;2831;01026-2014;1-12-4;SAN JOSE;ACOSTA;112;CANGREJAL;GRAVILIAS DE CANGREJAL DE ACOSTA, SAN JOSE ;ASADA;Rural;3-002-669278;D;54;25;0;0;0;0;0;0;;2018-12-19;79;150.1;276.5;525.35;0-99;0-99
30;Región Metropolitana;2832;01027-2014;1-12-4;SAN JOSE;ACOSTA;112;CANGREJAL;CANGREJAL DE ACOSTA, SAN JOSE;ASADA;Rural;3-002-602669;C;135;0;0;0;0;0;0;0;;2018-12-19;135;256.5;472.5;897.75;100-299;100-400
30;Región Metropolitana;2833;01028-2014;1-12-5;SAN JOSE;ACOSTA;112;SABANILLAS;BIJAGUAL DE SABANILLAS DE ACOSTA, SAN JOSE;ASADA;Rural;3-002-223591;D;0;227;0;0;0;0;0;0;;2020-07-09;227;431.3;794.5;1509.55;100-299;100-400
30;Región Metropolitana;2834;01029-2014;1-12-5;SAN JOSE;ACOSTA;112;SABANILLAS;SABANILLAS DE ACOSTA, SAN JOSE;ASADA;Rural;3-002-245081;D;0;419;0;0;0;0;0;0;;2018-12-19;419;796.1;1466.5;2786.35;300-799;401-799
30;Región Metropolitana;2835;01031-2014;1-12-5;SAN JOSE;ACOSTA;112;SABANILLAS;BAJO PLOMO DE SABANILLAS DE ACOSTA, SAN JOSE;ASADA;Rural;3-002-342234;D;40;0;0;0;0;0;0;0;;2018-12-19;40;76;140;266;0-99;0-99
30;Región Metropolitana;2836;01032-2015;1-12-5;SAN JOSE;ACOSTA;112;SABANILLAS;BREÑON(SAN MARTIN) DE SABANILLAS DE ACOSTA, SAN JOSE;CAAR;Rural;;D;15;0;0;0;0;0;0;0;;2018-12-19;15;28.5;52.5;99.75;0-99;0-99
30;Región Metropolitana;2838;01039-2014;1-12-5;SAN JOSE;ACOSTA;112;SABANILLAS;COLORADO DE SABANILLAS DE ACOSTA, SAN JOSE;CAAR;Rural;;D;15;0;0;0;0;0;0;0;;2018-12-19;15;28.5;52.5;99.75;0-99;0-99
30;Región Metropolitana;2911;04158-2014;1-12-1;SAN JOSE;ACOSTA;112;SAN IGNACIO;CHIRRACA DE SAN IGNACIO DE ACOSTA, SAN JOSE;ASADA;Rural;3-002-593569;D;0;160;0;0;0;0;0;0;1;2019-09-11;160;304;560;1064;100-299;100-400
30;Región Metropolitana;2952;04712-2014;1-12-1;SAN JOSE;ACOSTA;112;SAN IGNACIO;TABLAZO CENTRO DE SAN IGNACIO DE ACOSTA, SAN JOSE;ASADA;Rural;3-002-378082;C;240;75;0;0;0;0;0;0;2;2018-12-19;315;598.5;1102.5;2094.75;300-799;100-400
30;Región Metropolitana;2961;04745-2014;1-12-1;SAN JOSE;ACOSTA;112;SAN IGNACIO;LOS MONGES DE CHIRRACA DE ACOSTA, SAN JOSE;ASADA;Rural;3-002-307370;D;0;227;0;3;0;0;0;0;1;2021-05-11;230;437;805;1529.5;100-299;100-400
30;Región Metropolitana;2965;04779-2014;1-12-3;SAN JOSE;ACOSTA;112;PALMICHAL;LA RIBA DE CANOAS DE PALMICHAL DE ACOSTA, SAN JOSE;ASADA;Rural;3-002-651480;D;20;0;0;0;0;0;0;0;;2018-10-19;20;38;70;133;0-99;0-99
30;Región Metropolitana;3018;00982-2014;1-12-5;SAN JOSE;ACOSTA;112;SABANILLAS;CASPIROLA DE SABANILLAS DE ACOSTA, SAN JOSE;ASADA;Rural;3002631746;D;50;0;0;0;0;0;0;0;;2018-10-19;50;95;175;332.5;0-99;0-99
30;Región Metropolitana;3141;04810-2016;1-12-1;SAN JOSE;ACOSTA;112;SAN IGNACIO;BARRIO SAN VICENTE DE TABLAZO DE ACOSTA;ASADA;Rural;3002234561;D;;;;;;;;;;;;;;;800 a más;800 a más
30;Región Metropolitana;3156;04939-2017;1-12-4;SAN JOSE;ACOSTA;112;CANGREJAL;ASOCIACION DE ACUEDUCTO DE LA QUEBRADA DEL ROBLE DEL DISTRITO CUARTO DEL CANTON DE ACOSTA;ASADA;Rural;3002675007;B;0;163;0;0;0;0;0;0;;2019-03-06;163;309.7;570.5;1083.95;100-299;100-400
30;Región Metropolitana;4250;05115-2018;1-12-1;SAN JOSE;ACOSTA;112;SAN IGNACIO;COMITÉ ADMINISTRADOR DE ACUEDUCTO AGUA BLANCA SECTOR ESTE;CAAR;Rural;;D;92;0;0;0;0;0;0;0;;2018-10-19;92;174.8;322;611.8;0-99;0-99
30;Región Metropolitana;4268;05131-2018;1-12-5;SAN JOSE;ACOSTA;112;SABANILLAS;ASOCIACIÓN ADMINISTRADORA DEL ACUEDUCTO DE ZONCUANO DE ACOSTA;ASADA;Rural;3-002-654254;D;;;;;;;;;;;;;;;800 a más;800 a más
30;Región Metropolitana;4274;05137-2019;1-12-1;SAN JOSE;ACOSTA;112;SAN IGNACIO;ASOCIACIÓN ADMINISTRADORA DEL ACUEDUCTO COMUNAL BARRIO LA PADILLA, CHIRRACA;CAAR;Rural;;D;;;;;;;;;;;;;;;800 a más;800 a más
30;Región Metropolitana;4288;05151-2019;1-12-5;SAN JOSE;ACOSTA;112;SABANILLAS;LAS VEGAS;ASADA;Rural;;D;;;;;;;;;;;;;;;800 a más;800 a más
30;Región Metropolitana;4300;05163-2019;1-12-4;SAN JOSE;ACOSTA;112;CANGREJAL;LLANO EMBROCADO;CAAR;Rural;;D;;;;;;;;;;;;;;;800 a más;800 a más
30;Región Metropolitana;4301;05164-2019;1-12-2;SAN JOSE;ACOSTA;112;GUAITIL;ALTO LA VIGIA;ASADA;Rural;;D;;;;;;;;;;;;;;;800 a más;800 a más
30;Región Metropolitana;1565;01059-2014;2-1-1;ALAJUELA;ALAJUELA;201;ALAJUELA;RESIDENCIAL BARCELONA DE ALAJUELA;ASADA;Rural;3-002-199514;C;0;137;0;0;0;0;0;0;5;2018-12-19;137;260.3;479.5;911.05;100-299;100-400
30;Región Metropolitana;1566;01061-2014;2-1-2;ALAJUELA;ALAJUELA;201;SAN JOSE;URBANIZACION LISBOA DE ALAJUELA ;ASADA;Rural;3-002-354401;D;0;600;0;0;0;0;0;0;4;2018-12-19;600;1140;2100;3990;300-799;401-799
30;Región Metropolitana;1567;01066-2014;2-1-2;ALAJUELA;ALAJUELA;201;SAN JOSE;CARLOS LUIS FALLAS (CALUFA) DE SAN JOSE DE ALAJUELA;ASADA;Urbana;3-002-396159;C;0;82;0;0;0;0;0;0;1;2018-12-19;82;155.8;287;545.3;0-99;0-99
30;Región Metropolitana;1569;01069-2014;2-1-2;ALAJUELA;ALAJUELA;201;SAN JOSE;RESIDENCIAL PACTO DEL JOCOTE DE SAN JOSE, ALAJUELA;ASADA;Rural;3-002-289120;B;0;460;0;0;0;0;0;0;6;2018-12-19;460;874;1610;3059;300-799;401-799
30;Región Metropolitana;1571;01071-2014;2-1-3;ALAJUELA;ALAJUELA;201;CARRIZAL;CARRIZAL DE ALAJUELA;ASADA;Rural;3-002-246816;B;0;1383;0;50;0;0;0;19;13;2018-12-19;1452;2758.8;5082;9655.8;800 a más;800 a más
30;Región Metropolitana;1572;01072-2014;2-1-3;ALAJUELA;ALAJUELA;201;CARRIZAL;CINCO ESQUINAS DE CARRIZAL ALAJUELA;ASADA;Rural;3-002-188648;B;0;487;0;0;0;0;0;0;8;2018-12-19;487;925.3;1704.5;3238.55;300-799;401-799
30;Región Metropolitana;1573;01076-2014;2-1-12;ALAJUELA;ALAJUELA;201;TAMBOR;CACAO DE TAMBOR, ALAJUELA;CAAR;Rural;3002263243;D;0;200;0;0;0;0;0;0;;2018-12-19;200;380;700;1330;100-299;100-400
30;Región Metropolitana;1574;01081-2014;2-1-7;ALAJUELA;ALAJUELA;201;SABANILLA;SABANILLA DE ALAJUELA;ASADA;Rural;3-002-204547;B;0;1826;0;78;0;0;0;0;14;2018-12-19;1904;3617.6;6664;12661.6;800 a más;800 a más
30;Región Metropolitana;1575;01082-2014;2-1-7;ALAJUELA;ALAJUELA;201;SABANILLA;FRAIJANES DE SABANILLA, ALAJUELA;ASADA;Rural;3-002-207726;C;0;634;0;44;0;0;0;6;6;2018-12-19;684;1299.6;2394;4548.6;300-799;401-799
30;Región Metropolitana;1576;01083-2014;2-1-7;ALAJUELA;ALAJUELA;201;SABANILLA;POASITO DE SABANILLA, ALAJUELA;ASADA;Rural;3-002-591433;C;40;314;0;30;0;0;0;0;6;2018-12-19;384;729.6;1344;2553.6;300-799;100-400
30;Región Metropolitana;1578;01085-2014;2-1-8;ALAJUELA;ALAJUELA;201;SAN RAFAEL;RESIDENCIAL OCCIDENTE DE SAN RAFAEL, ALAJUELA;ASADA;Urbana;3-002-355989;C;176;0;0;0;0;0;0;0;3;2018-12-19;176;334.4;616;1170.4;100-299;100-400
30;Región Metropolitana;1579;01086-2014;2-1-8;ALAJUELA;ALAJUELA;201;SAN RAFAEL;EL PASO DE LAS GARZAS, SAN RAFAEL ALAJUELA, RESIDENCIAL  ;ASADA;Rural;3-002-351695;A;0;330;0;0;0;0;0;0;6;2018-12-19;330;627;1155;2194.5;300-799;100-400
30;Región Metropolitana;1581;01088-2014;2-1-8;ALAJUELA;ALAJUELA;201;SAN RAFAEL;SAN RAFAEL DE OJO DE AGUA ALAJUELA;ASADA;Rural;3-002-224008;A;1;4384;1;187;0;3;0;11;78;2018-12-19;4587;8715.3;16054.5;30503.55;800 a más;800 a más
30;Región Metropolitana;1582;01096-2014;2-1-10;ALAJUELA;ALAJUELA;201;DESAMPARADOS;TARGUACES DE DESAMPARADOS, ALAJUELA;ASADA;Rural;3-002-354073;C;56;138;0;2;0;0;0;0;4;2018-12-19;196;372.4;686;1303.4;100-299;100-400
30;Región Metropolitana;1583;01098-2014;2-1-10;ALAJUELA;ALAJUELA;201;DESAMPARADOS;BARRIO FATIMA DE DESAMPARADOS, ALAJUELA;ASADA;Rural;3-002-467714;D;0;143;0;0;0;0;0;0;1;2018-12-19;143;271.7;500.5;950.95;100-299;100-400
30;Región Metropolitana;1584;01099-2014;2-1-11;ALAJUELA;ALAJUELA;201;TURRUCARES;VILLACARES DE TURRUCARES, ALAJUELA;ASADA;Rural;3-002-602564;D;0;124;0;0;0;0;0;0;5;2018-12-19;124;235.6;434;824.6;100-299;100-400
30;Región Metropolitana;1585;01100-2014;2-1-13;ALAJUELA;ALAJUELA;201;LA GARITA;URBANIZACION LLANOS DE LA GARITA, ALAJUELA;ASADA;Rural;3-002-471936;D;0;68;0;0;0;0;0;0;1;2018-12-19;68;129.2;238;452.2;0-99;0-99
154;Región Huetar Norte;1586;01101-2014;2-1-14;ALAJUELA;ALAJUELA;201;SARAPIQUI;SAN MIGUEL DE SARAPIQUI, ALAJUELA;ASADA;Rural;3-002-313935;B;0;489;0;150;0;0;0;1;11;2018-12-19;640;1216;2240;4256;300-799;401-799
154;Región Huetar Norte;1587;01103-2014;2-1-14;ALAJUELA;ALAJUELA;201;SARAPIQUI;CARIBLANCO DE SAN MIGUEL DE SARAPIQUI, ALAJUELA;ASADA;Rural;3-002-411145;A;0;380;0;22;0;0;0;0;14;2018-12-19;402;763.8;1407;2673.3;300-799;401-799
154;Región Huetar Norte;1588;01104-2014;2-1-14;ALAJUELA;ALAJUELA;201;SARAPIQUI;CINCHONA DE SAN MIGUEL DE SARAPIQUI, ALAJUELA  ;ASADA;Rural;;B;4;0;0;0;0;0;0;0;;2018-12-19;4;7.6;14;26.6;0-99;0-99
30;Región Metropolitana;1801;04366-2014;2-1-10;ALAJUELA;ALAJUELA;201;DESAMPARADOS;ROSALES DE DESAMPARADOS, ALAJUELA;ASADA;Rural;3-002-214798;B;0;593;0;22;0;0;0;0;6;2018-12-19;615;1168.5;2152.5;4089.75;300-799;401-799
30;Región Metropolitana;1802;04373-2014;2-1-1;ALAJUELA;ALAJUELA;201;ALAJUELA;EL ARBOL Y LA GUARIA, ALAJUELA;ASADA;Urbana;3-002-378453;B;0;236;0;0;0;0;0;0;3;2018-12-19;236;448.4;826;1569.4;100-299;100-400
30;Región Metropolitana;1805;04379-2014;2-1-9;ALAJUELA;ALAJUELA;201;RIO SEGUNDO;VILLA NUEVA DE RIO SEGUNDO, ALAJUELA;ASADA;Rural;3-002-355379;C;0;197;0;1;0;0;0;0;3;2018-12-19;198;376.2;693;1316.7;100-299;100-400
30;Región Metropolitana;1811;04403-2014;2-1-13;ALAJUELA;ALAJUELA;201;LA GARITA;QUINTAS LOS  LLANOS DE LA GARITA, ALAJUELA;ASADA;Rural;3-002-322588;C;0;37;0;0;0;0;0;0;3;2018-12-19;37;70.3;129.5;246.05;0-99;0-99
30;Región Metropolitana;1838;04641-2014;2-1-2;ALAJUELA;ALAJUELA;201;SAN JOSE;URBANIZACION MIRASOL DE SAN JOSE, ALAJUELA;ASADA;Urbana;3-002-310539;C;0;193;0;1;0;0;0;0;5;2018-12-19;194;368.6;679;1290.1;100-299;100-400
30;Región Metropolitana;1839;04643-2014;2-1-10;ALAJUELA;ALAJUELA;201;DESAMPARADOS;URBANIZACION LA GUARIA DE DESAMPARADOS, ALAJUELA;ASADA;Urbana;3-002-682396;D;50;0;0;0;0;0;0;0;1;2018-12-19;50;95;175;332.5;0-99;0-99
30;Región Metropolitana;1866;04715-2014;2-1-6;ALAJUELA;ALAJUELA;201;SAN ISIDRO;SAN ISIDRO DE ALAJUELA;ASADA;Rural;3-002-235171;C;1;2149;0;0;0;0;0;0;21;2021-02-11;2150;4085;7525;14297.5;800 a más;800 a más
30;Región Metropolitana;1867;04721-2014;2-1-12;ALAJUELA;ALAJUELA;201;TAMBOR;COLINAS DEL VALLE DE TAMBOR, ALAJUELA;ASADA;Rural;3-002-597975;D;109;84;0;0;0;0;0;0;2;2018-12-19;193;366.7;675.5;1283.45;100-299;100-400
30;Región Metropolitana;1873;04751-2014;2-1-10;ALAJUELA;ALAJUELA;201;DESAMPARADOS;NUEVO VILLAS ALICANTE DE DESAMPARADOS, ALAJUELA;ASADA;Urbana;3-002-574835;C;105;67;0;3;0;0;0;0;4;2018-12-19;175;332.5;612.5;1163.75;100-299;100-400
154;Región Huetar Norte;1877;04755-2014;2-1-14;ALAJUELA;ALAJUELA;201;SARAPIQUI;COLONIA VIRGEN DEL SOCORRO DE SAN MIGUEL DE SARAPIQUI, ALAJU;ASADA;Rural;3-002-647937;D;30;0;14;0;0;0;0;0;;2018-12-19;44;83.6;154;292.6;0-99;0-99
30;Región Metropolitana;1878;04756-2014;2-1-10;ALAJUELA;ALAJUELA;201;DESAMPARADOS;BABILONIA DE DESAMPARADOS, ALAJUELA;ASADA;Rural;3-002-306669;B;0;140;0;2;0;0;0;0;2;2018-12-19;142;269.8;497;944.3;100-299;100-400
30;Región Metropolitana;1884;04789-2014;2-1-6;ALAJUELA;ALAJUELA;201;SAN ISIDRO;DULCE NOMBRE DE SAN ISIDRO DE ALAJUELA;ASADA;Urbana;3-002-289759;C;0;439;0;4;0;0;0;0;9;2018-12-19;443;841.7;1550.5;2945.95;300-799;401-799
30;Región Metropolitana;3031;04642-2014;2-1-5;ALAJUELA;ALAJUELA;201;GUACIMA;RESIDENCIAL AMARANTA DE LA GUACIMA, ALAJUELA;ASADA;Urbana;3-002-432480;D;82;0;0;0;0;0;0;0;1;2018-12-19;82;155.8;287;545.3;0-99;0-99
30;Región Metropolitana;3155;04938-2017;2-1-4;ALAJUELA;ALAJUELA;201;SAN ANTONIO;ASOCIACION ADMINISTRADORA DEL ACUEDUCTO Y ALCANTARILLADO SANITARIO URBANIZACION LUZ DEL SOL.;ASADA;Rural;3-002-270750;D;;;;;;;;;;;;;;;800 a más;800 a más
30;Región Metropolitana;3159;04942-2017;2-1-8;ALAJUELA;ALAJUELA;201;SAN RAFAEL;ASOCIACION DE ACUEDUCTOS RESIDENCIAL LA PAZ.;ASADA;Rural;3-002-319729;D;0;278;0;0;0;0;0;0;2;2020-08-31;278;528.2;973;1848.7;100-299;100-400
30;Región Metropolitana;4222;05040-2017;2-1-1;ALAJUELA;ALAJUELA;201;ALAJUELA;LLANOS DEL MOLINO;ASADA;Urbana;3-002-59271900;D;;;;;;;;;;;;;;;800 a más;800 a más
30;Región Metropolitana;4227;05045-2018;2-1-8;ALAJUELA;ALAJUELA;201;SAN RAFAEL;ASOCIACIÓN PRO MEJORA MARÍA AUXILIADORA;ASOCIACION;Urbana;3-002-246076;D;0;127;0;0;0;0;0;0;;2018-12-19;127;241.3;444.5;844.55;100-299;100-400
30;Región Metropolitana;4229;05047-2018;2-1-8;ALAJUELA;ALAJUELA;201;SAN RAFAEL;URBANIZACIÓN LA MELISSA;ASADA;Urbana;3-002-519638;B;0;236;0;0;0;0;0;0;5;2018-12-19;236;448.4;826;1569.4;100-299;100-400
30;Región Metropolitana;4230;05048-2018;2-1-8;ALAJUELA;ALAJUELA;201;SAN RAFAEL;ASOCIACIÓN ADMINISTRADORA DE ACUEDUCTO Y ALCANTARILLADOS RESIDENCIAL LAS ABRAS;ASADA;Rural;3-002-313271;D;0;130;0;0;0;0;0;0;3;2018-12-19;130;247;455;864.5;100-299;100-400
30;Región Metropolitana;4249;05114-2018;2-1-10;ALAJUELA;ALAJUELA;201;DESAMPARADOS;CALLE ROSALES DE DESAMPARADOS;ASADA;Rural;3-002-677081;D;118;0;2;0;0;0;0;0;;2018-12-13;120;228;420;798;100-299;100-400
34;Región Central Este;1995;04254-2014;3-6-1;CARTAGO;ALVARADO;306;PACAYAS;SAN RAFAEL DE IRAZU DE PACAYAS DE ALVARADO, CARTAGO;ASADA;Rural;3-002-335693;D;0;54;0;148;0;0;0;0;;2020-03-19;202;383.8;707;1343.3;100-299;100-400
34;Región Central Este;2010;04613-2014;3-6-1;CARTAGO;ALVARADO;306;PACAYAS;BUENA VISTA DE PACAYAS DE ALVARADO, CARTAGO;ASADA;Rural;3-002-386505;C;53;0;10;0;0;0;0;0;;2018-12-19;63;119.7;220.5;418.95;0-99;0-99
34;Región Central Este;2020;04759-2014;3-6-1;CARTAGO;ALVARADO;306;PACAYAS;NORTE DE PACAYAS DE ALVARADO, CARTAGO;ASADA;Rural;3-002-622636;D;0;54;0;7;0;0;0;0;;2018-12-19;61;115.9;213.5;405.65;0-99;0-99
30;Región Metropolitana;2755;00883-2014;1-6-1;SAN JOSE;ASERRI;106;ASERRI;BARRIO MERCEDES DE ASERRI, SAN JOSE;ASADA;Rural;3-002-211300;B;0;489;0;0;0;0;0;0;7;2018-12-19;489;929.1;1711.5;3251.85;300-799;401-799
30;Región Metropolitana;2756;00884-2014;1-6-1;SAN JOSE;ASERRI;106;ASERRI;URBANIZACION LA PIEDRA, ASERRI SAN JOSE;ASADA;Rural;3-002-260819;D;0;60;0;0;0;0;0;0;;2019-06-28;60;114;210;399;0-99;0-99
30;Región Metropolitana;2757;00885-2014;1-6-1;SAN JOSE;ASERRI;106;ASERRI;POAS Y BARRIO CORAZON DE JESUS DE ASERRI ;ASADA;Rural;3-002-207697;B;0;3000;0;0;0;0;0;0;13;2018-12-19;3000;5700;10500;19950;800 a más;800 a más
30;Región Metropolitana;2758;00890-2014;1-6-2;SAN JOSE;ASERRI;106;TARBACA;LOS MONGE, ALTO POTRERO, LOS CASTILLO DEL CEDRAL CENTRO DE ASERRI;ASADA;Rural;3-002-663387;D;140;0;0;0;0;0;0;0;;2018-12-19;140;266;490;931;100-299;100-400
30;Región Metropolitana;2759;00891-2014;1-6-2;SAN JOSE;ASERRI;106;TARBACA;TARBACA DE ASERRI, SAN JOSE;ASADA;Rural;3-002-196408;C;0;597;0;0;0;0;0;0;7;2018-12-19;597;1134.3;2089.5;3970.05;300-799;401-799
30;Región Metropolitana;2760;00893-2014;1-6-2;SAN JOSE;ASERRI;106;TARBACA;BAJOS PRAGA(SAN RAFAEL) DE TARBACA DE ASERRI, SAN JOSE;ASADA;Rural;3-002-313875;D;0;90;0;0;0;0;0;0;1;2018-12-19;90;171;315;598.5;0-99;0-99
30;Región Metropolitana;2761;00894-2014;1-6-3;SAN JOSE;ASERRI;106;VUELTA DE JORCO;LOS MANGOS VUELTA DE JORCO, ASERRI ;ASADA;Rural;3-002-214027;D;0;210;0;0;0;0;0;0;3;2018-12-19;210;399;735;1396.5;100-299;100-400
30;Región Metropolitana;2762;00895-2014;1-6-3;SAN JOSE;ASERRI;106;VUELTA DE JORCO;LA URUCA DE VUELTA DE JORCO DE ASERRI, SAN JOSE;ASADA;Rural;3-002-204761;D;138;0;0;0;0;0;0;0;;2018-12-19;138;262.2;483;917.7;100-299;100-400
30;Región Metropolitana;2763;00896-2014;1-6-3;SAN JOSE;ASERRI;106;VUELTA DE JORCO;MONTE REDONDO DE VUELTA DE JORCO ASERRI, SAN JOSE;ASADA;Rural;3-002-238408;B;0;326;0;0;0;0;0;0;;2018-12-19;326;619.4;1141;2167.9;300-799;100-400
30;Región Metropolitana;2764;00897-2014;1-6-3;SAN JOSE;ASERRI;106;VUELTA DE JORCO;JOCOTAL ABAJO DE VUELTA DE JORCO DE ASERRI, SAN JOSE;ASOCIACION;Rural;3-002-404248;D;27;0;0;0;0;0;0;0;;2018-12-19;27;51.3;94.5;179.55;0-99;0-99
30;Región Metropolitana;2765;00898-2014;1-6-3;SAN JOSE;ASERRI;106;VUELTA DE JORCO;LOS ANGELES DE VUELTA DE JORCO, ASERRI SAN JOSE;ASADA;Rural;3002213971;D;0;0;0;0;0;0;0;0;;2018-12-19;0;0;0;0;0-99;0-99
30;Región Metropolitana;2767;00900-2014;1-6-3;SAN JOSE;ASERRI;106;VUELTA DE JORCO;SANTA MARTA DE VUELTA DE JORCO, ASERRI SAN JOSE;ASADA;Rural;3-002-680957;D;23;0;0;0;0;0;0;0;;2018-12-19;23;43.7;80.5;152.95;0-99;0-99
30;Región Metropolitana;2768;00902-2014;1-6-4;SAN JOSE;ASERRI;106;SAN GABRIEL;SAN GABRIEL DE ASERRI, SAN JOSE;ASADA;Rural;3-002-317684;C;0;2066;0;0;0;0;0;0;13;2020-07-01;2066;3925.4;7231;13738.9;800 a más;800 a más
30;Región Metropolitana;2769;00903-2014;1-6-4;SAN JOSE;ASERRI;106;SAN GABRIEL;LIMONAL DE SAN GABRIEL DE ASERRI, SAN JOSE;CAAR;Rural;;D;35;0;0;0;0;0;0;0;;2018-12-19;35;66.5;122.5;232.75;0-99;0-99
30;Región Metropolitana;2771;00907-2014;1-6-4;SAN JOSE;ASERRI;106;SAN GABRIEL;VILLA NUEVA DE SAN GABRIEL DE ASERRI, SAN JOSE;ASADA;Rural;3-002-336450;D;75;0;0;0;0;0;0;0;;2018-12-19;75;142.5;262.5;498.75;0-99;0-99
30;Región Metropolitana;2772;00908-2014;1-6-5;SAN JOSE;ASERRI;106;LEGUA;LA LEGUA DE ASERRI, SAN JOSE;ASADA;Rural;3-002-229309;C;0;225;0;0;0;0;0;0;1;2020-05-04;225;427.5;787.5;1496.25;100-299;100-400
30;Región Metropolitana;2773;00909-2014;1-6-5;SAN JOSE;ASERRI;106;LEGUA;CARMEN DE LA LEGUA DE ASERRI, SAN JOSE;ASADA;Rural;3-002-226724;D;52;0;0;0;0;0;0;0;;2018-12-19;52;98.8;182;345.8;0-99;0-99
30;Región Metropolitana;2774;00910-2014;1-6-6;SAN JOSE;ASERRI;106;MONTERREY;MONTERREY DE LA LEGUA DE ASERRI, SAN JOSE;ASADA;Rural;3-002-259309;D;130;0;0;0;0;0;0;0;1;2018-12-19;130;247;455;864.5;100-299;100-400
30;Región Metropolitana;2775;00912-2014;1-6-7;SAN JOSE;ASERRI;106;SALITRILLOS;LAGUNILLAS Y BARRIO SALITRILLOS DE ASERRI, SAN JOSE;ASADA;Rural;3-002-414087;C;0;65;0;0;0;0;0;0;;2018-12-19;65;123.5;227.5;432.25;0-99;0-99
30;Región Metropolitana;2910;04151-2014;1-6-2;SAN JOSE;ASERRI;106;TARBACA;EL TIGRE DE TARBACA DE ASERRI, SAN JOSE;ASADA;Rural;3002210524;D;0;120;0;0;0;0;0;0;;2018-12-19;120;228;420;798;100-299;100-400
30;Región Metropolitana;2943;04621-2014;1-6-4;SAN JOSE;ASERRI;106;SAN GABRIEL;CALLE LA PLAZA DE SAN GABRIEL DE ASERRI, SAN JOSE;ASADA;Rural;3-002-564530;D;0;80;0;0;0;0;0;0;;2018-12-19;80;152;280;532;0-99;0-99
30;Región Metropolitana;2950;04678-2014;1-6-3;SAN JOSE;ASERRI;106;VUELTA DE JORCO;LA LEGUA Y LOS NARANJOS DE ASERRI, SAN JOSE;ASADA;Rural;3-002-557803;C;1;135;0;0;0;0;0;0;;2021-04-05;136;258.4;476;904.4;100-299;100-400
30;Región Metropolitana;2963;04762-2014;1-6-3;SAN JOSE;ASERRI;106;VUELTA DE JORCO;VUELTA DE JORCO DE ASERRI, SAN JOSE;ASADA;Rural;3-002-213971;C;0;1196;0;0;0;0;0;0;5;2018-12-19;1196;2272.4;4186;7953.4;800 a más;800 a más
30;Región Metropolitana;2964;04773-2014;1-6-3;SAN JOSE;ASERRI;106;VUELTA DE JORCO;JOCOTAL DE VUELTA DE JORCO DE ASERRI, SAN JOSE;ASADA;Rural;;D;;;;;;;;;;;;;;;800 a más;800 a más
30;Región Metropolitana;3154;04937-2017;1-6-4;SAN JOSE;ASERRI;106;SAN GABRIEL;ASOCIACION ACUEDUCTO RURAL DE SALITRAL.;ASADA;Rural;3-002-726693;D;0;155;0;0;0;0;0;0;;2018-12-19;155;294.5;542.5;1030.75;100-299;100-400
30;Región Metropolitana;4302;05165-2019;1-6-4;SAN JOSE;ASERRI;106;SAN GABRIEL;CALLE OROZCO;CAAR;Rural;;D;;;;;;;;;;;;;;;800 a más;800 a más
30;Región Metropolitana;4303;05166-2019;1-6-4;SAN JOSE;ASERRI;106;SAN GABRIEL;LA TRINIDAD;CAAR;Rural;;D;;;;;;;;;;;;;;;800 a más;800 a más
30;Región Metropolitana;4304;05167-2019;1-6-5;SAN JOSE;ASERRI;106;LEGUA;BIJAGUAL;CAAR;Rural;;D;;;;;;;;;;;;;;;800 a más;800 a más
30;Región Metropolitana;1604;01139-2014;2-5-2;ALAJUELA;ATENAS;205;JESUS;BARRIO JESUS DE ATENAS, ALAJUELA;ASADA;Periurbana;3-002-194432;B;0;532;0;6;0;0;0;0;6;2018-12-19;538;1022.2;1883;3577.7;300-799;401-799
30;Región Metropolitana;1605;01142-2014;2-5-3;ALAJUELA;ATENAS;205;MERCEDES;PLANCILLO DE MERCEDES DE ATENAS, ALAJUELA;ASADA;Urbana;3-002-208254;C;0;379;0;4;0;0;0;0;15;2018-12-19;383;727.7;1340.5;2546.95;300-799;100-400
30;Región Metropolitana;1606;01144-2014;2-5-4;ALAJUELA;ATENAS;205;SAN ISIDRO;RINCON ALTOS NARANJO DE SAN ISIDRO DE ATENAS, ALAJUELA;ASADA;Urbana;3-002-340662;D;0;161;0;0;0;0;0;0;1;2018-12-19;161;305.9;563.5;1070.65;100-299;100-400
30;Región Metropolitana;1607;01145-2014;2-5-4;ALAJUELA;ATENAS;205;SAN ISIDRO;MORAZAN DE SAN ISIDRO DE ATENAS, ALAJULEA;ASADA;Rural;3-002-213678;B;365;0;20;0;0;0;0;0;2;2021-05-11;385;731.5;1347.5;2560.25;300-799;100-400
30;Región Metropolitana;1608;01146-2014;2-5-5;ALAJUELA;ATENAS;205;CONCEPCION;BALSA DE CONCEPCION DE ATENAS, ALAJUELA;ASADA;Rural;3-002-288889;C;0;173;0;0;0;0;0;0;2;2018-12-19;173;328.7;605.5;1150.45;100-299;100-400
30;Región Metropolitana;1609;01148-2014;2-5-6;ALAJUELA;ATENAS;205;SAN JOSE;BARRIO SAN JOSE NORTE Y SUR DE ATENAS, ALAJUELA ;ASADA;Rural;3-002-334753;B;0;561;0;22;0;0;0;0;;2018-12-19;583;1107.7;2040.5;3876.95;300-799;401-799
30;Región Metropolitana;1610;01150-2014;2-5-8;ALAJUELA;ATENAS;205;ESCOBAL;GUACIMO DE VILLA ESCOBAL DE ATENAS, ALAJUELA;ASADA;Rural;3-002-479110;C;0;54;0;0;0;0;0;0;1;2019-10-29;54;102.6;189;359.1;0-99;0-99
30;Región Metropolitana;1780;04195-2014;2-5-2;ALAJUELA;ATENAS;205;JESUS;ALTO DEL MONTE DE JESUS DE ATENAS, ALAJUELA;ASADA;Rural;3-002-317613;C;0;70;0;4;0;0;0;0;1;2018-12-19;74;140.6;259;492.1;0-99;0-99
30;Región Metropolitana;1781;04196-2014;2-5-2;ALAJUELA;ATENAS;205;JESUS;ESTANQUILLO(SAN ANTONIO) DE JESUS DE ATENAS, ALAJUELA;ASADA;Rural;3-002-534770;C;0;161;0;5;0;0;0;0;1;2018-12-19;166;315.4;581;1103.9;100-299;100-400
30;Región Metropolitana;1782;04198-2014;2-5-4;ALAJUELA;ATENAS;205;SAN ISIDRO;ALTOS DE NARANJO DE SAN ISIDRO DE ATENAS, ALAJUELA;ASADA;Urbana;3-002-335240;C;0;201;0;0;0;0;0;0;1;2018-12-19;201;381.9;703.5;1336.65;100-299;100-400
30;Región Metropolitana;1808;04387-2014;2-5-3;ALAJUELA;ATENAS;205;MERCEDES;SAN ISIDRO Y BARRIO MERCEDES DE ATENAS, ALAJUELA;ASADA;Urbana;3-002-248741;B;0;330;0;15;0;0;0;0;13;2018-12-19;345;655.5;1207.5;2294.25;300-799;100-400
30;Región Metropolitana;1851;04671-2014;2-5-8;ALAJUELA;ATENAS;205;ESCOBAL;ESCOBAL DE ATENAS, ALAJUELA;ASADA;Rural;3-002-561027;B;0;306;0;4;0;0;0;0;1;2018-12-19;310;589;1085;2061.5;300-799;100-400
30;Región Metropolitana;1864;04701-2014;2-5-8;ALAJUELA;ATENAS;205;ESCOBAL;PICAFLORA DE ATENAS, ALAJUELA;ASADA;Rural;3-002-545515;C;0;21;0;0;0;0;0;0;;2018-12-19;21;39.9;73.5;139.65;0-99;0-99
30;Región Metropolitana;1871;04748-2014;2-5-1;ALAJUELA;ATENAS;205;ATENAS;EL SANTUARIO DE ATENAS, ALAJUELA;ASADA;Rural;3-002-610903;D;0;16;0;0;0;0;0;0;;2018-12-19;16;30.4;56;106.4;0-99;0-99
30;Región Metropolitana;1872;04749-2014;2-5-1;ALAJUELA;ATENAS;205;ATENAS;VISTA DE ATENAS, ALAJUELA;ASADA;Urbana;3-002-641663;C;0;72;0;0;0;0;0;0;2;2018-12-19;72;136.8;252;478.8;0-99;0-99
1276;Región Chorotega;2132;00155-2014;5-4-1;GUANACASTE;BAGACES;504;BAGACES;SALTO DE BAGACES, GUANACASTE;ASADA;Rural;3-002-219478;D;1;589;0;0;0;0;0;0;2;2021-05-05;590;1121;2065;3923.5;300-799;401-799
1276;Región Chorotega;2133;00156-2014;5-4-1;GUANACASTE;BAGACES;504;BAGACES;LLANOS DE CORTES DE BAGACES GUANACASTE;ASADA;Rural;3-002-582555;D;0;139;0;0;0;0;0;0;;2018-12-19;139;264.1;486.5;924.35;100-299;100-400
1276;Región Chorotega;2134;00157-2014;5-4-1;GUANACASTE;BAGACES;504;BAGACES;MONTANO COFRADIA DE BAGACES GUANACASTE;ASADA;Rural;3-002-326503;D;0;130;0;0;0;0;0;0;;2020-09-10;130;247;455;864.5;100-299;100-400
1276;Región Chorotega;2135;00160-2014;5-4-1;GUANACASTE;BAGACES;504;BAGACES;PIJIJE DE BAGACES, GUANACASTE;ASADA;Rural;3-002-356520;C;0;286;0;6;0;0;0;0;1;2018-12-19;292;554.8;1022;1941.8;100-299;100-400
1276;Región Chorotega;2137;00164-2014;5-4-2;GUANACASTE;BAGACES;504;LA FORTUNA;CUIPILAPA DE LA FORTUNA DE BAGACES GUANACASTE;ASADA;Rural;3-002-654052;D;21;0;0;0;0;0;0;0;;2018-12-19;21;39.9;73.5;139.65;0-99;0-99
1276;Región Chorotega;2138;00165-2014;5-4-2;GUANACASTE;BAGACES;504;LA FORTUNA;LA FORTUNA DE BAGACES (JHON F. GUERRE) GUANACASTE;ASADA;Rural;3-002-210632;C;0;751;0;32;0;0;0;0;9;2018-12-19;783;1487.7;2740.5;5206.95;300-799;401-799
1276;Región Chorotega;2139;00166-2014;5-4-2;GUANACASTE;BAGACES;504;LA FORTUNA;RIO CHIQUITO DE LA FORTUNA DE BAGACES, GUANACASTE;ASADA;Rural;3-002-315674;C;62;0;0;0;0;0;0;0;;2018-12-19;62;117.8;217;412.3;0-99;0-99
1276;Región Chorotega;2140;00168-2014;5-4-2;GUANACASTE;BAGACES;504;LA FORTUNA;SAN BERNARDO DE LA FORTUNA DE BAGACES GUANACASTE;ASADA;Rural;3-002-387151;C;10;258;0;0;0;0;0;0;1;2020-07-22;268;509.2;938;1782.2;100-299;100-400
1276;Región Chorotega;2141;00169-2014;5-4-3;GUANACASTE;BAGACES;504;MOGOTE;GUAYABO DE MOGOTE DE BAGACES, GUANACASTE;ASADA;Rural;3-002-222664;C;0;1542;0;0;0;0;0;0;;2020-04-23;1542;2929.8;5397;10254.3;800 a más;800 a más
1276;Región Chorotega;2142;00170-2014;5-4-3;GUANACASTE;BAGACES;504;MOGOTE;LIMONAL DE MOGOTE DE BAGACES GUANACASTE;ASADA;Rural;3-002-554488;D;0;15;0;0;0;0;0;0;;2018-12-19;15;28.5;52.5;99.75;0-99;0-99
1276;Región Chorotega;2143;00172-2014;5-4-3;GUANACASTE;BAGACES;504;MOGOTE;RINCON LA CRUZ DE MOGOTE DE BAGACES, GUANACASTE;CAAR;Rural;;D;0;0;0;0;0;0;0;0;;2018-12-19;0;0;0;0;0-99;0-99
1276;Región Chorotega;2144;00173-2014;5-4-3;GUANACASTE;BAGACES;504;MOGOTE;ASOCIACIÓN ADMINISTRADORA DEL ACUEDUCTO Y ALCANTARILLADO SANITARIO DE SAN PEDRO DE GUAYABO BAGACES;ASADA;Rural;3-002-569428;D;0;31;0;0;0;0;0;1;;2018-12-19;32;60.8;112;212.8;0-99;0-99
1276;Región Chorotega;2145;00174-2014;5-4-3;GUANACASTE;BAGACES;504;MOGOTE;SAN ISIDRO DE MOGOTE DE BAGACES GUANACASTE;CAAR;Rural;;D;54;0;0;0;0;0;0;0;;2018-12-19;54;102.6;189;359.1;0-99;0-99
1276;Región Chorotega;2146;00175-2014;5-4-3;GUANACASTE;BAGACES;504;MOGOTE;SAN RAMON Y PLAYITAS DE MOGOTE DE BAGACES, GUANACASTE;ASADA;Rural;3-002-620756;D;1;51;0;0;0;0;0;0;;2018-12-19;52;98.8;182;345.8;0-99;0-99
1276;Región Chorotega;2147;00177-2014;5-4-3;GUANACASTE;BAGACES;504;MOGOTE;SAN JORGE DE MOGOTE DE BAGACES, GUANACASTE;ASADA;Rural;3002395381;D;30;0;0;0;0;0;0;0;;2018-12-19;30;57;105;199.5;0-99;0-99
1276;Región Chorotega;2975;00167-2014;5-4-4;GUANACASTE;BAGACES;504;RIO NARANJO;RIO NARANJO DE BAGACES, GUANACASTE;ASADA;Rural;3-002-754449;D;0;0;0;0;0;0;0;0;;2018-12-19;0;0;0;0;0-99;0-99
30;Región Metropolitana;2321;00002-2014;4-2-3;HEREDIA;BARVA;402;SAN PABLO;MONTE CARLO Y SANTA PAULA DE SAN PABLO DE BARVA, HEREDIA;ASADA;Urbana;3-002-337178;B;0;140;0;0;0;0;0;0;6;2018-12-19;140;266;490;931;100-299;100-400
30;Región Metropolitana;2322;00486-2014;4-2-4;HEREDIA;BARVA;402;SAN ROQUE;RESIDENCIAL PUENTE DE PIEDRA DE SAN ROQUE DE BARVA, HEREDIA;ASADA;Rural;3-002-484580;B;0;150;0;0;0;0;0;0;8;2018-12-19;150;285;525;997.5;100-299;100-400
30;Región Metropolitana;2326;00947-2014;4-2-2;HEREDIA;BARVA;402;SAN PEDRO;SAN PEDRO DE BARVA, HEREDIA;ASADA;Rural;3-002-216606;A;1728;0;0;0;0;0;0;0;34;2018-12-19;1728;3283.2;6048;11491.2;800 a más;800 a más
30;Región Metropolitana;2327;00948-2014;4-2-2;HEREDIA;BARVA;402;SAN PEDRO;PUENTE DE SALAS DE SAN PEDRO DE BARVA, HEREDIA;ASADA;Rural;3-002-257513;B;0;1108;0;0;0;0;0;0;15;2018-12-19;1108;2105.2;3878;7368.2;800 a más;800 a más
30;Región Metropolitana;2328;00951-2014;4-2-4;HEREDIA;BARVA;402;SAN ROQUE;RESIDENCIAL EL PORTICO DE SAN ROQUE DE BARVA, HEREDIA;ASADA;Urbana;3-002-308084;D;0;220;0;0;0;0;0;0;9;2018-12-19;220;418;770;1463;100-299;100-400
30;Región Metropolitana;2329;00953-2014;4-2-6;HEREDIA;BARVA;402;SAN JOSE DE LA MONTANA;PORROSATI PASO LLANO SAN JOSE DE LA MONTAÑA BARVA HEREDIA;ASADA;Urbana;3-002-235924;B;0;195;0;0;0;0;0;0;5;2018-12-19;195;370.5;682.5;1296.75;100-299;100-400
30;Región Metropolitana;2330;00956-2014;4-2-6;HEREDIA;BARVA;402;SAN JOSE DE LA MONTANA;EL CIPRESAL SAN JOSE DE LA MONTAÑA, BARVA DE HEREDIA;ASADA;Rural;3-002-198310;D;0;120;0;0;0;0;0;0;5;2018-12-19;120;228;420;798;100-299;100-400
30;Región Metropolitana;2331;00957-2014;4-2-6;HEREDIA;BARVA;402;SAN JOSE DE LA MONTANA;SAN JOSE DE LA MONTAÑA DE BARVA HEREDIA ;ASADA;Rural;3-002-162112;A;0;1257;0;0;0;0;0;0;17;2018-12-19;1257;2388.3;4399.5;8359.05;800 a más;800 a más
30;Región Metropolitana;4296;05159-2019;4-2-2;HEREDIA;BARVA;402;SAN PEDRO;VISTA LLANA;ASADA;Rural;;D;;;;;;;;;;;;;;;800 a más;800 a más
30;Región Metropolitana;4291;05154-2019;4-7-1;HEREDIA;BELEN;407;SAN ANTONIO;SAN VICENTE;ASADA;Rural;;D;;;;;;;;;;;;;;;800 a más;800 a más
1277;Región Brunca;2541;00430-2014;6-3-1;PUNTARENAS;BUENOS AIRES;603;BUENOS AIRES;SANTA EDUVIGES DE POTRERO GRANDE DE BUENOS AIRES, PUNTARENAS;ASADA;Rural;3-002-220992;B;0;251;0;4;0;0;0;0;;2018-12-19;255;484.5;892.5;1695.75;100-299;100-400
1277;Región Brunca;2543;00446-2014;6-3-4;PUNTARENAS;BUENOS AIRES;603;BORUCA;SANTA TERESITA DE PILAS DE BUENOS AIRES, PUNTARENAS;ASADA;Rural Indígena;3-002-219652;D;40;0;0;0;0;0;0;0;;2018-12-19;40;76;140;266;0-99;0-99
1277;Región Brunca;2544;00457-2014;6-3-7;PUNTARENAS;BUENOS AIRES;603;CHANGUENA;QUEBRADA BONITA DE CHANGUENA DE BUENOS AIRES, PUNTARENAS ;ASADA;Rural;3-002-242840;D;0;93;0;0;0;0;0;0;;2018-12-19;93;176.7;325.5;618.45;0-99;0-99
1277;Región Brunca;2599;01711-2014;6-3-6;PUNTARENAS;BUENOS AIRES;603;COLINAS O BAJO DE MAIZ;MIRAVALLES Y BORUCA DE COLINAS DE BUENOS AIRES, PUNTARENAS;ASOCIACION DE DESARROLLO INDIGENA;Rural;;D;110;0;0;0;0;0;0;0;;2018-12-19;110;209;385;731.5;100-299;100-400
1277;Región Brunca;2600;01723-2014;6-3-1;PUNTARENAS;BUENOS AIRES;603;BUENOS AIRES;SALITRE DE BUENOS AIRES, PUNTARENAS;ASOCIACION DE DESARROLLO INDIGENA;Rural Indígena;3-002-061740;D;0;108;0;0;0;0;0;0;;2018-12-19;108;205.2;378;718.2;100-299;100-400
1277;Región Brunca;2601;01724-2014;6-3-1;PUNTARENAS;BUENOS AIRES;603;BUENOS AIRES;BOLAS DE BUENOS AIRES, PUNTARENAS;ASADA;Rural Indígena;3-002-239330;D;0;140;0;0;0;0;0;0;;2018-12-19;140;266;490;931;100-299;100-400
1277;Región Brunca;2617;01769-2014;6-3-2;PUNTARENAS;BUENOS AIRES;603;VOLCAN;VOLCAN DE BUENOS AIRES, PUNTARENAS;ASADA;Rural;3-002-224501;B;5;909;0;99;0;0;0;0;13;2018-12-19;1013;1924.7;3545.5;6736.45;800 a más;800 a más
1277;Región Brunca;2620;01792-2014;6-3-3;PUNTARENAS;BUENOS AIRES;603;POTRERO GRANDE;POTRERO GRANDE DE BUENOS AIRES, PUNTARENAS ;ASADA;Rural;3-002-670470;C;0;566;0;16;0;0;0;0;5;2018-12-19;582;1105.8;2037;3870.3;300-799;401-799
1277;Región Brunca;2621;01797-2014;6-3-7;PUNTARENAS;BUENOS AIRES;603;CHANGUENA;SANTA LUCIA Y CHANGUENA DE BUENOS AIRES, PUNTARENAS;ASADA;Rural;3-002-215061;D;0;268;0;4;0;0;0;0;;2018-12-19;272;516.8;952;1808.8;100-299;100-400
1277;Región Brunca;2623;01803-2014;6-3-3;PUNTARENAS;BUENOS AIRES;603;POTRERO GRANDE;LUCHA DE POTRERO GRANDE DE BUENOS AIRES, PUNTARENAS;ASADA;Rural;3-002-245790;D;0;232;0;0;0;0;0;0;;2018-12-19;232;440.8;812;1542.8;100-299;100-400
1277;Región Brunca;2624;01804-2014;6-3-4;PUNTARENAS;BUENOS AIRES;603;BORUCA;REY CURRE DE BORUCA DE BUENOS AIRES, PUNTARENAS;ASOCIACION DE DESARROLLO INDIGENA;Rural Indígena;;D;0;182;0;0;0;0;0;0;;2018-12-19;182;345.8;637;1210.3;100-299;100-400
1277;Región Brunca;2625;01805-2014;6-3-3;PUNTARENAS;BUENOS AIRES;603;POTRERO GRANDE;LA CLAVERA DE POTRERO GRANDE DE BUENOS AIRES, PUNTARENAS;CAAR;Rural;;D;30;0;0;0;0;0;0;0;;2018-12-19;30;57;105;199.5;0-99;0-99
1277;Región Brunca;2626;01808-2014;6-3-3;PUNTARENAS;BUENOS AIRES;603;POTRERO GRANDE;LAS VUELTAS, BOCA LIMÓN Y GUÁCIMO DE POTRERO GRANDE DE BUENO;ASADA;Rural;3-002-209201;C;0;168;0;2;0;0;0;0;;2018-12-19;170;323;595;1130.5;100-299;100-400
1277;Región Brunca;2629;01829-2014;6-3-8;PUNTARENAS;BUENOS AIRES;603;BIOLLEY;LA PUNA Y SAN LUIS DE BIOLLEY DE BUENOS AIRES, PUNTARENAS;ASADA;Rural;3-002-222340;D;0;97;0;4;0;0;0;0;2;2018-12-19;101;191.9;353.5;671.65;100-299;100-400
1277;Región Brunca;2631;01856-2014;6-3-1;PUNTARENAS;BUENOS AIRES;603;BUENOS AIRES;UJARRAS DE BUENOS AIRES, PUNTARENAS;ASOCIACION DE DESARROLLO INDIGENA;Rural Indígena;3002061739;D;135;0;0;0;0;0;0;0;;2018-12-19;135;256.5;472.5;897.75;100-299;100-400
1277;Región Brunca;2633;01863-2014;6-3-3;PUNTARENAS;BUENOS AIRES;603;POTRERO GRANDE;CAPRI MOSCA DE POTRERO GRANDE DE BUENOS AIRES, PUNTARENAS;ASOCIACION DE DESARROLLO INDIGENA;Rural Indígena;3002386185;D;105;0;0;0;0;0;0;0;;2020-01-07;105;199.5;367.5;698.25;100-299;100-400
1277;Región Brunca;2634;01864-2014;6-3-4;PUNTARENAS;BUENOS AIRES;603;BORUCA;COMITE DE ACUEDUCTO DI CRI BORUCA DE BUENOS AIRES, PUNTARENA;ASOCIACION DE DESARROLLO INDIGENA;Rural Indígena;;C;0;291;0;5;0;0;0;0;;2018-12-19;296;562.4;1036;1968.4;100-299;100-400
1277;Región Brunca;2635;01868-2014;6-3-4;PUNTARENAS;BUENOS AIRES;603;BORUCA;LAGARTO DE BORUCA DE BUENOS AIRES, PUNTARENAS;ASOCIACION DE DESARROLLO INDIGENA;Rural Indígena;;D;27;0;0;0;0;0;0;0;;2018-12-19;27;51.3;94.5;179.55;0-99;0-99
1277;Región Brunca;2636;01873-2014;6-3-5;PUNTARENAS;BUENOS AIRES;603;PILAS;CONCEPCION DE PILAS DE BUENOS AIRES, PUNTARENAS;ASADA;Rural;3-002-218539;C;0;166;0;0;0;0;1;0;;2018-12-19;167;317.3;584.5;1110.55;100-299;100-400
1277;Región Brunca;2637;01875-2014;6-3-6;PUNTARENAS;BUENOS AIRES;603;COLINAS O BAJO DE MAIZ;COLINAS Y FILADELFIA DE BUENOS AIRES, PUNTARENAS;ASADA;Rural;3-002-203770;C;0;113;0;2;0;0;0;0;;2018-12-19;115;218.5;402.5;764.75;100-299;100-400
1277;Región Brunca;2639;01877-2014;6-3-6;PUNTARENAS;BUENOS AIRES;603;COLINAS O BAJO DE MAIZ;MAIZ DE BORUCA DE BUENOS AIRES, PUNTARENAS;ASOCIACION DE DESARROLLO INDIGENA;Rural Indígena;;D;40;0;0;0;0;0;0;0;;2018-12-19;40;76;140;266;0-99;0-99
1277;Región Brunca;2640;01880-2014;6-3-1;PUNTARENAS;BUENOS AIRES;603;BUENOS AIRES;EL BRUJO Y SAN LUIS (FLORIDA), BORUCA BEUNOS AIRES PUNTARENA;ASADA;Rural;3-002-695070;D;0;91;0;0;0;0;0;0;;2018-12-19;91;172.9;318.5;605.15;0-99;0-99
1277;Región Brunca;2641;01882-2014;6-3-8;PUNTARENAS;BUENOS AIRES;603;BIOLLEY;ALTAMIRA,COLORADO, CARMEN, LINDA VISA Y LOS NARANJOS DE BIOL;ASADA;Rural;3-002-198500;C;1;679;0;0;0;0;0;0;4;2021-03-01;680;1292;2380;4522;300-799;401-799
1277;Región Brunca;2652;01934-2014;6-3-7;PUNTARENAS;BUENOS AIRES;603;CHANGUENA;PARAISO Y SANTA MARIA DE CHANGUENA DE BUENOS AIRES, PUNTAREN;ASADA;Rural;3-002-259866;C;0;40;0;0;0;0;0;0;;2018-12-19;40;76;140;266;0-99;0-99
1277;Región Brunca;2653;02200-2014;6-3-5;PUNTARENAS;BUENOS AIRES;603;PILAS;BIJAGUAL DE PILAS DE BUENOS AIRES, PUNTARENAS;ASOCIACION DE DESARROLLO INDIGENA;Rural Indígena;;D;0;44;0;0;0;0;0;0;;2018-12-19;44;83.6;154;292.6;0-99;0-99
1277;Región Brunca;2656;03701-2014;6-3-3;PUNTARENAS;BUENOS AIRES;603;POTRERO GRANDE;TERRABA DE BORUCA DE BUENOS AIRES, PUNTARENAS;ASOCIACION DE DESARROLLO INDIGENA;Rural Indígena;3002634185;D;0;107;0;5;0;0;0;0;;2018-12-19;112;212.8;392;744.8;100-299;100-400
1277;Región Brunca;2657;03708-2014;6-3-3;PUNTARENAS;BUENOS AIRES;603;POTRERO GRANDE;SAN RAFAEL, CABAGRA Y BRAZO DE ORO DE POTRERO GDE DE B.AIRES;ASOCIACION DE DESARROLLO INDIGENA;Rural Indígena;3-002-061738;D;0;0;0;0;0;0;0;0;;2018-12-19;0;0;0;0;0-99;0-99
1277;Región Brunca;2658;03714-2014;6-3-3;PUNTARENAS;BUENOS AIRES;603;POTRERO GRANDE;ALTO VERAGUA DE POTRERO GRANDE DE BUENOS AIRES, PUNTARENAS;ASOCIACION DE DESARROLLO INDIGENA;Rural Indígena;;D;0;14;0;0;0;0;0;0;;2018-12-19;14;26.6;49;93.1;0-99;0-99
1277;Región Brunca;2673;04514-2014;6-3-2;PUNTARENAS;BUENOS AIRES;603;VOLCAN;ALTAMIRA DE VOLCAN DE BUENOS AIRES, PUNTARENAS;CAAR;Rural;;D;35;0;0;0;0;0;0;0;;2018-12-19;35;66.5;122.5;232.75;0-99;0-99
1277;Región Brunca;2674;04515-2014;6-3-4;PUNTARENAS;BUENOS AIRES;603;BORUCA;CAJON DE BORUCA DE BUENOS AIRES, PUNTARENAS;ASOCIACION DE DESARROLLO INDIGENA;Rural Indígena;;D;70;0;0;0;0;0;0;0;;2018-12-19;70;133;245;465.5;0-99;0-99
1277;Región Brunca;2675;04523-2014;6-3-3;PUNTARENAS;BUENOS AIRES;603;POTRERO GRANDE;SAN ANTONIO DE TERRABA DE POTRERO GRANDE DE BUENOS AIRES, PU;ASOCIACION DE DESARROLLO INDIGENA;Rural Indígena;;D;0;0;0;0;0;0;0;0;;2018-12-19;0;0;0;0;0-99;0-99
1277;Región Brunca;2676;04527-2014;6-3-3;PUNTARENAS;BUENOS AIRES;603;POTRERO GRANDE;GUACIMO Y VERGEL DE POTRERO GRANDE DE BUENOS AIRES, PUNTAREN;ASOCIACION DE DESARROLLO INDIGENA;Rural Indígena;;D;50;0;0;0;0;0;0;0;;2018-12-19;50;95;175;332.5;0-99;0-99
1277;Región Brunca;2699;04696-2014;6-3-8;PUNTARENAS;BUENOS AIRES;603;BIOLLEY;LA AMISTAD DE BIOLLEY DE BUENOS AIRES, PUNTARENAS;ASADA;Rural;3-002-415355;D;0;144;0;0;0;0;0;0;;2018-12-19;144;273.6;504;957.6;100-299;100-400
1277;Región Brunca;2707;04740-2014;6-3-1;PUNTARENAS;BUENOS AIRES;603;BUENOS AIRES;COMITE SINAE EX WO DI(PALMICHAL DE BUENOS AIRES, PUNTARENAS);CAAR;Rural Indígena;;D;0;0;0;0;0;0;0;0;;2018-12-19;0;0;0;0;0-99;0-99
1277;Región Brunca;2708;04746-2014;6-3-5;PUNTARENAS;BUENOS AIRES;603;PILAS;SAN VICENTE DE PILAS DE BUENOS AIRES, PUNTARENAS;ASADA;Rural;3-002-512505;D;20;0;0;0;0;0;0;0;;2018-12-19;20;38;70;133;0-99;0-99
1277;Región Brunca;2709;04758-2014;6-3-2;PUNTARENAS;BUENOS AIRES;603;VOLCAN;LA PIEDRA DE CONVENTO DE VOLCAN DE BUENOS AIRES, PUNTARENAS;ASADA;Rural;3-002-353688;B;0;877;0;23;0;0;0;0;3;2018-12-19;900;1710;3150;5985;800 a más;800 a más
1277;Región Brunca;2712;04786-2014;6-3-2;PUNTARENAS;BUENOS AIRES;603;VOLCAN;CONVENTO DE VOLCAN DE BUENOS AIRES, PUNTARENAS;ASADA;Rural;3-002-581912;D;34;0;0;0;0;0;0;0;;2018-12-19;34;64.6;119;226.1;0-99;0-99
1277;Región Brunca;2715;04795-2014;6-3-2;PUNTARENAS;BUENOS AIRES;603;VOLCAN;LONGO MAI;CAAR;Rural;;D;0;40;0;0;0;0;0;0;;2018-12-19;40;76;140;266;0-99;0-99
1277;Región Brunca;2716;04796-2014;6-3-3;PUNTARENAS;BUENOS AIRES;603;POTRERO GRANDE;SAN JUAN CABAGRA;ASOCIACION DE DESARROLLO INDIGENA;Rural Indígena;;D;0;70;0;0;0;0;0;0;;2018-12-19;70;133;245;465.5;0-99;0-99
1277;Región Brunca;3022;01860-2014;6-3-2;PUNTARENAS;BUENOS AIRES;603;VOLCAN;CORDONCILLO DE VOLCAN DE BUENOS AIRES, PUNTARENAS;ASADA;Rural;3-002-445608;D;0;183;0;1;0;0;0;0;;2018-12-19;184;349.6;644;1223.6;100-299;100-400
1276;Región Chorotega;2166;00203-2014;5-6-1;GUANACASTE;CANAS;506;CANAS;BARRIO JESUS DE CAÑAS, GUANACASTE;ASADA;Rural;3-002-660488;D;0;52;0;0;0;0;0;0;;2018-12-19;52;98.8;182;345.8;0-99;0-99
1276;Región Chorotega;2167;00205-2014;5-6-1;GUANACASTE;CANAS;506;CANAS;BUENOS AIRES ( LA GOTERA )DE CAÑAS DE GUANACASTE;ASADA;Rural;3002577029;C;0;45;0;0;0;0;0;0;;2020-01-01;45;85.5;157.5;299.25;0-99;0-99
1276;Región Chorotega;2168;00206-2014;5-6-1;GUANACASTE;CANAS;506;CANAS;NISPERO DE CAÑAS, GUANACASTE;ASADA;Costera;3-002-702155;D;0;35;0;3;0;0;0;0;;2020-01-01;38;72.2;133;252.7;0-99;0-99
1276;Región Chorotega;2169;00207-2014;5-6-2;GUANACASTE;CANAS;506;PALMIRA;NUEVA GUATEMALA DE PALMIRA DE CAÑAS, GUANACASTE;ASADA;Rural;3002506450;C;0;113;0;0;6;0;0;0;;2020-01-01;119;226.1;416.5;791.35;100-299;100-400
1276;Región Chorotega;2170;00208-2014;5-6-1;GUANACASTE;CANAS;506;CANAS;COCO DE LAJAS DE CAÑAS, GUANACASTE;ASADA;Rural;3002693483;D;0;95;0;0;0;0;0;0;;2020-01-01;95;180.5;332.5;631.75;0-99;0-99
1276;Región Chorotega;2171;00209-2014;5-6-1;GUANACASTE;CANAS;506;CANAS;PASO LAJAS DE CAÑAS, GUANACASTE;ASADA;Rural;3-002-251520;C;0;60;0;0;0;0;0;0;;2020-01-01;60;114;210;399;0-99;0-99
1276;Región Chorotega;2172;00210-2014;5-6-5;GUANACASTE;CANAS;506;POROZAL;TIQUIRUSAS DE POROSAL, CAÑAS GUANACASTE;ASADA;Rural;3-002-644024;C;0;12;0;2;0;0;0;0;;2020-01-01;14;26.6;49;93.1;0-99;0-99
1276;Región Chorotega;2173;00211-2014;5-6-5;GUANACASTE;CANAS;506;POROZAL;POROSAL DE CAÑAS, GUANACASTE;ASADA;Rural;3002573220;C;0;92;0;4;0;0;0;0;;2020-01-01;96;182.4;336;638.4;0-99;0-99
1276;Región Chorotega;2174;00212-2014;5-6-3;GUANACASTE;CANAS;506;SAN MIGUEL;JAVILLA DE SAN MIGUEL DE CAÑAS, GUANACASTE;ASADA;Rural;3002577930;C;0;134;0;5;0;0;0;0;;2020-01-01;139;264.1;486.5;924.35;100-299;100-400
1276;Región Chorotega;2175;00213-2014;5-6-1;GUANACASTE;CANAS;506;CANAS;SAN JUAN DE CAÑAS, GUANACASTE;ASADA;Rural;3-002-299482;D;0;35;0;0;0;0;0;0;;2018-12-19;35;66.5;122.5;232.75;0-99;0-99
1276;Región Chorotega;2176;00214-2014;5-6-3;GUANACASTE;CANAS;506;SAN MIGUEL;SAN MIGUEL DE CAÑAS GUANACASTE;ASADA;Rural;3002207724;C;0;398;0;5;0;0;0;0;2;2020-01-01;403;765.7;1410.5;2679.95;300-799;401-799
1276;Región Chorotega;2177;00215-2014;5-6-2;GUANACASTE;CANAS;506;PALMIRA;LIBERTAD DE PALMIRA DE CAÑAS, GUANACASTE;ASADA;Rural;3002672358;D;0;66;0;0;0;0;0;0;;2020-01-01;66;125.4;231;438.9;0-99;0-99
1276;Región Chorotega;2178;00216-2014;5-6-2;GUANACASTE;CANAS;506;PALMIRA;PALMIRA DE CAÑAS, GUANACASTE;ASADA;Rural;3002315198;C;0;183;0;0;0;0;0;0;3;2020-01-01;183;347.7;640.5;1216.95;100-299;100-400
1276;Región Chorotega;2179;00217-2014;5-6-5;GUANACASTE;CANAS;506;POROZAL;SANTA LUCIA DE POROSAL DE CAÑAS, GUANACASTE;ASADA;Rural;3-002-309414;D;0;87;0;3;0;0;0;0;1;2018-12-19;90;171;315;598.5;0-99;0-99
1276;Región Chorotega;2180;00219-2014;5-6-1;GUANACASTE;CANAS;506;CANAS;HIGUERON DE CAÑAS, GUANACASTE;ASADA;Rural;3002582296;C;0;47;0;2;0;0;0;0;;2020-01-01;49;93.1;171.5;325.85;0-99;0-99
1276;Región Chorotega;4279;05142-2019;5-6-1;GUANACASTE;CANAS;506;CANAS;CEDRO DE CAÑAS;CAAR;Sin Selección;;D;0;0;2;0;0;0;0;0;;2020-01-01;2;3.8;7;13.3;0-99;0-99
1276;Región Chorotega;2148;00178-2014;5-5-3;GUANACASTE;CARRILLO;505;SARDINAL;ARTOLITA DE SARDINAL DE CARRILLO GUANACASTE;ASADA;Rural;3-002-569382;D;0;60;0;0;0;0;0;0;3;2020-01-01;60;114;210;399;0-99;0-99
1276;Región Chorotega;2149;00179-2014;5-5-1;GUANACASTE;CARRILLO;505;FILADELFIA;BAMBU DE FILADELFIA DE CARRILLO, GUANACASTE;ASADA;Rural;3-002-326200;D;0;160;0;3;0;0;0;0;3;2018-12-19;163;309.7;570.5;1083.95;100-299;100-400
1276;Región Chorotega;2150;00180-2014;5-5-1;GUANACASTE;CARRILLO;505;FILADELFIA;LOS JOCOTES DE FILADELFIA DE CARRILLO GUANACASTE;ASADA;Rural;3002249242;B;0;211;0;0;0;0;0;7;6;2020-01-01;218;414.2;763;1449.7;100-299;100-400
1276;Región Chorotega;2151;00184-2014;5-5-2;GUANACASTE;CARRILLO;505;PALMIRA;PASO TEMPISQUE DE PALMIRA CARRILLO, GUANACASTE;ASADA;Rural;3002230260;B;0;402;0;15;0;1;0;10;13;2020-01-01;428;813.2;1498;2846.2;300-799;401-799
1276;Región Chorotega;2152;00185-2014;5-5-3;GUANACASTE;CARRILLO;505;SARDINAL;ARTOLA DE SARDINAL DE CARRILLO GUANACASTE ;ASADA;Rural;3002569518;B;0;332;0;10;0;0;0;0;7;2020-01-01;342;649.8;1197;2274.3;300-799;100-400
1276;Región Chorotega;2153;00187-2014;5-5-3;GUANACASTE;CARRILLO;505;SARDINAL;LIBERTAD DE SARDINAL DE CARRILLO, GUANACASTE;ASADA;Rural;3002203273;C;0;310;0;0;0;0;0;0;3;2020-01-01;310;589;1085;2061.5;300-799;100-400
1276;Región Chorotega;2154;00188-2014;5-5-3;GUANACASTE;CARRILLO;505;SARDINAL;NUEVO COLÓN DE SARDINAL DE CARRILLO GUANACASTE;ASADA;Rural;3002578089;C;0;103;0;12;0;0;0;0;6;2020-01-01;115;218.5;402.5;764.75;100-299;100-400
1276;Región Chorotega;2155;00191-2014;5-5-3;GUANACASTE;CARRILLO;505;SARDINAL;PLAYA PANAMÁ (CACIQUE) DE CARRILLO, GUANACASTE;ASADA;Costera;3-002-637146;D;0;107;0;5;0;0;0;0;;2020-01-01;112;212.8;392;744.8;100-299;100-400
1276;Región Chorotega;2156;00192-2014;5-5-3;GUANACASTE;CARRILLO;505;SARDINAL;SAN BLAS DE SARDINAL DE CARRILLO, GUANACASTE;ASADA;Rural;3002227241;B;0;415;0;0;0;0;0;0;7;2020-04-15;415;788.5;1452.5;2759.75;300-799;401-799
1276;Región Chorotega;2157;00193-2014;5-5-3;GUANACASTE;CARRILLO;505;SARDINAL;SANTA RITA DE SARDINAL DE CARRILLO, GUANACASTE;ASADA;Rural;3-002-592387;C;0;206;0;0;0;0;0;0;;2018-12-19;206;391.4;721;1369.9;100-299;100-400
1276;Región Chorotega;2159;00195-2014;5-5-4;GUANACASTE;CARRILLO;505;BELEN;CASTILLA DE ORO DE BELEN DE CARRILLO, GUANACASTE ;ASADA;Rural;3-002-660779;D;0;70;0;0;0;0;0;0;;2018-12-19;70;133;245;465.5;0-99;0-99
1276;Región Chorotega;2160;00196-2014;5-5-1;GUANACASTE;CARRILLO;505;FILADELFIA;CORRALILLOS DE FILADELFIA DE CARRILLO GUANACASTE;ASADA;Rural;3002591462;C;2;275;0;3;0;3;0;0;2;2020-01-01;283;537.7;990.5;1881.95;100-299;100-400
1276;Región Chorotega;2161;00197-2014;5-5-4;GUANACASTE;CARRILLO;505;BELEN;COYOLITO DE BELEN DE CARRILLO, GUANACASTE;ASADA;Rural;3-002-352150;D;0;126;0;0;0;0;0;0;;2018-12-19;126;239.4;441;837.9;100-299;100-400
1276;Región Chorotega;2162;00198-2014;5-5-4;GUANACASTE;CARRILLO;505;BELEN;PLANES DE BELEN DE CARRILLO, GUANACASTE;ASADA;Rural;3-002-579889;B;0;148;0;0;0;0;0;0;;2018-12-19;148;281.2;518;984.2;100-299;100-400
1276;Región Chorotega;2163;00199-2014;5-5-1;GUANACASTE;CARRILLO;505;FILADELFIA;GUINEA DE FILADELFIA DE CARRILLO, GUANACASTE;ASADA;Rural;;D;0;54;0;0;0;0;0;0;;2020-01-01;54;102.6;189;359.1;0-99;0-99
1276;Región Chorotega;2165;00201-2014;5-5-4;GUANACASTE;CARRILLO;505;BELEN;PALESTINA DE BELEN DE CARRILLO, GUANACASTE ;ASADA;Rural; 3-002-719650;C;0;162;0;5;0;0;0;0;;2020-01-01;167;317.3;584.5;1110.55;100-299;100-400
1276;Región Chorotega;2305;04679-2014;5-5-4;GUANACASTE;CARRILLO;505;BELEN;LOMA BONITA DE BELEN DE CARRILLO, GUANACASTE;ASADA;Rural;3002633876;B;0;93;0;0;0;0;0;0;1;2020-01-01;93;176.7;325.5;618.45;0-99;0-99
1276;Región Chorotega;3158;04941-2017;5-5-3;GUANACASTE;CARRILLO;505;SARDINAL;MONTE VISTA NORTE DEL COCO;ASADA;Costera;3-002-567798;D;0;23;0;0;0;0;0;0;2;2020-01-01;23;43.7;80.5;152.95;0-99;0-99
1276;Región Chorotega;4262;05127-2018;5-5-3;GUANACASTE;CARRILLO;505;SARDINAL;NACAZCOL EL LAGO;ASADA;Rural;3-002-426509;D;;;;;;;;;;;;;;;800 a más;800 a más
1276;Región Chorotega;4263;05128-2018;5-5-3;GUANACASTE;CARRILLO;505;SARDINAL;LOMAS DEL MAR;ASADA;Costera;3-002-515086;C;0;45;0;0;0;0;0;0;4;2020-05-21;45;85.5;157.5;299.25;0-99;0-99
34;Región Central Este;1886;00181-2014;3-1-7;CARTAGO;CARTAGO;301;CORRALILLO;SAN JOAQUIN DE CORRALILLO, CARTAGO;ASADA;Rural;3002205404;D;154;0;0;0;0;0;0;0;;2018-12-19;154;292.6;539;1024.1;100-299;100-400
34;Región Central Este;1887;00242-2014;3-1-7;CARTAGO;CARTAGO;301;CORRALILLO;SAN ANTONIO DE CORRALILLO, CARTAGO;ASADA;Rural;3-002-658915;D;266;0;0;0;0;0;4;0;2;2018-12-19;270;513;945;1795.5;100-299;100-400
34;Región Central Este;1888;00371-2014;3-1-7;CARTAGO;CARTAGO;301;CORRALILLO;LLANO LOS ANGELES DE CORRALILLO, CARTAGO;ASADA;Rural;3-002-331586;C;0;490;0;8;0;0;0;0;7;2018-12-19;498;946.2;1743;3311.7;300-799;401-799
34;Región Central Este;1889;00536-2014;3-1-7;CARTAGO;CARTAGO;301;CORRALILLO;SAN JUAN SUR DE CORRALILLO, CARTAGO;ASADA;Rural;3-002-352151;B;0;510;0;53;0;0;0;0;1;2020-05-22;563;1069.7;1970.5;3743.95;300-799;401-799
34;Región Central Este;1890;00671-2014;3-1-7;CARTAGO;CARTAGO;301;CORRALILLO;CORRALILLO DE CARTAGO;ASADA;Rural;3-002-198497;C;13;354;0;6;0;2;0;0;3;2018-12-19;375;712.5;1312.5;2493.75;300-799;100-400
34;Región Central Este;1891;00672-2014;3-1-8;CARTAGO;CARTAGO;301;TIERRA BLANCA;TIERRA BLANCA DE CARTAGO ;ASADA;Rural;3-002-218813;A;78;1132;2;277;0;0;0;0;9;2018-12-19;1489;2829.1;5211.5;9901.85;800 a más;800 a más
34;Región Central Este;1892;00673-2014;3-1-10;CARTAGO;CARTAGO;301;LLANO GRANDE;LLANO GRANDE DE CARTAGO;ASADA;Rural;3-002-223412;B;0;1272;0;295;0;0;0;0;5;2020-09-10;1567;2977.3;5484.5;10420.55;800 a más;800 a más
34;Región Central Este;1893;00675-2014;3-1-11;CARTAGO;CARTAGO;301;QUEBRADILLA;QUEBRADILLA DE CARTAGO;ASADA;Rural;3-002-195739;B;0;1005;0;90;0;0;0;0;6;2018-12-19;1095;2080.5;3832.5;7281.75;800 a más;800 a más
34;Región Central Este;1894;00676-2014;3-1-11;CARTAGO;CARTAGO;301;QUEBRADILLA;BERMEJO DE QUEBRADILLA, CARTAGO;ASADA;Rural;3-002-395893;C;0;408;0;0;0;0;0;0;3;2018-12-19;408;775.2;1428;2713.2;300-799;401-799
34;Región Central Este;1895;00679-2014;3-1-11;CARTAGO;CARTAGO;301;QUEBRADILLA;COPALCHI DE QUEBRADILLA, CARTAGO;ASADA;Rural;3-002-297483;D;0;100;0;3;0;0;0;0;1;2018-12-19;103;195.7;360.5;684.95;100-299;100-400
34;Región Central Este;1987;04236-2014;3-1-7;CARTAGO;CARTAGO;301;CORRALILLO;CALLE VALVERDE DE CORRALILLO, CARTAGO;ASADA;Rural;3-002-204325;B;0;126;0;0;0;0;0;0;1;2019-11-21;126;239.4;441;837.9;100-299;100-400
34;Región Central Este;1988;04237-2014;3-1-4;CARTAGO;CARTAGO;301;SAN NICOLAS;COOPEROSALES DE SAN NICOLAS, CARTAGO;ASADA;Rural;3-002-531615;C;0;151;0;0;0;0;0;0;4;2018-12-19;151;286.9;528.5;1004.15;100-299;100-400
34;Región Central Este;1989;04239-2014;3-1-7;CARTAGO;CARTAGO;301;CORRALILLO;SANTA ELENA DE CORRALILLO, (NORTE), CARTAGO;ASADA;Rural;3-002-599143;C;0;253;0;14;0;0;0;0;4;2018-12-19;267;507.3;934.5;1775.55;100-299;100-400
34;Región Central Este;1999;04394-2014;3-1-4;CARTAGO;CARTAGO;301;SAN NICOLAS;EMPALADO Y ANGELINA DE SAN NICOLAS, CARTAGO;ASADA;Rural;3-002-217358;C;2;228;0;35;0;0;0;0;;2018-12-19;265;503.5;927.5;1762.25;100-299;100-400
34;Región Central Este;2009;04612-2014;3-1-7;CARTAGO;CARTAGO;301;CORRALILLO;LA GUARIA DE CORRALILLO, CARTAGO;ASADA;Rural;3-002-251260;C;0;286;0;4;0;0;0;0;2;2018-12-19;290;551;1015;1928.5;100-299;100-400
34;Región Central Este;2012;04628-2014;3-1-7;CARTAGO;CARTAGO;301;CORRALILLO;RIO CONEJO DE CORRALILLO, CARTAGO;ASADA;Rural;3-002-273597;C;0;168;0;18;0;0;0;0;;2018-12-19;186;353.4;651;1236.9;100-299;100-400
34;Región Central Este;2014;04640-2014;3-1-5;CARTAGO;CARTAGO;301;AGUACALIENTE O SAN FRANCISCO;RESIDENCIAL EL MOLINO DE AGUA CALIENTE, CARTAGO;ASADA;Urbana;3-002-565237;B;0;625;0;31;0;1;0;0;19;2018-12-19;657;1248.3;2299.5;4369.05;300-799;401-799
34;Región Central Este;2016;04651-2014;3-1-11;CARTAGO;CARTAGO;301;QUEBRADILLA;CORIS DE QUEBRADILLA DE CARTAGO;ASADA;Rural;3-002-408335;D;0;90;0;3;0;0;0;0;1;2018-12-19;93;176.7;325.5;618.45;0-99;0-99
1277;Región Brunca;2570;00580-2014;6-10-1;PUNTARENAS;CORREDORES;610;CORREDOR;SAN RAFAEL DE CORREDORES, PUNTARENAS;ASADA;Rural;3-002-329685;C;0;332;0;0;0;0;0;0;7;2018-12-19;332;630.8;1162;2207.8;300-799;100-400
1277;Región Brunca;2572;00594-2014;6-10-3;PUNTARENAS;CORREDORES;610;CANOAS;SAN JORGE Y SAN MARTIN DE CANOAS DE CORREDORES, PUNTARENAS;ASADA;Rural;3-002-219114;B;0;900;0;0;0;0;0;0;8;2018-12-19;900;1710;3150;5985;800 a más;800 a más
1277;Región Brunca;2619;01788-2014;6-10-3;PUNTARENAS;CORREDORES;610;CANOAS;ALTO SAN ANTONIO DE CANOAS DE CORREDORES, PUNTARENAS;ASOCIACION DE DESARROLLO INDIGENA;Rural Indígena;3-002-342595;D;100;0;0;0;0;0;0;0;;2018-12-19;100;190;350;665;100-299;100-400
1277;Región Brunca;2650;01910-2014;6-10-3;PUNTARENAS;CORREDORES;610;CANOAS;ALTO DEL BRUJO DE CANOAS DE CORREDOR DE CORREDORES, PUNTAREN;ASOCIACION DE DESARROLLO INDIGENA;Rural Indígena;;D;16;0;0;0;0;0;0;0;;2018-12-19;16;30.4;56;106.4;0-99;0-99
1277;Región Brunca;2651;01911-2014;6-10-4;PUNTARENAS;CORREDORES;610;LAUREL;BELLA LUZ, NARANJO Y INCENDIO DE LAUREL DE CORREDORES, PUNTA;ASADA;Rural;3-002-202868;A;0;1294;0;112;0;0;0;0;5;2018-12-19;1406;2671.4;4921;9349.9;800 a más;800 a más
1277;Región Brunca;2684;04548-2014;6-10-1;PUNTARENAS;CORREDORES;610;CORREDOR;ABROJO Y MONTEZUMA DE CORREDOR DE CORREDORES, PUNTARENAS;ASOCIACION DE DESARROLLO INDIGENA;Rural Indígena;3-002-579051;D;50;0;0;0;0;0;0;0;;2018-12-19;50;95;175;332.5;0-99;0-99
1277;Región Brunca;2686;04552-2014;6-10-1;PUNTARENAS;CORREDORES;610;CORREDOR;LA CARTONERA DE CORREDOR DE CORREDORES, PUNTARENAS;ASADA;Rural;3-002-297367;C;0;74;0;4;0;0;0;0;9;2018-12-19;78;148.2;273;518.7;0-99;0-99
1277;Región Brunca;2687;04553-2014;6-10-1;PUNTARENAS;CORREDORES;610;CORREDOR;CARACOL Y LA FORTUNA DE CORREDOR DE CORREDORES, PUNTARENAS;ASADA;Rural;3-002-239993;A;0;1666;0;58;0;0;0;0;11;2018-12-19;1724;3275.6;6034;11464.6;800 a más;800 a más
1277;Región Brunca;2688;04554-2014;6-10-1;PUNTARENAS;CORREDORES;610;CORREDOR;ABROJO NORTE CANOAS CORREDORES, PUNTARENAS;ASADA;Rural;3-002-260757;D;87;0;0;0;0;0;0;0;;2018-12-19;87;165.3;304.5;578.55;0-99;0-99
1277;Región Brunca;2689;04555-2014;6-10-1;PUNTARENAS;CORREDORES;610;CORREDOR;MIRAMAR DE ABROJO DE CANOAS DE CORREDORES, PUNTARENAS;CAAR;Rural;;D;0;0;0;0;0;0;0;0;;2018-12-19;0;0;0;0;0-99;0-99
1277;Región Brunca;4237;05071-2018;6-10-1;PUNTARENAS;CORREDORES;610;CORREDOR;ASADA BAJOS DEL INDIO;ASADA;Rural;3-002-198353;D;20;0;0;0;0;0;0;0;;2018-12-19;20;38;70;133;0-99;0-99
1277;Región Brunca;4270;05133-2018;6-10-3;PUNTARENAS;CORREDORES;610;CANOAS;ASOCIACION ADMINISTRADORA DEL ACUEDUCTO Y ALCANTARILLADO SANITARIO DE SAN MIGUEL DE PASO CANOAS;ASADA;Rural;3-002-560249;D;21;0;0;0;0;0;0;0;;2018-12-14;21;39.9;73.5;139.65;0-99;0-99
1277;Región Brunca;2609;01747-2014;6-8-4;PUNTARENAS;COTO BRUS;608;LIMONCITO;ASOCIACION ADMINISTRADORA DEL ACUEDUCTO Y ALCANTARILLADO RURAL DE LIMONCITO Y OTRAS COMUNIDADES;ASADA;Rural;3-002-294407;A;0;628;0;30;0;0;0;0;7;2018-12-19;658;1250.2;2303;4375.7;300-799;401-799
1277;Región Brunca;2610;01750-2014;6-8-1;PUNTARENAS;COTO BRUS;608;SAN VITO;GUTIERREZ BRAWN DE SAN VITO DE COTO BRUS, PUNTARENAS;ASADA;Rural;3-002-198499;A;0;2695;0;74;0;1;0;0;14;2018-12-19;2770;5263;9695;18420.5;800 a más;800 a más
1277;Región Brunca;2611;01751-2014;6-8-1;PUNTARENAS;COTO BRUS;608;SAN VITO;CEIBO DE SAN VITO DE COTO BRUS, PUNTARENAS;ASADA;Rural;3-002-633467;C;0;111;0;5;0;0;0;0;4;2018-12-19;116;220.4;406;771.4;100-299;100-400
1277;Región Brunca;2612;01753-2014;6-8-2;PUNTARENAS;COTO BRUS;608;SABALITO;SAN MARCOS BRASILIA DE SABALITO DE COTO BRUS, PUNTARENAS;ASADA;Rural;3-002-305231;B;0;0;0;7;0;0;0;313;4;2018-12-19;320;608;1120;2128;300-799;100-400
1277;Región Brunca;2622;01798-2014;6-8-2;PUNTARENAS;COTO BRUS;608;SABALITO;LAS MELLIZAS DE SABALITO DE COTO BRUS, PUNTARENAS;ASADA;Rural;3-002-201776;C;0;263;0;14;0;0;0;0;3;2018-12-19;277;526.3;969.5;1842.05;100-299;100-400
1277;Región Brunca;2662;03861-2014;6-8-5;PUNTARENAS;COTO BRUS;608;PITTIER;AGUA CALIENTE DE PITTIER DE COTO BRUS, PUNTARENAS;ASADA;Rural;3-002-292981;C;0;118;0;0;0;0;0;0;;2018-12-19;118;224.2;413;784.7;100-299;100-400
1277;Región Brunca;2692;04559-2014;6-8-3;PUNTARENAS;COTO BRUS;608;AGUABUENA;CONCEPCION DE AGUA BUENA DE COTO BRUS, PUNTARENAS;ASADA;Rural;3-002-306159;C;0;130;0;0;0;0;0;0;2;2018-12-19;130;247;455;864.5;100-299;100-400
1277;Región Brunca;2693;04560-2014;6-8-4;PUNTARENAS;COTO BRUS;608;LIMONCITO;LA CASONA DE LIMONCITO DE COTO BRUS, PUNTARENAS;ASADA;Rural Indígena;3-002-611630;D;478;0;0;0;0;0;0;0;;2018-12-19;478;908.2;1673;3178.7;300-799;401-799
30;Región Metropolitana;2741;00861-2014;1-3-2;SAN JOSE;DESAMPARADOS;103;SAN MIGUEL;HIGUITO DE SAN MIGUEL DE DESAMPARADOS,SAN JOSE              ;ASADA;Rural;3-002-281113;B;0;1457;0;0;0;0;0;0;10;2018-12-19;1457;2768.3;5099.5;9689.05;800 a más;800 a más
30;Región Metropolitana;2743;00865-2014;1-3-2;SAN JOSE;DESAMPARADOS;103;SAN MIGUEL;CALLE VALVERDE DE SAN MIGUEL DE HIGUITO, DESAMPARADOS;ASADA;Rural;3-002-205717;B;0;541;0;0;0;0;0;0;9;2018-12-19;541;1027.9;1893.5;3597.65;300-799;401-799
30;Región Metropolitana;2745;00868-2014;1-3-6;SAN JOSE;DESAMPARADOS;103;FRAILES;FRAILES DE DESAMPARADOS SAN JOSE;ASADA;Rural;3-002-256815;C;0;914;0;0;0;0;0;0;6;2019-09-04;914;1736.6;3199;6078.1;800 a más;800 a más
30;Región Metropolitana;2746;00869-2014;1-3-6;SAN JOSE;DESAMPARADOS;103;FRAILES;VIOLETA DE FRAILES DE DESAMPARADOS, SAN JOSE;ASADA;Rural;3-002-496943;C;0;115;0;0;0;0;0;0;3;2019-09-23;115;218.5;402.5;764.75;100-299;100-400
30;Región Metropolitana;2748;00873-2014;1-3-7;SAN JOSE;DESAMPARADOS;103;PATARRA;QUEBRADA HONDA DE PATARRA DE DESAMPARADOS, SAN JOSE;ASADA;Periurbana;3-002-552365;B;0;218;0;0;0;0;0;0;;2018-12-19;218;414.2;763;1449.7;100-299;100-400
30;Región Metropolitana;2749;00874-2014;1-3-7;SAN JOSE;DESAMPARADOS;103;PATARRA;EL ESPINO GUATUZO DE PATARRA DE DESAMPARADOS, SAN JOSE;ASADA;Urbana;3-002-229069;C;299;0;0;0;0;0;0;0;;2020-03-03;299;568.1;1046.5;1988.35;100-299;100-400
30;Región Metropolitana;2750;00876-2014;1-3-8;SAN JOSE;DESAMPARADOS;103;SAN CRISTOBAL;SAN CRISTOBAL NORTE DE DESAMPARADOS, SAN JOSE;ASADA;Rural;3-002-397644;C;0;398;0;0;0;0;0;0;2;2019-03-28;398;756.2;1393;2646.7;300-799;100-400
30;Región Metropolitana;2751;00877-2014;1-3-8;SAN JOSE;DESAMPARADOS;103;SAN CRISTOBAL;SAN CRISTOBAL SUR(QUEBRADA EL YUGO) DE DESAMPARADOS, SAN JOS;ASADA;Rural;3-002-375143;B;0;885;0;30;0;0;0;0;7;2021-04-27;915;1738.5;3202.5;6084.75;800 a más;800 a más
30;Región Metropolitana;2752;00878-2014;1-3-9;SAN JOSE;DESAMPARADOS;103;ROSARIO;ROSARIO DE DESAMPARADOS, SAN JOSE;ASADA;Rural;3-002-212338;D;0;355;0;0;0;0;0;0;1;2018-12-19;355;674.5;1242.5;2360.75;300-799;100-400
30;Región Metropolitana;2753;00879-2014;1-3-9;SAN JOSE;DESAMPARADOS;103;ROSARIO;GUADARRAMA DEL ROSARIO DE DESAMPARADOS, SAN JOSE;ASADA;Rural;3-002-232828;C;0;148;0;0;0;0;0;0;;2020-08-31;148;281.2;518;984.2;100-299;100-400
30;Región Metropolitana;2754;00880-2014;1-3-9;SAN JOSE;DESAMPARADOS;103;ROSARIO;JOYA DE ROSARIO DE DESAMPARADOS, SAN JOSE;ASADA;Rural;3-002-454572;C;0;60;0;0;0;0;0;0;;2018-12-19;60;114;210;399;0-99;0-99
30;Región Metropolitana;2770;00906-2014;1-3-9;SAN JOSE;DESAMPARADOS;103;ROSARIO;LA TRINIDAD DEL ROSARIO DE DESAMPARADOS, SAN JOSE;ASADA;Rural;3-002-296510;C;0;124;0;0;0;0;0;0;1;2020-07-22;124;235.6;434;824.6;100-299;100-400
30;Región Metropolitana;2923;04401-2014;1-3-9;SAN JOSE;DESAMPARADOS;103;ROSARIO;LLANO BONITO DEL ROSARIO DE DESAMPARADOS, SAN JOSE;ASADA;Rural;3-002-390312;C;0;71;0;0;0;0;0;0;;2018-12-19;71;134.9;248.5;472.15;0-99;0-99
30;Región Metropolitana;2944;04623-2015;1-3-2;SAN JOSE;DESAMPARADOS;103;SAN MIGUEL;BARRIO SAN JOSE Y CORAZON DE MARIA DE HIGUITO, DESAMPARADOS;ASADA;Rural;3-002-208959;D;1;259;0;0;0;0;0;0;2;2021-04-23;260;494;910;1729;100-299;100-400
30;Región Metropolitana;3026;04422-2014;1-3-2;SAN JOSE;DESAMPARADOS;103;SAN MIGUEL;EL LLANO Y CALLE SABANILLA DE SAN MIGUEL DE DESAMPARADOS, SJ;ASADA;Rural;3-002-288806;C;5;540;0;10;0;0;0;0;;2018-10-19;555;1054.5;1942.5;3690.75;300-799;401-799
30;Región Metropolitana;3149;00859-2016;1-3-2;SAN JOSE;DESAMPARADOS;103;SAN MIGUEL;EL LLANO DE SAN MIGUEL DE DESAMPARADOS, SAN JOSE;ASADA;Rural;3002288806;B;5;540;0;10;0;0;0;0;;2018-10-19;555;1054.5;1942.5;3690.75;300-799;401-799
30;Región Metropolitana;4251;05116-2018;1-3-2;SAN JOSE;DESAMPARADOS;103;SAN MIGUEL;COMITÉ DEL ACUEDUCTO RURAL DEL MANZANO;CAAR;Rural;;D;23;0;0;0;0;0;0;0;;2018-10-19;23;43.7;80.5;152.95;0-99;0-99
30;Región Metropolitana;4252;05117-2018;1-3-2;SAN JOSE;DESAMPARADOS;103;SAN MIGUEL;COMITÉ DE ACUEDUCTO RURAL LA PACAYA;CAAR;Rural;;D;0;0;0;0;0;0;0;0;;2018-12-13;0;0;0;0;0-99;0-99
30;Región Metropolitana;4290;05153-2019;1-3-9;SAN JOSE;DESAMPARADOS;103;ROSARIO;CALLE NARANJO;CAAR;Rural;;D;;;;;;;;;;;;;;;800 a más;800 a más
30;Región Metropolitana;4307;05170-2020;1-3-9;SAN JOSE;DESAMPARADOS;103;ROSARIO;QUEBRADA HONDA;ASADA;Rural;;D;;;;;;;;;;;;;;;800 a más;800 a más
34;Región Central Este;2906;04132-2014;1-17-1;SAN JOSE;DOTA;117;SANTA MARIA;PROVIDENCIA Y PIEDRA DE SANTA MARIA DE DOTA, SAN JOSE;ASADA;Rural;3-002-440262;D;80;0;0;0;0;0;0;0;;2018-12-19;80;152;280;532;0-99;0-99
34;Región Central Este;2938;04551-2014;1-17-3;SAN JOSE;DOTA;117;COPEY;LA CIMA DE COPEY DE DOTA, SAN JOSE;ASADA;Rural;3-002-547728;C;57;0;0;0;0;0;0;0;;2018-12-19;57;108.3;199.5;379.05;0-99;0-99
34;Región Central Este;1974;00806-2014;3-8-2;CARTAGO;EL GUARCO;308;SAN ISIDRO;SAN ISIDRO DEL GUARCO DE CARTAGO;ASADA;Rural;3-002-352882;A;2;505;0;0;0;0;0;79;6;2020-06-15;586;1113.4;2051;3896.9;300-799;401-799
34;Región Central Este;1975;00808-2014;3-8-2;CARTAGO;EL GUARCO;308;SAN ISIDRO;PALO VERDE DE SAN ISIDRO DEL GUARCO, CARTAGO;ASADA;Rural;3-002-613088;C;0;76;0;0;0;0;0;0;;2018-12-19;76;144.4;266;505.4;0-99;0-99
34;Región Central Este;1976;00810-2014;3-8-2;CARTAGO;EL GUARCO;308;SAN ISIDRO;EMPALME ABAJO DE SAN ISIDRO DE EL GUARCO, CARTAGO;ASADA;Rural;3-002-320744;D;50;51;0;5;0;0;0;0;;2018-12-19;106;201.4;371;704.9;100-299;100-400
34;Región Central Este;1977;00811-2014;3-8-2;CARTAGO;EL GUARCO;308;SAN ISIDRO;LA CANGREJA DE SAN ISIDRO DE EL GUARCO, CARTAGO;ASADA;Rural;3-002-320285;C;0;83;0;2;0;0;0;0;;2018-12-19;85;161.5;297.5;565.25;0-99;0-99
34;Región Central Este;1978;00812-2014;3-8-2;CARTAGO;EL GUARCO;308;SAN ISIDRO;MACHO GAFF CAÑON Y LA DAMITA DE SAN ISIDRO D GUARCO CARTAGO ;ASADA;Rural;3-002-223599;A;0;390;0;27;0;0;0;0;4;2018-12-19;417;792.3;1459.5;2773.05;300-799;401-799
34;Región Central Este;1979;00813-2014;3-8-2;CARTAGO;EL GUARCO;308;SAN ISIDRO;LA ESTRELLA DE SAN ISIDRO DEL GUARCO, CARTAGO;ASADA;Rural;3-002-212329;C;2;131;0;2;0;0;0;0;;2018-12-19;135;256.5;472.5;897.75;100-299;100-400
34;Región Central Este;1980;00814-2014;3-8-2;CARTAGO;EL GUARCO;308;SAN ISIDRO;GUATUSO DE SAN ISIDRO DEL GUARCO, CARTAGO;ASADA;Rural;3-002-262758;C;304;0;13;0;0;0;0;0;3;2018-12-19;317;602.3;1109.5;2108.05;300-799;100-400
34;Región Central Este;1981;00816-2014;3-8-3;CARTAGO;EL GUARCO;308;TOBOSI;TABLON DE TOBOSI DEL GUARCO, CARTAGO;ASADA;Rural;3-002-251516;A;15;408;0;13;0;0;0;0;6;2018-12-19;436;828.4;1526;2899.4;300-799;401-799
34;Región Central Este;1982;00817-2014;3-8-3;CARTAGO;EL GUARCO;308;TOBOSI;TOBOSI EL GUARCO, CARTAGO  ;ASADA;Periurbana;3-002-203086;B;0;1295;0;50;0;0;0;0;14;2018-12-19;1345;2555.5;4707.5;8944.25;800 a más;800 a más
34;Región Central Este;1983;00818-2014;3-8-4;CARTAGO;EL GUARCO;308;PATIO DE AGUA;CARAGRAL DE PATIO DE AGUA DE EL GUARCO, CARTAGO;ASADA;Rural;3-002-586568;C;0;95;0;0;0;0;0;0;1;2020-05-21;95;180.5;332.5;631.75;0-99;0-99
34;Región Central Este;1985;00821-2014;3-8-2;CARTAGO;EL GUARCO;308;SAN ISIDRO;CRUCE A SANTA MARIA DOTA DE SAN ISIDRO DEL GUARCO, CARTAGO;ASADA;Rural;3-002-284680;B;0;132;0;20;0;0;0;0;1;2018-12-19;152;288.8;532;1010.8;100-299;100-400
34;Región Central Este;1996;04258-2014;3-8-2;CARTAGO;EL GUARCO;308;SAN ISIDRO;CASAMATA DE SAN ISIDRO DE EL GUARCO, CARTAGO;ASADA;Rural;3-002-333743;D;0;121;0;6;0;0;0;0;;2018-12-19;127;241.3;444.5;844.55;100-299;100-400
34;Región Central Este;2007;04465-2014;3-8-2;CARTAGO;EL GUARCO;308;SAN ISIDRO;PALMITAL SUR DE SAN ISIDRO DE EL GUARCO, CARTAGO;ASADA;Rural;3-002-568707;D;53;0;1;0;0;0;0;0;;2018-12-19;54;102.6;189;359.1;0-99;0-99
34;Región Central Este;2008;04567-2014;3-8-2;CARTAGO;EL GUARCO;308;SAN ISIDRO;HIGUITO DE SAN ISIDRO DEL GUARCO, CARTAGO;ASADA;Rural;3-002-358073;A;0;617;0;54;0;1;0;0;6;2018-12-19;672;1276.8;2352;4468.8;300-799;401-799
34;Región Central Este;2011;04620-2014;3-8-2;CARTAGO;EL GUARCO;308;SAN ISIDRO;PALMITAL NORTE DE SAN ISIDRO DE EL GUARCO, CARTAGO;ASADA;Rural;3-002-553461;C;123;0;0;0;0;0;0;0;1;2018-12-19;123;233.7;430.5;817.95;100-299;100-400
34;Región Central Este;2017;04653-2014;3-8-2;CARTAGO;EL GUARCO;308;SAN ISIDRO;LA LUCHITA DE SAN ISIDRO DE EL GUARCO, CARTAGO;ASADA;Rural;3-002-686577;B;0;51;0;2;0;0;0;0;;2020-03-17;53;100.7;185.5;352.45;0-99;0-99
34;Región Central Este;3017;00819-2014;3-8-4;CARTAGO;EL GUARCO;308;PATIO DE AGUA;SAN MARTIN DE PATIO DE AGUA DEL GUARCO, CARTAGO;ASADA;Rural;3-002-560838;C;0;13;0;0;0;0;0;0;;2018-12-19;13;24.7;45.5;86.45;0-99;0-99
33;Región Pacífico Central;2496;00006-2014;6-2-2;PUNTARENAS;ESPARZA;602;SAN JUAN GRANDE;SAN JUAN GRANDE Y CHIQUITO DE ESPARZA, PUNTARENAS;ASADA;Rural;3-002-253601;B;0;408;0;13;0;0;0;0;3;2020-04-29;421;799.9;1473.5;2799.65;300-799;401-799
33;Región Pacífico Central;2498;00068-2014;6-2-5;PUNTARENAS;ESPARZA;602;SAN JERONIMO;MESETAS DE SAN JERONIMO DE ESPARZA, PUNTARENAS;ASADA;Rural;3-002-630478;C;0;43;0;0;0;0;0;0;;2018-12-19;43;81.7;150.5;285.95;0-99;0-99
33;Región Pacífico Central;2513;00352-2014;6-2-4;PUNTARENAS;ESPARZA;602;SAN RAFAEL;BARON Y SAN RAFAEL DE ESPARZA, PUNTARENAS;ASADA;Rural;3-002-309151;B;0;314;0;14;0;0;0;0;;2018-12-19;328;623.2;1148;2181.2;300-799;100-400
33;Región Pacífico Central;2515;00355-2014;6-2-4;PUNTARENAS;ESPARZA;602;SAN RAFAEL;MICROCUENCA QUEBRADA LAS VUELTAS;ASADA;Rural;3002709539;D;0;98;0;2;0;0;0;0;;2018-12-19;100;190;350;665;100-299;100-400
33;Región Pacífico Central;2538;00410-2014;6-2-2;PUNTARENAS;ESPARZA;602;SAN JUAN GRANDE;JUANILAMA Y EL HUMO DE ESPIRITU SANTO DE ESPARZA, PUNTARENAS;ASADA;Rural;3-002-558948;C;0;404;0;8;0;0;0;0;;2018-12-19;412;782.8;1442;2739.8;300-799;401-799
33;Región Pacífico Central;2539;00413-2014;6-2-2;PUNTARENAS;ESPARZA;602;SAN JUAN GRANDE;GUADALUPE DE  SAN RAFAEL DE ESPARZA, PUNTARENAS;ASADA;Rural;3-002-201434;B;0;82;0;0;0;0;0;0;;2019-12-02;82;155.8;287;545.3;0-99;0-99
33;Región Pacífico Central;2672;04496-2014;6-2-4;PUNTARENAS;ESPARZA;602;SAN RAFAEL;ASENTAMIENTO EL BARON DE SAN RAFAEL DE ESPARZA, PUNTARENAS;ASADA;Rural;3-002-292965;C;0;163;0;10;0;0;0;0;;2018-12-19;173;328.7;605.5;1150.45;100-299;100-400
33;Región Pacífico Central;2700;04702-2014;6-2-4;PUNTARENAS;ESPARZA;602;SAN RAFAEL;QUINTAS DON FERNANDO DE SAN RAFAEL DE ESPARZA, PUNTARENAS;ASADA;Rural;3-002-594388;D;0;48;0;0;0;0;0;0;;2019-09-02;48;91.2;168;319.2;0-99;0-99
33;Región Pacífico Central;2980;01047-2015;6-2-5;PUNTARENAS;ESPARZA;602;SAN JERONIMO;SABANA BONITA DE ESPARZA;ASADA;Rural;3-002-697168;C;20;0;0;0;0;0;0;0;;2021-02-25;20;38;70;133;0-99;0-99
33;Región Pacífico Central;2569;00577-2014;6-11-2;PUNTARENAS;GARABITO;611;TARCOLES;LAGUNILLAS DE TARCOLES DE GARABITO, PUNTARENAS;ASADA;Rural;3-002-200528;C;0;820;0;28;2;0;0;0;3;2018-12-19;850;1615;2975;5652.5;800 a más;800 a más
33;Región Pacífico Central;2574;00600-2014;6-11-2;PUNTARENAS;GARABITO;611;TARCOLES;BAJAMAR DE TARCOLES DE GARABITO, PUNTARENAS;ASADA;Costera;3-002-310966;C;0;610;0;0;0;0;0;0;2;2018-12-19;610;1159;2135;4056.5;300-799;401-799
33;Región Pacífico Central;2575;00606-2014;6-11-2;PUNTARENAS;GARABITO;611;TARCOLES;PLAYA GUACALILLO DE TARCOLES DE GARABITO, PUNTARENAS;ASADA;Costera;3-002-241318;C;0;265;0;0;0;0;0;0;4;2018-12-19;265;503.5;927.5;1762.25;100-299;100-400
33;Región Pacífico Central;2577;00609-2014;6-11-2;PUNTARENAS;GARABITO;611;TARCOLES;PLAYA AZUL DE TARCOLES DE GARABITO, PUNTARENAS ;ASADA;Costera;3-002-366150;C;0;158;0;6;0;0;0;0;;2018-12-19;164;311.6;574;1090.6;100-299;100-400
33;Región Pacífico Central;2578;00611-2014;6-11-1;PUNTARENAS;GARABITO;611;JACO;PLAYA HERRADURA JACO DE GARABITO, PUNTARENAS;ASADA;Costera;3-002-191972;C;70;1480;0;0;0;0;0;0;19;2018-12-19;1550;2945;5425;10307.5;800 a más;800 a más
33;Región Pacífico Central;2579;00616-2014;6-11-2;PUNTARENAS;GARABITO;611;TARCOLES;TARCOLES DE GARABITO, PUNTARENAS;ASADA;Costera;3-002-247752;B;0;468;0;39;0;0;0;0;10;2020-04-07;507;963.3;1774.5;3371.55;300-799;401-799
33;Región Pacífico Central;2580;00617-2014;6-11-2;PUNTARENAS;GARABITO;611;TARCOLES;ASENTAMIENTO CUARROS DE TARCOLES DE GARABITO PUNTARENAS;ASADA;Costera;3-002-251159;C;0;187;0;0;0;0;0;0;1;2018-12-19;187;355.3;654.5;1243.55;100-299;100-400
33;Región Pacífico Central;2581;00618-2014;6-11-2;PUNTARENAS;GARABITO;611;TARCOLES;LA PITA DE POGERES DE TARCOLES DE GARABITO, PUNTARENAS;ASADA;Costera;3-002-408362;D;56;0;15;0;0;0;0;0;;2018-12-19;71;134.9;248.5;472.15;0-99;0-99
33;Región Pacífico Central;2583;00622-2014;6-11-2;PUNTARENAS;GARABITO;611;TARCOLES;QUEBRADA GANADO DE TARCOLES DE GARABITO, PUNTARENAS;ASADA;Costera;3-002-234262;A;0;1222;0;110;0;0;0;0;16;2020-03-16;1332;2530.8;4662;8857.8;800 a más;800 a más
33;Región Pacífico Central;2698;04676-2014;6-11-2;PUNTARENAS;GARABITO;611;TARCOLES;OASIS Y VILLA VERDE DE TARCOLES DE GARABITO, PUNTARENAS;ASADA;Costera;3-002-440230;D;0;20;0;0;0;0;0;0;5;2018-12-19;20;38;70;133;0-99;0-99
33;Región Pacífico Central;4260;05125-2018;6-11-1;PUNTARENAS;GARABITO;611;JACO;ASOCIACION ADMINISTRADORA DEL SISTEMA DE ACUEDUCTO Y ALCANTARILLADO LOS SUEÑOS FARO DE HERRADURA;ASADA;Rural;3-002-760412;C;0;133;0;15;0;0;0;0;;2020-06-19;148;281.2;518;984.2;100-299;100-400
30;Región Metropolitana;2790;00936-2014;1-8-6;SAN JOSE;GOICOECHEA;108;RANCHO REDONDO;RANCHO REDONDO DE GOICOECHEA, SAN JOSE                    ;ASADA;Rural;3-002-481977;C;0;195;0;0;0;0;0;0;9;2018-12-19;195;370.5;682.5;1296.75;100-299;100-400
1277;Región Brunca;2559;00523-2014;6-7-2;PUNTARENAS;GOLFITO;607;PUERTO JIMENEZ;DOS BRAZOS Y RIO TIGRE DE JIMENEZ DE GOLFITO, PUNTARENAS;ASADA;Rural;3-002-488659;C;0;70;0;8;0;0;0;0;;2018-12-19;78;148.2;273;518.7;0-99;0-99
1277;Región Brunca;2560;00526-2014;6-7-1;PUNTARENAS;GOLFITO;607;GOLFITO;ASADAGOL DE GOLFITO, PUNTARENAS;ASADA;Costera;3-002-204044;A;0;1255;0;224;0;0;0;0;112;2018-12-19;1479;2810.1;5176.5;9835.35;800 a más;800 a más
1277;Región Brunca;2598;01692-2014;6-7-1;PUNTARENAS;GOLFITO;607;GOLFITO;KILOMETRO 20 DE GOLFITO (AGROINDUSTRIAL, RESIDENCIAL UREÑA);ASADA;Rural;3-002-295466;C;0;260;0;0;0;0;0;0;1;2020-11-11;260;494;910;1729;100-299;100-400
1277;Región Brunca;2614;01757-2014;6-7-2;PUNTARENAS;GOLFITO;607;PUERTO JIMENEZ;CAÑAZA DE JIMENEZ DE GOLFITO PUNTARENAS;ASADA;Costera;3-002-272361;B;0;556;0;0;0;2;0;0;5;2018-12-19;558;1060.2;1953;3710.7;300-799;401-799
1277;Región Brunca;2615;01762-2014;6-7-3;PUNTARENAS;GOLFITO;607;GUAYCARA;LA GAMBA Y GUAYCARA DE GOLFITO PUNTARENAS;ASADA;Rural;3-002-229197;C;135;0;5;0;3;0;0;0;;2018-12-19;143;271.7;500.5;950.95;100-299;100-400
1277;Región Brunca;2628;01816-2014;6-7-1;PUNTARENAS;GOLFITO;607;GOLFITO;EL ALMENDRO (KM 6) DE GOLFITO, PUNTARENAS;ASADA;Costera;3-002-350232;C;0;548;0;16;0;0;0;0;5;2018-12-19;564;1071.6;1974;3750.6;300-799;401-799
1277;Región Brunca;2642;01885-2014;6-7-2;PUNTARENAS;GOLFITO;607;PUERTO JIMENEZ;PALO SECO Y AMAPOLA DE JIMENEZ DE GOLFITO, PUNTARENAS;ASADA;Costera;3-002-356506;B;0;144;0;7;0;0;0;0;;2018-12-19;151;286.9;528.5;1004.15;100-299;100-400
1277;Región Brunca;2644;01892-2014;6-7-4;PUNTARENAS;GOLFITO;607;PAVON;CONTE DE PAVON DE GOLFITO, PUNTARENAS;ASADA;Rural;3-002-210882;C;0;273;0;7;0;0;0;0;1;2018-12-19;280;532;980;1862;100-299;100-400
1277;Región Brunca;2660;03804-2014;6-7-3;PUNTARENAS;GOLFITO;607;GUAYCARA;LA ESPERANZA DE RÍO CLARO DE GOLFITO, PUNTARENAS;ASADA;Rural;3-002-586837;D;135;0;0;0;0;0;0;0;;2018-12-19;135;256.5;472.5;897.75;100-299;100-400
1277;Región Brunca;2661;03808-2014;6-7-2;PUNTARENAS;GOLFITO;607;PUERTO JIMENEZ;LA PALMA DE PUERTO JIMENEZ DE GOLFITO, PUNTARENAS;ASADA;Costera;3-002-298773;B;0;1208;0;92;0;0;0;0;5;2018-12-19;1300;2470;4550;8645;800 a más;800 a más
1277;Región Brunca;2677;04533-2014;6-7-4;PUNTARENAS;GOLFITO;607;PAVON;ALTO CONTE DE PAVON DE GOLFITO, PUNTARENAS;ASOCIACION DE DESARROLLO INDIGENA;Rural Indígena;3-002-0611737;D;48;0;0;0;0;0;0;0;;2018-12-19;48;91.2;168;319.2;0-99;0-99
1277;Región Brunca;2678;04534-2014;6-7-3;PUNTARENAS;GOLFITO;607;GUAYCARA;KILOMETRO 29 (VILLA FOSTER) DE GUAYCARA DE GOLFITO, PUNTAREN;CAAR;Rural;;D;10;0;0;0;0;0;0;0;;2018-12-19;10;19;35;66.5;0-99;0-99
1277;Región Brunca;2679;04536-2014;6-7-2;PUNTARENAS;GOLFITO;607;PUERTO JIMENEZ;MATAPALO DE JIEMENEZ DE GOLFITO, PUNTARENAS;ASADA;Costera;3-002-460691;D;85;0;0;0;0;0;0;0;;2018-12-19;85;161.5;297.5;565.25;0-99;0-99
1277;Región Brunca;2680;04538-2014;6-7-4;PUNTARENAS;GOLFITO;607;PAVON;PUNTA ZANCUDO DE PAVON DE GOLFITO, PUNTARENAS;ASADA;Costera;3-002-581741;C;0;354;0;16;0;0;0;0;8;2018-12-19;370;703;1295;2460.5;300-799;100-400
1277;Región Brunca;2690;04556-2014;6-7-3;PUNTARENAS;GOLFITO;607;GUAYCARA;VILLA BRICEÑO KILOMETRO 37 DE GOLFITO, PUNTARENAS;ASADA;Rural;3-002-283449;C;1;339;0;0;0;0;0;0;4;2020-02-18;340;646;1190;2261;300-799;100-400
1277;Región Brunca;2696;04638-2014;6-7-4;PUNTARENAS;GOLFITO;607;PAVON;LAS GEMELAS DE PAVONES, GOLFITO PUNTARENAS;ASADA;Costera;3-002-655039;D;7;80;0;0;0;0;0;0;;2018-12-19;87;165.3;304.5;578.55;0-99;0-99
1277;Región Brunca;4259;05124-2018;6-7-4;PUNTARENAS;GOLFITO;607;PAVON;COMITE EL PROGRESO;CAAR;Rural Indígena;;D;71;0;0;0;0;0;0;0;;2018-12-13;71;134.9;248.5;472.15;0-99;0-99
30;Región Metropolitana;1541;00375-2014;2-3-3;ALAJUELA;GRECIA;203;SAN JOSE;SANTA GERTRUDIS NORTE DE SAN JOSE DE GRECIA, ALAJUELA;ASADA;Rural;3-002-248602;B;0;900;0;0;0;0;0;0;7;2020-03-18;900;1710;3150;5985;800 a más;800 a más
30;Región Metropolitana;1568;01067-2014;2-3-3;ALAJUELA;GRECIA;203;SAN JOSE;LA ARENA SAN JOSE DE GRECIA, ALAJUELA;ASADA;Rural;3-002-210091;C;0;585;0;0;0;0;0;0;7;2018-12-19;585;1111.5;2047.5;3890.25;300-799;401-799
30;Región Metropolitana;1589;01106-2014;2-3-4;ALAJUELA;GRECIA;203;SAN ROQUE;CARBONAL(CRISTO REY) DE  SAN ROQUE DE GRECIA, ALAJUELA;ASADA;Rural;3-002-353549;B;0;378;0;0;0;0;0;0;7;2018-12-19;378;718.2;1323;2513.7;300-799;100-400
30;Región Metropolitana;1590;01107-2014;2-3-4;ALAJUELA;GRECIA;203;SAN ROQUE;BARRIO LATINO DE SAN ROQUE DE GRECIA, ALAJUELA (AGUALOTE);ASADA;Urbana;3-002-202256;B;0;593;0;172;0;0;0;0;15;2018-12-19;765;1453.5;2677.5;5087.25;300-799;401-799
30;Región Metropolitana;1592;01109-2014;2-3-4;ALAJUELA;GRECIA;203;SAN ROQUE;SAN MIGUEL DE SAN ROQUE DE GRECIA, ALAJUELA;ASADA;Urbana;3-002-251304;C;0;470;0;0;0;0;0;0;14;2018-12-19;470;893;1645;3125.5;300-799;401-799
30;Región Metropolitana;1593;01111-2014;2-3-4;ALAJUELA;GRECIA;203;SAN ROQUE;SAN ROQUE DE GRECIA, ALAJUELA;ASADA;Rural;3002218598;D;0;1800;0;0;0;0;0;0;;2018-12-19;1800;3420;6300;11970;800 a más;800 a más
30;Región Metropolitana;1594;01115-2014;2-3-5;ALAJUELA;GRECIA;203;TACARES;TACARES SUR DE GRECIA, ALAJUELA ;ASADA;Rural;3002247987;D;0;11;0;0;0;0;0;0;;2018-12-19;11;20.9;38.5;73.15;0-99;0-99
30;Región Metropolitana;1595;01118-2014;2-3-5;ALAJUELA;GRECIA;203;TACARES;BODEGAS Y PILAS DE TACARES, GRECIA ALAJUELA;ASADA;Rural;3002232910;D;0;748;0;0;0;0;0;0;;2018-12-19;748;1421.2;2618;4974.2;300-799;401-799
154;Región Huetar Norte;1596;01120-2014;2-3-6;ALAJUELA;GRECIA;203;RIO CUARTO;LA TABLA Y PINAR DE RIO CUARTO DE GRECIA, ALAJUELA;ASADA;Rural;3-002-340901;C;0;540;0;0;0;0;0;0;4;2020-09-25;540;1026;1890;3591;300-799;401-799
154;Región Huetar Norte;1597;01121-2014;2-3-6;ALAJUELA;GRECIA;203;RIO CUARTO;SANTA ISABEL DE RIO CUARTO DE GRECIA, ALAJUELA;ASADA;Rural;3-002-199116;B;0;1300;0;0;0;0;0;0;21;2018-12-19;1300;2470;4550;8645;800 a más;800 a más
154;Región Huetar Norte;1598;01122-2014;2-3-6;ALAJUELA;GRECIA;203;RIO CUARTO;SANTA RITA DE RIO CUARTO DE GRECIA, ALAJUELA;ASADA;Urbana;3-002-292690;C;0;750;0;0;0;0;0;0;14;2019-08-29;750;1425;2625;4987.5;300-799;401-799
154;Región Huetar Norte;1599;01124-2014;2-3-6;ALAJUELA;GRECIA;203;RIO CUARTO;RIO CUARTO DE GRECIA, ALAJUELA ;ASADA;Rural;3-002-245979;B;1125;0;50;0;0;0;0;0;13;2018-12-19;1175;2232.5;4112.5;7813.75;800 a más;800 a más
154;Región Huetar Norte;1600;01127-2014;2-3-6;ALAJUELA;GRECIA;203;RIO CUARTO;CRUCERO DE RIO CUARTO DE GRECIA, ALAJUELA;ASADA;Rural;3-002-624969;B;0;190;0;15;0;0;0;0;8;2018-12-19;205;389.5;717.5;1363.25;100-299;100-400
30;Región Metropolitana;1769;04157-2014;2-3-7;ALAJUELA;GRECIA;203;PUENTE DE PIEDRA;PUENTE DE PIEDRA DE GRECIA, ALAJUELA;ASADA;Rural;3-002-204043;C;0;2244;0;101;0;0;0;0;34;2018-12-19;2345;4455.5;8207.5;15594.25;800 a más;800 a más
30;Región Metropolitana;1771;04182-2014;2-3-1;ALAJUELA;GRECIA;203;GRECIA;SAN VICENTE DE GRECIA, ALAJUELA;ASADA;Rural;3-002-281649;C;0;174;0;4;0;0;0;0;2;2018-12-19;178;338.2;623;1183.7;100-299;100-400
30;Región Metropolitana;1772;04185-2014;2-3-2;ALAJUELA;GRECIA;203;SAN ISIDRO;SAN ISIDRO DE GRECIA, ALAJUELA;ASADA;Rural;3002208916;D;0;1680;0;0;0;0;0;0;;2018-12-19;1680;3192;5880;11172;800 a más;800 a más
30;Región Metropolitana;1773;04186-2014;2-3-3;ALAJUELA;GRECIA;203;SAN JOSE;CALLE GUAYABAL Y CEDRO DE SAN JOSE DE GRECIA, ALAJUELA;ASADA;Rural;3-002-298383;B;0;586;0;66;0;0;0;0;9;2018-12-19;652;1238.8;2282;4335.8;300-799;401-799
30;Región Metropolitana;1774;04187-2014;2-3-3;ALAJUELA;GRECIA;203;SAN JOSE;SANTA GERTRUDIS SUR DE SAN JOSE DE GRECIA, ALAJUELA;ASADA;Urbana;3-002-251302;C;0;369;0;8;0;0;0;3;8;2018-12-19;380;722;1330;2527;300-799;100-400
30;Región Metropolitana;1775;04188-2014;2-3-3;ALAJUELA;GRECIA;203;SAN JOSE;CALLE RODRIGUEZ DE SAN JOSE DE GRECIA, ALAJUELA;ASADA;Rural;3-002-245229;B;0;631;0;0;0;0;0;0;5;2019-09-09;631;1198.9;2208.5;4196.15;300-799;401-799
154;Región Huetar Norte;1776;04190-2014;2-3-6;ALAJUELA;GRECIA;203;RIO CUARTO;COLONIA TORO DE RIO CUARTO DE GRECIA, ALAJUELA;ASADA;Rural;3-002-317491;C;0;105;0;0;0;0;0;0;;2018-12-19;105;199.5;367.5;698.25;100-299;100-400
30;Región Metropolitana;1777;04192-2014;2-3-8;ALAJUELA;GRECIA;203;BOLIVAR;LOS ANGELES SAN JOSE VIRGENCITA DE BOLIVAR DE GRECIA, ALAJUE;ASADA;Rural;3002208106;C;0;1229;0;0;0;0;0;0;;2021-06-04;1229;2335.1;4301.5;8172.85;800 a más;800 a más
30;Región Metropolitana;1778;04193-2014;2-3-8;ALAJUELA;GRECIA;203;BOLIVAR;SAN LUIS DE BOLIVAR DE GRECIA, ALAJUELA;ASADA;Rural;3-002-329682;B;0;391;0;0;0;0;0;2;6;2018-12-19;393;746.7;1375.5;2613.45;300-799;100-400
30;Región Metropolitana;1779;04194-2014;2-3-8;ALAJUELA;GRECIA;203;BOLIVAR;SAN JUAN DE BOLIVAR DE GRECIA, ALAJUELA;ASADA;Rural;3-002-342333;C;0;620;0;10;0;0;0;0;4;2018-12-19;630;1197;2205;4189.5;300-799;401-799
30;Región Metropolitana;1804;04376-2014;2-3-8;ALAJUELA;GRECIA;203;BOLIVAR;EL CAJON DE BOLIVAR DE GRECIA, ALAJUELA;ASADA;Urbana;3-002-272727;B;0;519;0;16;0;0;0;0;7;2018-12-19;535;1016.5;1872.5;3557.75;300-799;401-799
154;Región Huetar Norte;1859;04690-2014;2-3-6;ALAJUELA;GRECIA;203;RIO CUARTO;TEN FE , LAGUNA HULE - DE RIO CUARTO GRECIA (PATA GALLO);ASADA;Rural;3-002-665093;D;81;0;0;0;0;0;0;0;;2018-12-19;81;153.9;283.5;538.65;0-99;0-99
30;Región Metropolitana;3142;04811-2016;2-3-1;ALAJUELA;GRECIA;203;GRECIA;LA GUARIA DE GRECIA;ASADA;Rural;3-002-309371;D;;;;;;;;;;;;;;;800 a más;800 a más
30;Región Metropolitana;3152;04935-2017;2-3-1;ALAJUELA;GRECIA;203;GRECIA;ASOCIACION ADMINISTRADORA DEL ACUEDUCTO Y ALCANTARILLADO DEL RESIDENCIAL LA GUARIA;ASADA;Urbana;;D;;;;;;;;;;;;;;;800 a más;800 a más
30;Región Metropolitana;4163;04974-2017;2-3-7;ALAJUELA;GRECIA;203;PUENTE DE PIEDRA;ASADA LOS LAURELES, GRECIA;ASADA;Rural;3-002-531303;D;0;17;0;0;0;0;0;0;;2021-05-19;17;32.3;59.5;113.05;0-99;0-99
37;Región Huetar Caribe;2439;01360-2014;7-6-4;LIMON;GUACIMO;706;RIO JIMENEZ;AGRIMAGA DE GUACIMO, LIMON;ASADA;Rural;3-002-750140;B;0;137;0;0;0;0;0;0;;2018-12-19;137;260.3;479.5;911.05;100-299;100-400
37;Región Huetar Caribe;2440;01361-2014;7-6-1;LIMON;GUACIMO;706;GUACIMO;COLINAS E ISLETAS DE GUACIMO, LIMON;ASADA;Rural;3-002-208114;C;52;0;0;0;0;0;2;0;;2018-12-19;54;102.6;189;359.1;0-99;0-99
37;Región Huetar Caribe;2441;01362-2014;7-6-1;LIMON;GUACIMO;706;GUACIMO;EL BOSQUE DE GUACIMO, LIMON;ASADA;Rural;3-002-579493;A;0;485;0;0;0;0;0;0;9;2019-05-24;485;921.5;1697.5;3225.25;300-799;401-799
37;Región Huetar Caribe;2442;01366-2014;7-6-3;LIMON;GUACIMO;706;POCORA;ARGENTINA, BARRIO EL CARMEN DE POCORA DE GUACIMO, LIMON;ASADA;Rural;3-002-553266;A;894;677;18;37;6;0;1;0;10;2018-12-19;1633;3102.7;5715.5;10859.45;800 a más;800 a más
37;Región Huetar Caribe;2443;01367-2014;7-6-1;LIMON;GUACIMO;706;GUACIMO;LA PERLA DE GUACIMO, LIMON;ASADA;Rural;3-002-209446;B;142;0;10;0;0;0;0;0;1;2018-12-19;152;288.8;532;1010.8;100-299;100-400
37;Región Huetar Caribe;2444;01369-2014;7-6-4;LIMON;GUACIMO;706;RIO JIMENEZ;LA LUCHA DE RIO JIMENEZ DE GUACIMO, LIMON;ASADA;Rural;3-002-322591;C;0;295;0;0;0;0;0;0;4;2018-12-19;295;560.5;1032.5;1961.75;100-299;100-400
37;Región Huetar Caribe;2445;01374-2014;7-6-5;LIMON;GUACIMO;706;DUACARI;LIMBO DE DUACARI DE GUACIMO, LIMON;ASADA;Rural;3-002-613279;B;0;460;0;0;0;0;0;0;5;2018-12-19;460;874;1610;3059;300-799;401-799
37;Región Huetar Caribe;2446;01375-2014;7-6-5;LIMON;GUACIMO;706;DUACARI;VILLA FRANCA DE DUACARI DE GUACIMO, LIMON;ASADA;Rural;3-002-207421;B;0;369;0;0;0;0;0;1;4;2018-12-19;370;703;1295;2460.5;300-799;100-400
37;Región Huetar Caribe;2447;01376-2014;7-6-5;LIMON;GUACIMO;706;DUACARI;PUEBLO NUEVO DE VILLA FRANCA DE DUACARI DE GUACIMO, LIMON;ASADA;Rural;3-002-560742;C;0;275;0;0;0;0;0;0;4;2018-12-19;275;522.5;962.5;1828.75;100-299;100-400
37;Región Huetar Caribe;2448;01378-2014;7-6-5;LIMON;GUACIMO;706;DUACARI;CARAMBOLAS DE DUACARI DE GUACIMO, LIMON;ASADA;Rural;3-002-314051;C;0;360;0;0;0;0;0;0;4;2018-12-19;360;684;1260;2394;300-799;100-400
37;Región Huetar Caribe;2455;04362-2014;7-6-4;LIMON;GUACIMO;706;RIO JIMENEZ;SANTA ROSA DE RIO JIMENEZ DE GUACIMO, LIMON;ASADA;Rural;3-002-297552;B;0;138;0;0;0;0;0;4;1;2018-12-19;142;269.8;497;944.3;100-299;100-400
37;Región Huetar Caribe;2476;04593-2014;7-6-3;LIMON;GUACIMO;706;POCORA;SAN FRANCISCO Y RIO PERLA DE POCORA DE GUACIMO, LIMON;ASADA;Rural;3-002-267670;C;60;0;0;0;0;0;0;0;;2018-12-19;60;114;210;399;0-99;0-99
154;Región Huetar Norte;1753;01595-2014;2-15-1;ALAJUELA;GUATUSO;215;SAN RAFAEL;PATASTILLO Y SANTA FE DE SAN RAFAEL DE GUATUSO, ALAJUELA;ASADA;Rural;3002207255;B;0;720;0;0;0;0;0;0;21;2021-04-09;720;1368;2520;4788;300-799;401-799
154;Región Huetar Norte;1754;01596-2014;2-15-1;ALAJUELA;GUATUSO;215;SAN RAFAEL;EL EDEN DE SAN RAFAEL DE GUATUSO, ALAJUELA ;ASADA;Rural;3-002-536090;D;0;129;0;0;0;0;0;0;;2020-04-16;129;245.1;451.5;857.85;100-299;100-400
154;Región Huetar Norte;1755;01597-2014;2-15-1;ALAJUELA;GUATUSO;215;SAN RAFAEL;PATASTE ABAJO DE SAN RAFAEL DE GUATUSO, ALAJUELA;ASADA;Rural;3-002-240513;B;0;166;0;0;0;0;0;0;5;2020-05-15;166;315.4;581;1103.9;100-299;100-400
154;Región Huetar Norte;1759;01601-2014;2-15-1;ALAJUELA;GUATUSO;215;SAN RAFAEL;ASADA DE MALEKU DE GUATUSO, ALAJUELA;ASOCIACION DE DESARROLLO INDIGENA;Rural Indígena;3002669134;D;0;313;0;0;0;0;0;0;2;2020-06-23;313;594.7;1095.5;2081.45;300-799;100-400
154;Región Huetar Norte;1760;01602-2014;2-15-2;ALAJUELA;GUATUSO;215;BUENAVISTA;SAN MIGUEL DE KATIRA DE GUATUSO, ALAJUELA;ASADA;Rural;3002239995;C;0;116;0;0;0;0;0;0;;2020-04-20;116;220.4;406;771.4;100-299;100-400
154;Región Huetar Norte;1761;01603-2014;2-15-1;ALAJUELA;GUATUSO;215;SAN RAFAEL;SAN RAFAEL DE GUATUSO, ALAJUELA;ASADA;Rural;3-002-289705;A;0;2315;0;0;0;0;0;0;30;2020-04-17;2315;4398.5;8102.5;15394.75;800 a más;800 a más
154;Región Huetar Norte;1762;01606-2014;2-15-2;ALAJUELA;GUATUSO;215;BUENAVISTA;RIO CELESTE COLONIA NARANJEÑA DE BUENAVISTA DE GUATUSO, ALAJ;ASADA;Rural;3-002-583358;C;0;450;0;0;0;0;0;0;1;2020-04-17;450;855;1575;2992.5;300-799;401-799
154;Región Huetar Norte;1763;01607-2014;2-15-2;ALAJUELA;GUATUSO;215;BUENAVISTA;FLORIDA DE BUENAVISTA DE GUATUSO, ALAJUELA;ASADA;Rural;3-002-316299;B;0;139;0;0;0;0;0;0;2;2018-12-19;139;264.1;486.5;924.35;100-299;100-400
154;Región Huetar Norte;1764;01608-2014;2-15-2;ALAJUELA;GUATUSO;215;BUENAVISTA;KATIRA DE BUENAVISTA DE GUATUSO, ALAJUELA;ASADA;Rural;3002195201;C;0;420;0;0;0;0;0;0;;2020-04-21;420;798;1470;2793;300-799;401-799
154;Región Huetar Norte;1765;01609-2014;2-15-3;ALAJUELA;GUATUSO;215;COTE;PEJIBAYE DE COTE DE GUATUSO, ALAJUELA;ASADA;Rural;3002273604;D;0;104;0;0;0;0;0;0;;2020-06-25;104;197.6;364;691.6;100-299;100-400
154;Región Huetar Norte;1766;01611-2014;2-15-3;ALAJUELA;GUATUSO;215;COTE;CABANGA DE COTE DE GUATUSO, ALAJUELA;ASADA;Rural;3002547892;B;0;243;0;0;0;0;0;0;2;2021-05-13;243;461.7;850.5;1615.95;100-299;100-400
154;Región Huetar Norte;1799;04234-2014;2-15-2;ALAJUELA;GUATUSO;215;BUENAVISTA;BUENA VISTA DE GUATUSO, ALAJUELA;ASADA;Rural;3002203957;A;0;2046;0;0;0;0;0;0;22;2020-04-17;2046;3887.4;7161;13605.9;800 a más;800 a más
30;Región Metropolitana;2324;00945-2014;4-1-5;HEREDIA;HEREDIA;401;VARABLANCA;VARABLANCA DE HEREDIA;ASADA;Rural;3-002-345044;D;180;0;0;0;0;0;0;0;4;2018-12-19;180;342;630;1197;100-299;100-400
30;Región Metropolitana;2325;00946-2014;4-1-5;HEREDIA;HEREDIA;401;VARABLANCA;SAN RAFAEL DE VARABLANCA, HEREDIA;ASADA;Rural;3-002-363302;C;60;0;0;0;0;0;0;0;;2018-12-19;60;114;210;399;0-99;0-99
30;Región Metropolitana;4305;05168-2020;4-1-3;HEREDIA;HEREDIA;401;SAN FRANCISCO;PINARES;ASADA;Rural;;D;;;;;;;;;;;;;;;800 a más;800 a más
1276;Región Chorotega;2258;00313-2014;5-11-3;GUANACASTE;HOJANCHA;511;PUERTO CARRILLO;BETANIA DE PUERTO CARRILLO DE HOJANCHA, GUANACASTE;ASADA;Rural;3002570351;C;0;19;0;0;0;0;0;0;;2020-01-01;19;36.1;66.5;126.35;0-99;0-99
1276;Región Chorotega;2259;00316-2014;5-11-3;GUANACASTE;HOJANCHA;511;PUERTO CARRILLO;TRES ESQUINAS DEL CRUCE EL CARMEN DE HOJANCHA DE GUANACASTE;ASADA;Costera;3-002-648815;B;0;313;0;21;0;0;0;0;;2020-01-01;334;634.6;1169;2221.1;300-799;100-400
1276;Región Chorotega;2260;00317-2014;5-11-4;GUANACASTE;HOJANCHA;511;HUACAS;HUACAS DE HOJANCHA, HOJANCHA GUANACASTE;ASADA;Rural;;D;0;170;0;0;0;0;0;0;;2020-01-01;170;323;595;1130.5;100-299;100-400
1276;Región Chorotega;2261;00319-2014;5-11-1;GUANACASTE;HOJANCHA;511;HOJANCHA;MARAVILLA DE HOJANCHA, GUANACASTE;ASADA;Rural;3-002-400082;D;0;53;0;0;0;0;0;0;;2020-01-01;53;100.7;185.5;352.45;0-99;0-99
1276;Región Chorotega;2262;00321-2014;5-11-1;GUANACASTE;HOJANCHA;511;HOJANCHA;MERCEDES DE HOJANCHA, GUANACASTE;CAAR;Rural;;D;0;14;0;0;0;0;0;0;;2018-12-19;14;26.6;49;93.1;0-99;0-99
1276;Región Chorotega;2263;00322-2014;5-11-1;GUANACASTE;HOJANCHA;511;HOJANCHA;MONTE ROMO DE HOJANCHA, GUANACASTE;ASADA;Rural;3-002-559320;C;0;103;0;0;0;0;0;0;;2018-12-19;103;195.7;360.5;684.95;100-299;100-400
1276;Región Chorotega;2264;00323-2014;5-11-1;GUANACASTE;HOJANCHA;511;HOJANCHA;PILANGOSTA DE HOJANCHA, GUANACASTE;ASADA;Rural;3002245241;B;0;143;5;0;0;0;0;4;;2020-01-01;152;288.8;532;1010.8;100-299;100-400
1276;Región Chorotega;2266;00325-2014;5-11-3;GUANACASTE;HOJANCHA;511;PUERTO CARRILLO;PUERTO CARRILLO DE HOJANCHA, GUANACASTE;ASADA;Costera;3002499410;C;0;184;0;8;0;0;0;0;4;2020-01-01;192;364.8;672;1276.8;100-299;100-400
1276;Región Chorotega;2267;00326-2014;5-11-2;GUANACASTE;HOJANCHA;511;MONTE ROMO;SAN ISIDRO DE HOJANCHA, GUANACASTE;ASADA;Rural;3002512199;B;0;34;0;3;0;0;0;0;;2020-01-01;37;70.3;129.5;246.05;0-99;0-99
1276;Región Chorotega;2268;00327-2014;5-11-1;GUANACASTE;HOJANCHA;511;HOJANCHA;SAN RAFAEL DE HOJANCHA, GUANACASTE;ASADA;Rural;3002634700;B;0;40;0;0;0;0;0;0;;2020-01-01;40;76;140;266;0-99;0-99
1276;Región Chorotega;2270;00329-2014;5-11-1;GUANACASTE;HOJANCHA;511;HOJANCHA;LAJAS DE HOJANCHA HOJANCHA GUANACASTE;ASADA;Rural;3002559273;D;0;20;0;0;0;0;0;0;;2018-12-19;20;38;70;133;0-99;0-99
1276;Región Chorotega;2271;00330-2014;5-11-1;GUANACASTE;HOJANCHA;511;HOJANCHA;SAN MIGUEL DE HOJANCHA GUANACASTE;ASADA;Rural;3002356507;D;24;0;0;0;0;0;0;0;;2018-12-19;24;45.6;84;159.6;0-99;0-99
1276;Región Chorotega;2272;00331-2014;5-11-1;GUANACASTE;HOJANCHA;511;HOJANCHA;SANTA MARTA DE HOJANCHA GUANACASTE;ASADA;Rural;3-002-335793;C;0;62;0;1;0;0;0;0;;2020-01-01;63;119.7;220.5;418.95;0-99;0-99
1276;Región Chorotega;2273;00332-2014;5-11-1;GUANACASTE;HOJANCHA;511;HOJANCHA;SOCORRO DE HOJANCHA, GUANACASTE;ASADA;Rural;3-002-577690;D;0;45;0;0;0;0;0;0;;2018-12-19;45;85.5;157.5;299.25;0-99;0-99
1276;Región Chorotega;2285;04421-2014;5-11-1;GUANACASTE;HOJANCHA;511;HOJANCHA;EL GUANACASTE DE HOJANCHA, GUANACASTE;CAAR;Rural;;D;0;33;0;0;0;0;0;0;;2018-12-19;33;62.7;115.5;219.45;0-99;0-99
34;Región Central Este;103;00719-2014;3-4-3;CARTAGO;JIMENEZ;304;PEJIBAYE;EL HUMO DE PEJIBAYE DE JIMENEZ, CARTAGO;ASADA;Urbana;3-002-204762;D;;;;;;;;;;;;;;;800 a más;800 a más
34;Región Central Este;1905;00697-2014;3-4-1;CARTAGO;JIMENEZ;304;JUAN VINAS;LOS ALPES DE JUAN VIÑAS, JIMENEZ CARTAGO;ASADA;Rural;3-002-204100;A;186;0;0;0;0;0;1;0;3;2018-12-19;187;355.3;654.5;1243.55;100-299;100-400
34;Región Central Este;1909;00703-2014;3-4-1;CARTAGO;JIMENEZ;304;JUAN VINAS;SANTA EDUVIGES DE JUAN VIÑAS DE JIMENEZ, CARTAGO;ASADA;Rural;3-002-350479;D;123;0;0;0;0;0;0;0;;2018-12-19;123;233.7;430.5;817.95;100-299;100-400
34;Región Central Este;1911;00707-2014;3-4-1;CARTAGO;JIMENEZ;304;JUAN VINAS;JUAN VIÑAS DE JIMENEZ, CARTAGO;ASADA;Rural;3-002-228018;D;150;33;0;3;0;0;0;0;;2018-12-19;186;353.4;651;1236.9;100-299;100-400
34;Región Central Este;1912;00709-2014;3-4-2;CARTAGO;JIMENEZ;304;TUCURRIQUE;EL CONGO DE TUCURRIQUE DE JIMENEZ, CARTAGO;ASADA;Rural;3-002-389636;B;0;55;0;0;0;0;0;0;1;2020-03-19;55;104.5;192.5;365.75;0-99;0-99
34;Región Central Este;1913;00713-2014;3-4-2;CARTAGO;JIMENEZ;304;TUCURRIQUE;LAS VUELTAS DE TUCURRIQUE DE JIMENEZ, CARTAGO;CAAR;Rural;3-002-702971;D;308;5;0;0;0;0;0;0;5;2018-12-19;313;594.7;1095.5;2081.45;300-799;100-400
34;Región Central Este;1914;00714-2014;3-4-2;CARTAGO;JIMENEZ;304;TUCURRIQUE;ASOCIACIÓN ADMINISTRADORA DEL ACUEDUCTO RURAL DEL DISTRITO DE TUCURRIQUE;ASADA;Rural;3-002-207743;A;0;1372;0;94;0;0;0;0;20;2020-09-18;1466;2785.4;5131;9748.9;800 a más;800 a más
34;Región Central Este;1917;00717-2014;3-4-3;CARTAGO;JIMENEZ;304;PEJIBAYE;SAN JOAQUIN DE PEJIBAYE DE JIMENEZ, CARTAGO;ASADA;Rural;3-002-684280;D;67;0;0;0;0;0;3;0;;2018-12-19;70;133;245;465.5;0-99;0-99
34;Región Central Este;1918;00720-2014;3-4-3;CARTAGO;JIMENEZ;304;PEJIBAYE;PEJIBAYE DE JIMENEZ, CARTAGO;ASADA;Rural;3-002-231036;A;993;18;0;0;0;0;0;0;2;2020-03-10;1011;1920.9;3538.5;6723.15;800 a más;800 a más
34;Región Central Este;3015;00705-2014;3-4-1;CARTAGO;JIMENEZ;304;JUAN VINAS;SAN MARTIN DE JUAN VIÑAS DE JIMENEZ, CARTAGO;ASADA;Rural;3-002-304742;D;88;0;0;0;0;0;3;0;;2018-12-19;91;172.9;318.5;605.15;0-99;0-99
1276;Región Chorotega;2250;00299-2014;5-10-1;GUANACASTE;LA CRUZ;510;LA CRUZ;SAN DIMAS - LAS VUETAS -COPALCHI Y EL ENCANTO DE LA CRUZ GTE;ASADA;Rural;3002328456;C;0;375;0;5;0;0;0;5;1;2020-01-01;385;731.5;1347.5;2560.25;300-799;100-400
1276;Región Chorotega;2251;00301-2014;5-10-1;GUANACASTE;LA CRUZ;510;LA CRUZ;COLONIA BOLAÑOS DE LA CRUZ, GUANACASTE;ASADA;Rural;3-002-301806;D;0;102;0;4;0;0;0;0;;2018-12-19;106;201.4;371;704.9;100-299;100-400
1276;Región Chorotega;2252;00303-2014;5-10-3;GUANACASTE;LA CRUZ;510;GARITA;BRISAS DE LA GARITA DE LA CRUZ, GUANACASTE;ASADA;Rural;3-002-648761;D;0;60;0;0;0;0;0;0;;2018-12-19;60;114;210;399;0-99;0-99
1276;Región Chorotega;2253;00306-2014;5-10-2;GUANACASTE;LA CRUZ;510;SANTA CECILIA;BELICE DE SANTA CECILIA DE LA CRUZ, GUANACASTE;ASADA;Rural;3-002-697850;D;0;65;0;0;0;0;0;0;;2018-12-19;65;123.5;227.5;432.25;0-99;0-99
1276;Región Chorotega;2254;00309-2014;5-10-3;GUANACASTE;LA CRUZ;510;GARITA;LA GARITA DE LA CRUZ, GUANACASTE;ASADA;Rural;3002554334;C;0;300;0;0;0;0;0;0;2;2020-01-01;300;570;1050;1995;300-799;100-400
1276;Región Chorotega;2255;00310-2014;5-10-1;GUANACASTE;LA CRUZ;510;LA CRUZ;JUNTAS DE CAOBA DE LA CRUZ, GUANACASTE;ASADA;Rural;3-002-317896;C;0;210;0;0;0;0;0;0;;2020-04-14;210;399;735;1396.5;100-299;100-400
1276;Región Chorotega;2256;00311-2014;5-10-1;GUANACASTE;LA CRUZ;510;LA CRUZ;SONZAPOTE Y GUAPINOL DE LA GARITA DE LA CRUZ, GUANACASTE;ASADA;Rural;3102206559;D;0;184;0;0;0;0;0;0;;2020-01-01;184;349.6;644;1223.6;100-299;100-400
1276;Región Chorotega;2257;00312-2014;5-10-4;GUANACASTE;LA CRUZ;510;SANTA ELENA;CUAJINIQUIL DE SANTA ELENA DE LA CRUZ, GUANACASTE;ASADA;Costera;3002199364;B;0;603;0;96;0;0;0;0;5;2020-01-01;699;1328.1;2446.5;4648.35;300-799;401-799
1276;Región Chorotega;2282;04396-2014;5-10-2;GUANACASTE;LA CRUZ;510;SANTA CECILIA;SANTA CECILIA DE LA CRUZ, GUANACASTE;ASADA;Rural;3002198867;B;0;1400;0;0;0;0;0;0;6;2021-06-01;1400;2660;4900;9310;800 a más;800 a más
1276;Región Chorotega;2291;04442-2014;5-10-3;GUANACASTE;LA CRUZ;510;GARITA;ASENTAMIENTO EL GALLO DE LA GARITA DE LA CRUZ, GUANACASTE;ASADA;Rural;3002473741;D;0;76;0;0;0;0;0;0;;2020-04-21;76;144.4;266;505.4;0-99;0-99
1276;Región Chorotega;3160;04944-2017;5-10-3;GUANACASTE;LA CRUZ;510;GARITA;ASOCIACIÓN ADMINISTRADORA DEL ACUEDUCTO Y ALCANTARILLADO DE EL PORVENIR, LA CRUZ GUANACASTE;ASADA;Rural;3-002-693701;D;0;0;0;0;0;0;0;0;;2020-01-01;0;0;0;0;0-99;0-99
34;Región Central Este;1907;00700-2014;3-3-4;CARTAGO;LA UNION;303;SAN RAFAEL;VILLA ALEGRE DE SAN RAFAEL DE LA UNION, CARTAGO;ASADA;Rural;3002328815;D;37;0;0;0;0;0;0;0;;2020-06-19;37;70.3;129.5;246.05;0-99;0-99
34;Región Central Este;1908;00701-2014;3-3-4;CARTAGO;LA UNION;303;SAN RAFAEL;SAN VICENTE DE SAN RAFAEL DE LA UNION, CARTAGO;ASADA;Rural;3-002-328814;D;0;210;0;0;0;0;0;0;;2020-05-27;210;399;735;1396.5;100-299;100-400
34;Región Central Este;2001;04409-2014;3-3-6;CARTAGO;LA UNION;303;DULCE NOMBRE;LA CIMA DE DULCE NOMBRE DE LA UNION, CARTAGO;ASADA;Rural;3002328260;D;0;169;0;0;0;0;0;0;;2020-03-06;169;321.1;591.5;1123.85;100-299;100-400
34;Región Central Este;2005;04461-2014;3-3-8;CARTAGO;LA UNION;303;RIO AZUL;CALLE LAUREL Y LINDA VISTA DE RIO AZUL DE LA UNION, CARTAGO;ASADA;Urbana;3-002-285973;C;8;196;0;0;0;0;0;0;1;2018-12-19;204;387.6;714;1356.6;100-299;100-400
34;Región Central Este;2718;00756-2014;1-20-1;SAN JOSE;LEON CORTES;120;SAN PABLO;CARRIZAL DE SAN PABLO DE LEON CORTEZ, SAN JOSE;ASADA;Rural;3-002-244958;C;0;228;0;0;0;0;0;4;1;2018-12-19;232;440.8;812;1542.8;100-299;100-400
34;Región Central Este;2734;00848-2014;1-20-3;SAN JOSE;LEON CORTES;120;LLANO BONITO;SAN FRANCISCO DE LLANO BONITO DE LEON CORTES, SAN JOSE;ASADA;Rural;3-002-246869;D;131;0;0;0;0;0;0;0;1;2018-12-19;131;248.9;458.5;871.15;100-299;100-400
34;Región Central Este;2735;00850-2014;1-20-3;SAN JOSE;LEON CORTES;120;LLANO BONITO;SANTA JUANA DE LLANO BONITO DE LEON CORTES, SAN JOSE;ASADA;Rural;3-002-599340;C;42;0;0;0;0;0;0;0;;2018-12-19;42;79.8;147;279.3;0-99;0-99
34;Región Central Este;2736;00851-2014;1-20-3;SAN JOSE;LEON CORTES;120;LLANO BONITO;SANTA ROSA ARRIBA DE LLANO BONITO DE LEON CORTES, SAN JOSE;ASADA;Rural;3-002-451383;D;0;33;0;0;0;0;2;0;;2018-12-19;35;66.5;122.5;232.75;0-99;0-99
34;Región Central Este;2737;00853-2014;1-20-3;SAN JOSE;LEON CORTES;120;LLANO BONITO;LLANO BONITO DE LEON CORTES, SAN JOSE;ASADA;Rural;3-002-219696;C;0;532;0;0;0;0;0;0;3;2018-12-19;532;1010.8;1862;3537.8;300-799;401-799
34;Región Central Este;2738;00854-2014;1-20-4;SAN JOSE;LEON CORTES;120;SAN ISIDRO;TRINIDAD DE SAN ISIDRO DE LEON CORTES, SAN JOSE;ASADA;Rural;3-002-231704;B;0;100;0;0;0;0;0;0;;2020-05-26;100;190;350;665;100-299;100-400
34;Región Central Este;2739;00855-2014;1-20-4;SAN JOSE;LEON CORTES;120;SAN ISIDRO;SAN ISIDRO DE LEON CORTES, SAN JOSE;ASADA;Rural;3-002-219589;B;42;263;0;0;0;9;0;0;2;2018-12-19;314;596.6;1099;2088.1;300-799;100-400
34;Región Central Este;2740;00857-2014;1-20-4;SAN JOSE;LEON CORTES;120;SAN ISIDRO;SAN MARTIN DE SAN ISIDRO DE LEON CORTES, SAN JOSE;ASADA;Rural;3-002-295493;C;0;52;0;2;0;0;0;0;;2018-12-19;54;102.6;189;359.1;0-99;0-99
34;Región Central Este;2913;04167-2014;1-20-2;SAN JOSE;LEON CORTES;120;SAN ANDRES;LA ANGOSTURA DE SAN ANDRES DE LEON CORTES, SAN JOSE;ASADA;Rural;3-002-286987;C;0;153;0;0;0;0;0;0;1;2018-12-19;153;290.7;535.5;1017.45;100-299;100-400
34;Región Central Este;2914;04168-2014;1-20-2;SAN JOSE;LEON CORTES;120;SAN ANDRES;OJO DE AGUA DE SAN ANDRES DE LEON CORTES, SAN JOSE;ASADA;Rural;3-002-211389;D;110;0;0;0;0;0;0;0;;2018-12-19;110;209;385;731.5;100-299;100-400
34;Región Central Este;2915;04169-2014;1-20-2;SAN JOSE;LEON CORTES;120;SAN ANDRES;SAN ANDRES DE LEON CORTES, SAN JOSE;ASADA;Rural;3-002-218191;C;0;273;0;13;0;0;0;0;;2020-05-26;286;543.4;1001;1901.9;100-299;100-400
34;Región Central Este;2916;04172-2014;1-20-5;SAN JOSE;LEON CORTES;120;SANTA CRUZ;LA CUESTA DE SANTA CRUZ DE LEON CORTES, SAN JOSE;ASADA;Rural;3-002-487969;D;115;0;0;0;0;0;0;0;1;2018-12-19;115;218.5;402.5;764.75;100-299;100-400
34;Región Central Este;2917;04173-2014;1-20-5;SAN JOSE;LEON CORTES;120;SANTA CRUZ;SANTA CRUZ DE LEON CORTES, SAN JOSE;ASADA;Rural;3-002-659083;C;0;89;0;0;0;0;0;0;;2018-12-19;89;169.1;311.5;591.85;0-99;0-99
34;Región Central Este;2920;04391-2014;1-20-1;SAN JOSE;LEON CORTES;120;SAN PABLO;BARRIO SAGRADA FAMILIA DE SAN PABLO DE LEON CORTES, SAN JOSE;ASADA;Urbana;3-002-292675;D;0;110;0;3;0;0;0;0;1;2018-12-19;113;214.7;395.5;751.45;100-299;100-400
34;Región Central Este;2922;04393-2014;1-20-6;SAN JOSE;LEON CORTES;120;SAN ANTONIO;SAN ANTONIO DE LEON CORTES, SAN JOSE;ASADA;Rural;3-002-228234;B;0;209;0;0;0;0;0;1;3;2018-12-19;210;399;735;1396.5;100-299;100-400
34;Región Central Este;2927;04429-2014;1-20-5;SAN JOSE;LEON CORTES;120;SANTA CRUZ;CEDRAL DE SANTA CRUZ DE LEON CORTES, SAN JOSE;ASADA;Rural;3-002-399132;C;0;207;0;4;0;0;0;0;2;2018-12-19;211;400.9;738.5;1403.15;100-299;100-400
34;Región Central Este;2928;04430-2014;1-20-1;SAN JOSE;LEON CORTES;120;SAN PABLO;BARRIO EL ESTADIO DE SAN PABLO DE LEON CORTES, SAN JOSE;ASADA;Rural;3-002-264866;D;0;42;0;0;0;0;0;0;;2018-12-19;42;79.8;147;279.3;0-99;0-99
34;Región Central Este;2929;04431-2014;1-20-2;SAN JOSE;LEON CORTES;120;SAN ANDRES;HIGUERON DE SAN ANDRES DE LEON CORTES, SAN JOSE;CAAR;Rural;;D;0;38;0;0;0;0;0;0;;2018-12-19;38;72.2;133;252.7;0-99;0-99
1276;Región Chorotega;2022;00001-2014;5-1-1;GUANACASTE;LIBERIA;501;LIBERIA;COLORADO DE LIBERIA, GUANACASTE;ASADA;Rural;3002573274;C;1;249;0;0;0;0;0;0;;2021-05-04;250;475;875;1662.5;100-299;100-400
1276;Región Chorotega;2023;00003-2014;5-1-4;GUANACASTE;LIBERIA;501;NACASCOLO;LA ZANJITA Y LOS LAGOS DE LIBERIA, GUANACASTE;ASADA;Rural;3002475780;C;0;155;0;20;0;0;0;0;2;2020-01-01;175;332.5;612.5;1163.75;100-299;100-400
1276;Región Chorotega;2024;00004-2014;5-1-1;GUANACASTE;LIBERIA;501;LIBERIA;TERREROS (ASENTAMIENTO IDA) DE LIBERIA GUANACASTE;ASADA;Rural;3-002-345144;C;0;61;0;0;0;0;0;0;;2020-01-01;61;115.9;213.5;405.65;0-99;0-99
1276;Región Chorotega;2025;00007-2014;5-1-5;GUANACASTE;LIBERIA;501;CURUBANDE;BUENAVISTA DE CAÑAS DULCES DE CURUBANDE DE LIBERIA, GUANACAS;ASADA;Rural;3002424151;D;0;205;0;0;0;0;0;0;1;2020-01-01;205;389.5;717.5;1363.25;100-299;100-400
1276;Región Chorotega;2276;04287-2014;5-1-3;GUANACASTE;LIBERIA;501;MAYORGA;EL CONSUELO DE QUEBRADA GRANDE DE LIBERIA, GUANACASTE;ASADA;Rural; 3-002-331837;D;0;40;0;0;0;0;0;2;;2020-01-01;42;79.8;147;279.3;0-99;0-99
1276;Región Chorotega;2290;04438-2014;5-1-4;GUANACASTE;LIBERIA;501;NACASCOLO;EL TRIUNFO DE GUARDIA DE NACASCOLO DE LIBERIA, GUANACASTE;ASADA;Costera;3002703465;C;0;37;0;0;0;0;0;0;;2018-12-19;37;70.3;129.5;246.05;0-99;0-99
1276;Región Chorotega;2307;04681-2014;5-1-2;GUANACASTE;LIBERIA;501;CANAS DULCES;CEDRO DE CAÑAS DULCES DE LIBERIA, GUANACASTE;ASADA;Rural;3-002-490671;D;30;0;0;0;1;0;0;0;;2018-12-19;31;58.9;108.5;206.15;0-99;0-99
1276;Región Chorotega;4281;05144-2019;5-1-2;GUANACASTE;LIBERIA;501;CANAS DULCES;LAS LILAS DE CAÑAS DULCE;CAAR;Sin Selección;;D;0;0;0;0;0;0;0;0;;2020-01-01;0;0;0;0;0-99;0-99
37;Región Huetar Caribe;2358;00083-2014;7-1-3;LIMON;LIMON;701;RIO BLANCO;SANTA RITA DE DE RIO BLANCO, LIMON;ASADA;Rural;3-002-417598;D;4;114;0;4;0;0;0;0;;2018-12-19;122;231.8;427;811.3;100-299;100-400
37;Región Huetar Caribe;2360;01217-2014;7-1-2;LIMON;LIMON;701;VALLE DE LA ESTRELLA;CERERE DE VALLE DE LA ESTRELLA, LIMON;ASADA;Rural Indígena;3-002-324048;C;56;0;0;0;0;0;0;0;;2018-12-19;56;106.4;196;372.4;0-99;0-99
37;Región Huetar Caribe;2361;01219-2014;7-1-2;LIMON;LIMON;701;VALLE DE LA ESTRELLA;PUEBLO NUEVO Y VALLE LAS ROSAS DE VALLE LA ESTRELLA, LIMON;ASADA;Rural;3-002-676476;C;0;293;0;2;0;0;0;0;1;2020-09-21;295;560.5;1032.5;1961.75;100-299;100-400
37;Región Huetar Caribe;2362;01222-2014;7-1-2;LIMON;LIMON;701;VALLE DE LA ESTRELLA;PENSHURT Y BONIFACIO DE VALLE LA ESTRELLA, LIMON;ASADA;Costera;3-002-258686;B;0;437;0;20;0;0;0;0;4;2018-12-19;457;868.3;1599.5;3039.05;300-799;401-799
37;Región Huetar Caribe;2363;01223-2014;7-1-3;LIMON;LIMON;701;RIO BLANCO;ASOCIACION ADMINISTRADORA DEL ACUEDUCTO Y ALCANTARILLADO SANITARIO DEL DISTRITO DE RIO BLANCO;ASADA;Rural;3-002-241443;A;0;1826;0;74;0;0;0;0;13;2018-12-19;1900;3610;6650;12635;800 a más;800 a más
37;Región Huetar Caribe;2365;01227-2014;7-1-4;LIMON;LIMON;701;MATAMA;DONDONIA DE MATAMA, LIMON  MONTINCOU;ASADA;Rural;3-002-292424;C;0;149;0;1;0;0;0;0;1;2018-12-19;150;285;525;997.5;100-299;100-400
37;Región Huetar Caribe;2366;01228-2014;7-1-4;LIMON;LIMON;701;MATAMA;BANANITO NORTE Y SUR DE MATAMA, LIMON;ASADA;Costera;3-002-558824;B;15;664;0;30;0;0;0;0;13;2018-12-19;709;1347.1;2481.5;4714.85;300-799;401-799
37;Región Huetar Caribe;2456;04378-2014;7-1-3;LIMON;LIMON;701;RIO BLANCO;LOMA LINDA(RECOPE), LIMON;ASADA;Costera;3-002-347096;C;0;45;0;0;0;1;0;0;;2018-12-19;46;87.4;161;305.9;0-99;0-99
37;Región Huetar Caribe;2459;04398-2014;7-1-1;LIMON;LIMON;701;LIMON;WAGHOPE Y VALLE DE LA AURORA DE VALLE LA ESTRELLA, LIMON;ASADA;Rural;3-002-292429;D;127;0;0;0;0;0;0;0;;2018-12-19;127;241.3;444.5;844.55;100-299;100-400
37;Región Huetar Caribe;2462;04451-2014;7-1-2;LIMON;LIMON;701;VALLE DE LA ESTRELLA;LA COLONIA DE VALLE DE LA ESTRELLA, LIMON;ASADA;Rural;3-002-660068;C;0;125;0;0;0;0;0;0;;2018-12-19;125;237.5;437.5;831.25;100-299;100-400
37;Región Huetar Caribe;2463;04452-2014;7-1-3;LIMON;LIMON;701;RIO BLANCO;LAS BRISAS DE PEJE Y QUITO DE RIO BLANCO, LIMON;ASADA;Rural;3-002-619648;C;0;249;0;0;0;0;0;0;;2019-08-13;249;473.1;871.5;1655.85;100-299;100-400
37;Región Huetar Caribe;2478;04630-2014;7-1-4;LIMON;LIMON;701;MATAMA;AGUAS ZARCAS Y LA BOMBA DE LIMON;ASADA;Rural;3-002-580335;D;47;0;0;0;0;0;0;0;;2018-12-19;47;89.3;164.5;312.55;0-99;0-99
37;Región Huetar Caribe;2479;04631-2014;7-1-4;LIMON;LIMON;701;MATAMA;MARIA LUISA Y LA BOMBA DE LIMON;ASADA;Rural;3-002-666065;D;74;0;0;0;0;0;0;0;;2018-12-19;74;140.6;259;492.1;0-99;0-99
37;Región Huetar Caribe;2491;04777-2014;7-1-2;LIMON;LIMON;701;VALLE DE LA ESTRELLA;CERERE DEL VALLE LA ESTRELLA, LIMON (INDIGENA);ASADA;Rural;;D;0;90;0;0;0;0;0;0;;2018-12-19;90;171;315;598.5;0-99;0-99
37;Región Huetar Caribe;2493;04784-2014;7-1-2;LIMON;LIMON;701;VALLE DE LA ESTRELLA;LA PLASTICA SAN RAFAEL LAS NUBES Y PLEYADES DEL VALLE LA ESTRELLA;ASADA EN CONSTRUCCIÓN;Rural;3-002-570079;D;0;315;0;0;0;0;0;0;;2018-12-19;315;598.5;1102.5;2094.75;300-799;100-400
37;Región Huetar Caribe;2494;04793-2014;7-1-2;LIMON;LIMON;701;VALLE DE LA ESTRELLA;ASOCIACION ADMINISTRADORA DEL ACUEDUCTO Y ALCANTARILLADO SANITARIO NUEVA GENERACION DE SAN CLEMENTE DISTRITO VALLE DE ESTRELLA CANTON LIMON PROVINCIA LIMON;ASADA;Costera;3-002-781031;B;76;49;0;0;0;0;0;0;;2018-12-19;125;237.5;437.5;831.25;100-299;100-400
37;Región Huetar Caribe;3019;01225-2014;7-1-3;LIMON;LIMON;701;RIO BLANCO;MIRAVALLES DE RIO BLANCO, LIMON;ASOCIACION DE DESARROLLO INDIGENA;Rural;3-002-611659;D;50;0;0;0;0;0;0;0;;2018-12-19;50;95;175;332.5;0-99;0-99
37;Región Huetar Caribe;4276;05139-2019;7-1-2;LIMON;LIMON;701;VALLE DE LA ESTRELLA;BOCUARE;CAAR;Rural;;D;;;;;;;;;;;;;;;800 a más;800 a más
37;Región Huetar Caribe;4289;05152-2019;7-1-2;LIMON;LIMON;701;VALLE DE LA ESTRELLA;ASOCIACIÓN DE DESARROLLO INDÍGENA INTEGRAL RESERVA INDÍGENA CABECAR TAYNI, LIMÓN;ASADA EN CONSTRUCCIÓN;Rural Indígena;3-002-061490;D;0;410;0;0;0;0;0;0;;2020-06-15;410;779;1435;2726.5;300-799;401-799
154;Región Huetar Norte;1745;01573-2014;2-14-1;ALAJUELA;LOS CHILES;214;LOS CHILES;EL PARQUE DE LOS CHILES, ALAJUELA;ASADA;Rural;3-002-301671;C;0;719;0;1;0;0;0;0;7;2020-01-01;720;1368;2520;4788;300-799;401-799
154;Región Huetar Norte;1746;01575-2014;2-14-1;ALAJUELA;LOS CHILES;214;LOS CHILES;SANTA FE DE LOS CHILES, ALAJUELA;ASADA;Rural;3002317898;C;0;219;0;1;0;0;0;0;;2020-01-01;220;418;770;1463;100-299;100-400
154;Región Huetar Norte;1747;01579-2014;2-14-3;ALAJUELA;LOS CHILES;214;AMPARO;LA VIRGEN Y COROZO DEL AMPARO DE LOS CHILES, ALAJUELA;ASADA;Rural;3002382495;C;0;172;0;0;0;0;0;0;2;2020-01-01;172;326.8;602;1143.8;100-299;100-400
154;Región Huetar Norte;1748;01585-2014;2-14-3;ALAJUELA;LOS CHILES;214;AMPARO;PAVON DE EL AMPARO DE LOS CHILES, ALAJUELA ;ASADA;Rural;3-002-198337;A;1;926;0;0;0;0;0;0;17;2021-05-27;927;1761.3;3244.5;6164.55;800 a más;800 a más
154;Región Huetar Norte;1749;01587-2014;2-14-3;ALAJUELA;LOS CHILES;214;AMPARO;SAN ANTONIO DE COBANO,DOS AGUAS, ALTO LOS REYES LOS CHILES;ASADA;Rural;3002261005;B;0;271;0;25;0;0;0;0;3;2020-01-01;296;562.4;1036;1968.4;100-299;100-400
154;Región Huetar Norte;1750;01588-2014;2-14-3;ALAJUELA;LOS CHILES;214;AMPARO;SAN JOSE DE EL AMPARO DE LOS CHILES, ALAJUELA;ASADA;Rural;3002289709;C;0;180;0;4;0;0;0;0;1;2020-01-01;184;349.6;644;1223.6;100-299;100-400
154;Región Huetar Norte;1751;01590-2014;2-14-3;ALAJUELA;LOS CHILES;214;AMPARO;VASCONIA DE EL AMPARO DE LOS CHILES, ALAJUELA;ASADA;Rural;3002318178;D;0;100;0;0;0;0;0;0;;2020-01-01;100;190;350;665;100-299;100-400
154;Región Huetar Norte;1810;04402-2014;2-14-1;ALAJUELA;LOS CHILES;214;LOS CHILES;LAS NUBES DE LOS CHILES, ALAJUELA;ASADA;Rural;3002315510;B;0;144;0;0;0;0;0;0;2;2020-01-01;144;273.6;504;957.6;100-299;100-400
154;Región Huetar Norte;1828;04605-2014;2-14-1;ALAJUELA;LOS CHILES;214;LOS CHILES;BELLO HORIZONTE DE CAÑO NEGRO DE LOS CHILES, ALAJUELA;ASADA;Rural;3002450000;B;0;390;1;2;0;0;0;0;11;2020-01-01;393;746.7;1375.5;2613.45;300-799;100-400
154;Región Huetar Norte;1832;04616-2014;2-14-3;ALAJUELA;LOS CHILES;214;AMPARO;ARCO IRIS DE EL AMPARO DE LOS CHILES, ALAJUELA;ASADA;Rural;3002524718;C;0;44;0;0;0;0;0;0;2;2020-01-01;44;83.6;154;292.6;0-99;0-99
154;Región Huetar Norte;1840;04644-2014;2-14-1;ALAJUELA;LOS CHILES;214;LOS CHILES;MEDIO QUESO DE LOS CHILES, ALAJUELA;ASADA;Rural;3002337910;B;0;225;0;5;0;0;0;0;2;2020-01-01;230;437;805;1529.5;100-299;100-400
154;Región Huetar Norte;1841;04645-2014;2-14-1;ALAJUELA;LOS CHILES;214;LOS CHILES;CUATRO ESQUINAS DE LOS CHILES, ALAJUELA;ASADA;Rural;3-002-445162;C;0;160;0;20;0;0;0;0;2;2020-01-01;180;342;630;1197;100-299;100-400
154;Región Huetar Norte;1842;04646-2014;2-14-1;ALAJUELA;LOS CHILES;214;LOS CHILES;COQUITAL DE LOS CHILES, ALAJUELA;ASADA;Rural;3-002-570433;C;0;207;0;4;0;0;0;0;3;2020-01-01;211;400.9;738.5;1403.15;100-299;100-400
154;Región Huetar Norte;1843;04647-2014;2-14-1;ALAJUELA;LOS CHILES;214;LOS CHILES;LAS DELICIAS DE LOS CHILES, ALAJUELA;ASADA;Rural;3-002-559885;D;0;163;0;4;0;0;0;0;2;2020-01-01;167;317.3;584.5;1110.55;100-299;100-400
154;Región Huetar Norte;1848;04661-2014;2-14-4;ALAJUELA;LOS CHILES;214;SAN JORGE;EL PORVENIR Y SAN ISIDRO DE SAN JORGE DE LOS CHILES, ALAJUEL;CAAR;Rural;;D;0;72;0;0;0;0;0;0;;2018-12-19;72;136.8;252;478.8;0-99;0-99
154;Región Huetar Norte;1849;04667-2014;2-14-3;ALAJUELA;LOS CHILES;214;AMPARO;EL GALLITO DEL AMPARO DE LOS CHILES, ALAJUELA;ASADA;Rural;3-002-341590;C;0;118;0;0;0;0;0;0;;2020-01-01;118;224.2;413;784.7;100-299;100-400
37;Región Huetar Caribe;2427;01344-2014;7-5-1;LIMON;MATINA;705;MATINA;CORINA DE MATINA, LIMON;ASADA;Rural;3-002-658510;D;187;0;0;0;0;0;0;0;;2018-12-19;187;355.3;654.5;1243.55;100-299;100-400
37;Región Huetar Caribe;2428;01345-2014;7-5-3;LIMON;MATINA;705;CARRANDI;LINEA B DE MATINA, LIMON;ASADA;Rural;3-002-780810;C;245;245;0;3;0;0;0;0;1;2018-12-19;493;936.7;1725.5;3278.45;300-799;401-799
37;Región Huetar Caribe;2429;01346-2014;7-5-1;LIMON;MATINA;705;MATINA;SAN MIGUEL DE MATINA, LIMON;ASADA;Rural;3-002-397242;C;144;21;0;0;0;0;0;0;;2019-11-11;165;313.5;577.5;1097.25;100-299;100-400
37;Región Huetar Caribe;2430;01347-2014;7-5-1;LIMON;MATINA;705;MATINA;BRISTOL Y BALTIMORE DE MATINA, LIMON;CAAR;Rural;;D;118;0;0;0;0;0;0;0;;2018-12-19;118;224.2;413;784.7;100-299;100-400
37;Región Huetar Caribe;2431;01348-2014;7-5-1;LIMON;MATINA;705;MATINA;ESPERANZA DE MATINA, LIMON;CAAR;Rural;;D;78;0;0;0;2;0;0;0;;2018-12-19;80;152;280;532;0-99;0-99
37;Región Huetar Caribe;2432;01350-2014;7-5-2;LIMON;MATINA;705;BATAN;SAHARA PUEBLO NUEVO Y SAN JUAN GOCHEN DE BATAN, MATINA LIMON;ASADA;Rural;3-002-247993;B;50;193;0;0;0;0;0;0;;2018-12-19;243;461.7;850.5;1615.95;100-299;100-400
37;Región Huetar Caribe;2434;01352-2014;7-5-2;LIMON;MATINA;705;BATAN;BARBILLA DE BATAN DE MATINA, LIMON ;ASADA;Rural;3-002-288680;C;0;294;0;14;0;0;0;0;;2018-12-19;308;585.2;1078;2048.2;300-799;100-400
37;Región Huetar Caribe;2435;01356-2014;7-5-3;LIMON;MATINA;705;CARRANDI;VENECIA Y CUBA CREEK DE CARRANDI DE MATINA, LIMON;ASADA;Rural;3-002-295352;B;0;1210;0;38;0;0;0;0;8;2018-12-19;1248;2371.2;4368;8299.2;800 a más;800 a más
37;Región Huetar Caribe;2436;01357-2014;7-5-3;LIMON;MATINA;705;CARRANDI;LARGA DISTANCIA DE CARRANDI DE MATINA, LIMON;ASADA;Rural;3-002-323529;B;0;420;0;0;0;0;0;0;3;2020-05-21;420;798;1470;2793;300-799;401-799
37;Región Huetar Caribe;2437;01358-2014;7-5-3;LIMON;MATINA;705;CARRANDI;ZENT DE CARRANDI DE MATINA, LIMON;ASADA;Rural;3-002-298396;A;0;597;0;20;0;0;0;0;8;2018-12-19;617;1172.3;2159.5;4103.05;300-799;401-799
37;Región Huetar Caribe;2438;01359-2014;7-5-3;LIMON;MATINA;705;CARRANDI;BOSTON DE CARRANDI DE MATINA, LIMON;ASADA;Rural;3-002-311021;D;0;389;0;0;0;0;0;0;3;2021-05-14;389;739.1;1361.5;2586.85;300-799;100-400
30;Región Metropolitana;2989;04805-2016;1-15-4;SAN JOSE;MONTES DE OCA;115;SAN RAFAEL;LIMBURGIA;ASADA;Rural;;D;;;;;;;;;;;;;;;800 a más;800 a más
33;Región Pacífico Central;2584;00626-2014;6-4-2;PUNTARENAS;MONTES DE ORO;604;LA UNION;SAN BUENAVENTURA DE LA UNION;ASADA;Rural;3-002-307447;D;0;85;0;0;0;0;0;0;;2018-12-19;85;161.5;297.5;565.25;0-99;0-99
33;Región Pacífico Central;2586;00628-2014;6-4-2;PUNTARENAS;MONTES DE ORO;604;LA UNION;PALMITAL Y VENTANAS DE MIRAMAR DE MONTES DE ORO, PUNTARENAS;ASADA;Rural;3-002-229050;D;0;45;0;0;0;0;0;0;;2018-12-19;45;85.5;157.5;299.25;0-99;0-99
33;Región Pacífico Central;2587;00629-2014;6-4-2;PUNTARENAS;MONTES DE ORO;604;LA UNION;CEDRAL Y SAN FRANCISCO DE LA UNIÓN DE MONTES DE ORO, PUNTARENAS;ASADA;Rural;3-002-293533;D;163;0;10;0;1;0;0;0;2;2018-12-19;174;330.6;609;1157.1;100-299;100-400
33;Región Pacífico Central;2695;04627-2014;6-4-2;PUNTARENAS;MONTES DE ORO;604;LA UNION;LAGUNA DE LA UNION DE MONTES DE ORO, PUNTARENAS;ASADA;Rural;3-002-643891;D;0;98;0;0;0;0;0;0;;2018-12-19;98;186.2;343;651.7;0-99;0-99
30;Región Metropolitana;2776;00915-2014;1-7-1;SAN JOSE;MORA;107;COLON;JARIS DE COLON DE MORA, SAN JOSE;ASADA;Rural;3-002-264635;C;0;274;0;0;0;0;0;0;5;2018-12-19;274;520.6;959;1822.1;100-299;100-400
30;Región Metropolitana;2778;00918-2014;1-7-5;SAN JOSE;MORA;107;PICAGRES;BALSILLA DE COLON DE MORA, SAN JOSE;ASADA;Rural;3-002-665232;D;48;0;0;0;0;0;0;0;;2018-12-19;48;91.2;168;319.2;0-99;0-99
30;Región Metropolitana;2779;00920-2014;1-7-1;SAN JOSE;MORA;107;COLON;RODEO DE COLON DE MORA, SAN JOSE;ASADA;Rural;3-002-311993;B;0;341;0;0;0;0;0;0;8;2020-07-08;341;647.9;1193.5;2267.65;300-799;100-400
30;Región Metropolitana;2780;00921-2014;1-7-2;SAN JOSE;MORA;107;GUAYABO;GUAYABO DE MORA, SAN JOSE;ASADA;Rural;3-002-201256;C;0;800;0;0;0;0;0;0;2;2020-10-29;800;1520;2800;5320;800 a más;800 a más
30;Región Metropolitana;2781;00923-2014;1-7-3;SAN JOSE;MORA;107;TABARCIA;TABARCIA DE MORA, SAN JOSE;ASADA;Rural;3-002-273764;B;0;450;0;20;0;0;0;0;2;2020-07-23;470;893;1645;3125.5;300-799;401-799
30;Región Metropolitana;2782;00925-2014;1-7-3;SAN JOSE;MORA;107;TABARCIA;LOS ANGELES DE TABARCIA DE MORA, SAN JOSE;ASADA;Rural;3-002-313267;D;53;0;0;0;0;0;0;0;;2018-12-19;53;100.7;185.5;352.45;0-99;0-99
30;Región Metropolitana;2783;00927-2014;1-7-3;SAN JOSE;MORA;107;TABARCIA;SAN RAFAEL DE CAÑAS DE MORA;ASADA;Rural;3-002-313938;D;105;0;0;0;0;0;0;0;;2018-12-19;105;199.5;367.5;698.25;100-299;100-400
30;Región Metropolitana;2784;00928-2014;1-7-3;SAN JOSE;MORA;107;TABARCIA;CORRALAR DE TABARCIA DE MORA, SAN JOSE;ASADA;Rural;3-002-569237;C;0;125;0;0;0;0;0;0;;2018-12-19;125;237.5;437.5;831.25;100-299;100-400
30;Región Metropolitana;2785;00930-2014;1-7-4;SAN JOSE;MORA;107;PIEDRAS NEGRAS;LA PALMA DE PIEDRAS NEGRAS DE MORA;ASADA;Rural;3-002-549616;D;55;0;0;0;0;0;0;0;;2018-12-19;55;104.5;192.5;365.75;0-99;0-99
30;Región Metropolitana;2786;00931-2014;1-7-4;SAN JOSE;MORA;107;PIEDRAS NEGRAS;PIEDRAS NEGRAS DE MORA, SAN JOSE;ASADA;Rural;3-002-299429;D;0;100;0;0;0;0;0;0;;2018-12-19;100;190;350;665;100-299;100-400
30;Región Metropolitana;2787;00932-2014;1-7-5;SAN JOSE;MORA;107;PICAGRES;PICAGRES DE MORA, SAN JOSE;ASADA;Rural;3-002-566124;D;0;90;0;0;0;0;0;0;;2018-12-19;90;171;315;598.5;0-99;0-99
30;Región Metropolitana;2788;00933-2014;1-7-5;SAN JOSE;MORA;107;PICAGRES;LLANO GRANDE DE PICAGRES DE MORA, SAN JOSE;ASADA;Rural;3-002-219678;D;177;0;0;0;0;0;0;0;;2018-12-19;177;336.3;619.5;1177.05;100-299;100-400
30;Región Metropolitana;2789;00934-2014;1-7-5;SAN JOSE;MORA;107;PICAGRES;POTRERILLOS(MONTE FRIO) DE PICARES DE MORA, SAN JOSE;ASADA;Rural;3-002-669527;D;20;0;0;0;0;0;0;0;;2018-12-19;20;38;70;133;0-99;0-99
30;Región Metropolitana;2942;04609-2014;1-7-1;SAN JOSE;MORA;107;COLON;BARRIO LA TRINIDAD DE CIUDAD COLON DE MORA, SAN JOSE;ASADA;Rural;3-002-472115;C;0;330;0;0;0;0;0;0;5;2021-04-20;330;627;1155;2194.5;300-799;100-400
30;Región Metropolitana;3033;04760-2014;1-7-1;SAN JOSE;MORA;107;COLON;ALTOS DE SAN RAFAEL DE COLON DE MORA, SAN JOSE;ASADA;Rural;3-002-411051;C;10;177;0;0;0;0;0;0;;2020-07-17;187;355.3;654.5;1243.55;100-299;100-400
1276;Región Chorotega;2222;00267-2014;5-9-1;GUANACASTE;NANDAYURE;509;CARMONA;ROXANA DE CARMONA DE NANDAYURE, GUANACASTE;ASADA;Urbana;3-002-283781;C;0;70;0;0;0;0;0;0;2;2018-12-19;70;133;245;465.5;0-99;0-99
1276;Región Chorotega;2223;00268-2014;5-9-1;GUANACASTE;NANDAYURE;509;CARMONA;VISTA DE MAR DE CARMONA DE NANDAYURE GUANACASTE;ASADA;Rural;3-002-225185;C;0;37;0;0;0;0;0;0;;2018-12-19;37;70.3;129.5;246.05;0-99;0-99
1276;Región Chorotega;2224;00269-2014;5-9-2;GUANACASTE;NANDAYURE;509;SANTA RITA;EL CACAO DE SANTA RITA DE NANDAYURE, GUANACASTE;ASADA;Rural;3002357386;D;0;145;0;0;0;0;0;0;1;2018-12-19;145;275.5;507.5;964.25;100-299;100-400
1276;Región Chorotega;2225;00270-2014;5-9-2;GUANACASTE;NANDAYURE;509;SANTA RITA;MOROTE DE SANTA RITA DE NANDAYURE GUANACASTE;ASADA;Rural;3-002-225188;C;0;138;0;0;0;0;0;0;;2018-12-19;138;262.2;483;917.7;100-299;100-400
1276;Región Chorotega;2227;00272-2014;5-9-3;GUANACASTE;NANDAYURE;509;ZAPOTAL;BALSA RIO ORA DE ZAPOTAL DE NANDAYURE, GUANACASTE;ASADA;Rural;3-002-337253;D;0;51;0;0;0;0;0;0;;2018-12-19;51;96.9;178.5;339.15;0-99;0-99
1276;Región Chorotega;2228;00273-2014;5-9-3;GUANACASTE;NANDAYURE;509;ZAPOTAL;SAN MARTIN DE ZAPOTAL DE NANDAYURE GUANACASTE;ASADA;Rural;3-002-382903;D;0;22;0;0;0;0;0;0;;2018-12-19;22;41.8;77;146.3;0-99;0-99
1276;Región Chorotega;2229;00276-2014;5-9-3;GUANACASTE;NANDAYURE;509;ZAPOTAL;SAN ANTONIO ZAPOTAL DE NANDAYURE, GUANACASTE;ASADA;Rural;3-002-246029;C;0;62;0;0;0;0;0;0;;2018-12-19;62;117.8;217;412.3;0-99;0-99
1276;Región Chorotega;2230;00278-2014;5-9-4;GUANACASTE;NANDAYURE;509;SAN PABLO;PAVONES DE SAN PABLO DE NANDAYURE, GUANACASTE;ASADA;Rural;3-002-649147;D;0;124;0;0;0;0;0;0;;2018-12-19;124;235.6;434;824.6;100-299;100-400
1276;Región Chorotega;2231;00279-2014;5-9-4;GUANACASTE;NANDAYURE;509;SAN PABLO;PUERTO SAN PABLO VIEJO DE SAN PABLO DE NANDAYURE, GUANACASTE;ASADA;Costera;3-002-633502;C;0;56;0;0;0;0;0;0;;2018-12-19;56;106.4;196;372.4;0-99;0-99
1276;Región Chorotega;2232;00280-2014;5-9-4;GUANACASTE;NANDAYURE;509;SAN PABLO;PUERTO THIEL DE SAN PABLO DE NANDAYURE, GUANACASTE;CAAR;Costera;;D;70;0;0;0;0;0;0;0;;2018-12-19;70;133;245;465.5;0-99;0-99
1276;Región Chorotega;2233;00281-2014;5-9-5;GUANACASTE;NANDAYURE;509;PORVENIR;BELLAVISTA DEL PORVENIR DE NANDAYURE, GUANACASTE;ASADA;Rural;3-002-668869;D;0;80;0;0;0;0;0;0;;2018-12-19;80;152;280;532;0-99;0-99
1276;Región Chorotega;2234;00282-2014;5-9-4;GUANACASTE;NANDAYURE;509;SAN PABLO;SAN PABLO DE NANDAYURE GUANACASTE;ASADA;Rural;3-002-283747;B;0;420;0;10;0;0;0;0;10;2018-12-19;430;817;1505;2859.5;300-799;401-799
1276;Región Chorotega;2236;00284-2014;5-9-5;GUANACASTE;NANDAYURE;509;PORVENIR;ANGELES DEL PORVENIR DE NANDAYURE GUANACASTE;ASADA;Rural;3-002-285975;D;0;68;0;12;0;0;0;0;;2018-12-19;80;152;280;532;0-99;0-99
1276;Región Chorotega;2237;00285-2014;5-9-5;GUANACASTE;NANDAYURE;509;PORVENIR;QUEBRADA GRANDE DEL PORVENIR DE NANDAYURE GUANACASTE;ASADA;Rural;3-002-706195;D;0;55;0;0;0;0;0;0;;2018-12-19;55;104.5;192.5;365.75;0-99;0-99
1276;Región Chorotega;2239;00287-2014;5-9-6;GUANACASTE;NANDAYURE;509;BEJUCO;ASENTAMIENTO MORAVIA DE BEJUCO DE NANDAYURE, GUANACASTE;ASADA;Rural;3-002-692794;C;0;60;0;0;0;0;0;0;;2018-12-19;60;114;210;399;0-99;0-99
1276;Región Chorotega;2240;00289-2014;5-9-6;GUANACASTE;NANDAYURE;509;BEJUCO;COROZALITO DE BEJUCO DE NANDAYURE, GUANACASTE;ASADA;Costera;3-002-232603;D;0;40;0;15;0;0;0;0;;2018-12-19;55;104.5;192.5;365.75;0-99;0-99
1276;Región Chorotega;2241;00290-2014;5-9-6;GUANACASTE;NANDAYURE;509;BEJUCO;JABILLO Y LA Y GRIEGA DE  BEJUCO DE NANDAYURE, GUANACASTE;ASADA;Rural;3-002-722715;C;0;120;0;0;0;0;0;0;;2018-12-19;120;228;420;798;100-299;100-400
1276;Región Chorotega;2242;00291-2014;5-9-6;GUANACASTE;NANDAYURE;509;BEJUCO;JABILLO PLAYA SAN MIGUEL DE BEJUCO DE NANDAYURE GUANACASTE;ASADA;Costera;3-002-281961;D;0;96;0;0;0;0;0;0;;2018-12-19;96;182.4;336;638.4;0-99;0-99
1276;Región Chorotega;2243;00292-2014;5-9-4;GUANACASTE;NANDAYURE;509;SAN PABLO;JUAN DE LEON Y LAS PAMPAS DE SAN PABLO DE NANDAYURE, GUANACA;ASADA;Rural;3-002-350477;D;0;68;0;0;0;0;0;0;;2018-12-19;68;129.2;238;452.2;0-99;0-99
1276;Región Chorotega;2244;00293-2014;5-9-6;GUANACASTE;NANDAYURE;509;BEJUCO;ISLITA DE BEJUCO DE NANDAYURE, GUANACASTE;ASADA;Costera;3002360422;D;0;38;0;26;0;0;0;0;;2018-12-19;64;121.6;224;425.6;0-99;0-99
1276;Región Chorotega;2245;00294-2014;5-9-6;GUANACASTE;NANDAYURE;509;BEJUCO;RUSIA DE BEJUCO DE NANDAYURE, GUANACASTE;CAAR;Rural;;D;0;16;0;0;0;0;0;0;;2018-12-19;16;30.4;56;106.4;0-99;0-99
1276;Región Chorotega;2246;00295-2014;5-9-6;GUANACASTE;NANDAYURE;509;BEJUCO;QUEBRADA SECA(PILAS) DE BEJUCO DE NANDAYURE, GUANACASTE;ASADA;Costera;3-002-248585;D;0;84;0;0;0;0;0;0;;2018-12-19;84;159.6;294;558.6;0-99;0-99
1276;Región Chorotega;2247;00296-2014;5-9-6;GUANACASTE;NANDAYURE;509;BEJUCO;QUEBRADA NANDO DE BEJUCO DE NANDAYURE GUANACASTE ;ASADA;Rural;3002308686;D;0;40;0;0;0;0;0;0;;2018-12-19;40;76;140;266;0-99;0-99
1276;Región Chorotega;2248;00297-2014;5-9-6;GUANACASTE;NANDAYURE;509;BEJUCO;ASOCIACION ADMINISTRADORA DEL ACUEDUCTO Y ALCANTARILLADO SANITARIO DE COYOTE DE BEJUCO NANDAYURE GUANACASTE;ASADA;Costera;3-002-658917;C;0;272;0;0;0;0;0;0;1;2018-12-19;272;516.8;952;1808.8;100-299;100-400
1276;Región Chorotega;2249;00298-2014;5-9-1;GUANACASTE;NANDAYURE;509;CARMONA;TACANÍS DE SANTA RITA DE NANDAYURE   GUANACASTE;ASADA;Rural;3-002-700965;D;0;43;0;0;0;0;0;0;;2018-12-19;43;81.7;150.5;285.95;0-99;0-99
1276;Región Chorotega;2279;04323-2014;5-9-3;GUANACASTE;NANDAYURE;509;ZAPOTAL;SAN PEDRO DE ZAPOTAL DE NANDAYURE, GUANACASTE;ASADA;Rural;3-002-262980;C;0;104;0;0;0;0;0;0;;2018-12-19;104;197.6;364;691.6;100-299;100-400
1276;Región Chorotega;2280;04324-2014;5-9-6;GUANACASTE;NANDAYURE;509;BEJUCO;PUNTA BEJUCO DE NANDAYURE, GUANACASTE;ASADA;Costera;3-002-548381;C;0;111;0;0;0;0;0;0;1;2018-12-19;111;210.9;388.5;738.15;100-299;100-400
1276;Región Chorotega;2284;04420-2014;5-9-3;GUANACASTE;NANDAYURE;509;ZAPOTAL;RIO ORO DE ZAPOTAL DE NANDAYURE, GUANACASTE;ASADA;Rural;;D;0;48;0;0;0;0;0;0;;2018-12-19;48;91.2;168;319.2;0-99;0-99
1276;Región Chorotega;2286;04433-2014;5-9-1;GUANACASTE;NANDAYURE;509;CARMONA;SAN RAFAEL DE CARMONA DE NANDAYURE GUANACASTE;ASADA;Rural;3-002-302459;C;0;20;0;0;0;0;0;0;;2018-12-19;20;38;70;133;0-99;0-99
1276;Región Chorotega;2288;04436-2014;5-9-6;GUANACASTE;NANDAYURE;509;BEJUCO;COLONIA DEL VALLE DE BEJUCO DE NANDAYURE, GUANACASTE;ASADA;Rural;3-002-605776;D;0;82;0;0;0;0;0;0;1;2018-12-19;82;155.8;287;545.3;0-99;0-99
1276;Región Chorotega;4310;00277-2020;5-9-4;GUANACASTE;NANDAYURE;509;SAN PABLO;ASADA DECANJELITO Y CHAMARRO;ASADA;Costera;;D;0;0;0;0;0;0;0;0;;2020-01-01;0;0;0;0;0-99;0-99
30;Región Metropolitana;1611;01151-2014;2-6-1;ALAJUELA;NARANJO;206;NARANJO;CONCEPCION OESTE DE NARANJO ALAJUELA;ASADA;Rural;3-002-408451;B;0;234;0;3;0;0;0;0;6;2018-12-19;237;450.3;829.5;1576.05;100-299;100-400
30;Región Metropolitana;1612;01154-2014;2-6-1;ALAJUELA;NARANJO;206;NARANJO;EL MURO DE NARANJO, ALAJUELA;ASADA;Rural;3-002-198172;C;0;230;0;11;0;0;0;0;4;2018-12-19;241;457.9;843.5;1602.65;100-299;100-400
30;Región Metropolitana;1613;01156-2014;2-6-1;ALAJUELA;NARANJO;206;NARANJO;SAN ROQUE DE NARANJO, ALAJUELA;ASADA;Rural;3-002-199690;B;0;275;0;17;0;0;0;0;3;2018-12-19;292;554.8;1022;1941.8;100-299;100-400
30;Región Metropolitana;1614;01157-2014;2-6-1;ALAJUELA;NARANJO;206;NARANJO;DULCE NOMBRE DE NARANJO, ALAJUELA;ASADA;Rural;3-002-218541;B;0;679;0;30;0;0;0;0;12;2018-12-19;709;1347.1;2481.5;4714.85;300-799;401-799
30;Región Metropolitana;1615;01159-2014;2-6-2;ALAJUELA;NARANJO;206;SAN MIGUEL;SAN MIGUEL OESTE DE SAN MIGUEL DE NARANJO, ALAJUELA;ASADA;Rural;3-002-307607;C;0;256;0;0;0;0;0;0;1;2020-07-17;256;486.4;896;1702.4;100-299;100-400
30;Región Metropolitana;1616;01160-2014;2-6-3;ALAJUELA;NARANJO;206;SAN JOSE;CAÑUELA DE SAN JOSE DE NARANJO, ALAJUELA ;ASADA;Rural;3-002-247212;D;0;165;0;0;0;0;0;1;1;2018-12-19;166;315.4;581;1103.9;100-299;100-400
30;Región Metropolitana;1617;01163-2014;2-6-3;ALAJUELA;NARANJO;206;SAN JOSE;SAN ANTONIO DE BARRANCA, NARANJO ALAJUELA;ASADA;Rural;3-002-249080;B;0;185;0;50;0;0;0;0;2;2018-12-19;235;446.5;822.5;1562.75;100-299;100-400
30;Región Metropolitana;1618;01165-2014;2-6-4;ALAJUELA;NARANJO;206;CIRRI SUR;CIRRI SUR Y EL CRUCE DE NARANJO, ALAJUELA;ASADA;Rural;3-002-214084;C;0;1226;0;0;0;0;0;0;15;2019-02-19;1226;2329.4;4291;8152.9;800 a más;800 a más
30;Región Metropolitana;1619;01166-2014;2-6-4;ALAJUELA;NARANJO;206;CIRRI SUR;CIRRI DE NARANJO, (CALLE SOLIS) DE NARANJO,ALAJUELA;ASADA;Rural;3-002-252483;D;0;65;0;0;0;0;0;0;1;2018-12-19;65;123.5;227.5;432.25;0-99;0-99
30;Región Metropolitana;1620;01167-2014;2-6-4;ALAJUELA;NARANJO;206;CIRRI SUR;LA PALMITA DE CIRRI SUR DE NARANJO, ALAJUELA;ASADA;Rural;3-002-216967;B;1;309;0;0;0;0;0;0;4;2021-05-04;310;589;1085;2061.5;300-799;100-400
30;Región Metropolitana;1621;01168-2014;2-6-4;ALAJUELA;NARANJO;206;CIRRI SUR;LLANO BONITO Y CIRRI NORTE DE NARANJO, ALAJUELA;ASADA;Rural;3-002-253103;D;0;162;0;0;0;0;0;4;1;2018-12-19;166;315.4;581;1103.9;100-299;100-400
30;Región Metropolitana;1622;01169-2014;2-6-5;ALAJUELA;NARANJO;206;SAN JERONIMO;LOS ROBLES DE SAN JERONIMO DE NARANJO, ALAJUELA;ASADA;Rural;3-002-199363;C;0;209;0;3;0;0;0;3;;2018-12-19;215;408.5;752.5;1429.75;100-299;100-400
30;Región Metropolitana;1623;01170-2014;2-6-6;ALAJUELA;NARANJO;206;SAN JUAN;SAN JUAN DE NARANJO, ALAJUELA;ASADA;Rural;3-002-284678;C;0;552;0;8;0;0;0;0;6;2018-12-19;560;1064;1960;3724;300-799;401-799
30;Región Metropolitana;1624;01171-2014;2-6-6;ALAJUELA;NARANJO;206;SAN JUAN;GUARUMAL DE SAN JUAN DE NARANJO, ALAJUELA;ASADA;Rural;3-002-565698;B;1;321;0;0;0;0;0;0;5;2021-05-11;322;611.8;1127;2141.3;300-799;100-400
30;Región Metropolitana;1625;01172-2014;2-6-6;ALAJUELA;NARANJO;206;SAN JUAN;SAN ANTONIO DE LA CUEVA DE SAN JUAN DE NARANJO, ALAJUELA;ASADA;Rural;3-002-526728;C;0;315;0;0;0;0;0;0;5;2019-11-15;315;598.5;1102.5;2094.75;300-799;100-400
30;Región Metropolitana;1626;01175-2014;2-6-7;ALAJUELA;NARANJO;206;EL ROSARIO;EL ROSARIO DE NARANJO, ALAJUELA;ASADA;Rural;3-002-697931;B;0;1118;0;241;0;0;0;0;13;2018-12-19;1359;2582.1;4756.5;9037.35;800 a más;800 a más
30;Región Metropolitana;1783;04200-2014;2-6-1;ALAJUELA;NARANJO;206;NARANJO;CONCEPCION ESTE DE NARANJO, ALAJUELA;ASADA;Rural;3-002-199689;C;0;515;0;5;0;0;0;0;15;2018-12-19;520;988;1820;3458;300-799;401-799
30;Región Metropolitana;1803;04374-2014;2-6-1;ALAJUELA;NARANJO;206;NARANJO;PALMITOS DE NARANJO, ALAJUELA;ASADA;Rural;3-002-358881;C;0;563;0;22;0;0;0;0;12;2018-12-19;585;1111.5;2047.5;3890.25;300-799;401-799
30;Región Metropolitana;1830;04611-2014;2-6-6;ALAJUELA;NARANJO;206;SAN JUAN;CALLE POROSAL DE SAN JOSE DE NARANJO, ALAJUELA;ASADA;Rural;3-002-565948;D;0;79;0;0;0;0;0;0;1;2018-12-19;79;150.1;276.5;525.35;0-99;0-99
30;Región Metropolitana;1836;04634-2014;2-6-2;ALAJUELA;NARANJO;206;SAN MIGUEL;SAN MIGUEL DE NARANJO, ALAJUELA;ASADA;Rural;3-002-241319;B;0;698;0;26;0;0;0;0;9;2018-12-19;724;1375.6;2534;4814.6;300-799;401-799
30;Región Metropolitana;1837;04635-2014;2-6-3;ALAJUELA;NARANJO;206;SAN JOSE;ASOCIACIÓN ESPECÍFICA PRO CAÑERIA SAN JUANILLO DE NARANJO;ASOCIACION;Rural;3002011693;D;600;0;0;0;0;0;0;0;;2018-12-19;600;1140;2100;3990;300-799;401-799
30;Región Metropolitana;1850;04668-2014;2-6-2;ALAJUELA;NARANJO;206;SAN MIGUEL;LINDA VISTA DE SAN MIGUEL DE NARANJO, ALAJUELA;ASADA;Rural;3-002-383668;D;0;41;0;1;0;0;0;0;;2018-12-19;42;79.8;147;279.3;0-99;0-99
1276;Región Chorotega;2026;00009-2014;5-2-2;GUANACASTE;NICOYA;502;MANSION;ACOYAPA DE MANSION DE NICOYA, GUANACASTE;ASADA;Rural;3-002-613640;D;0;81;0;0;0;0;0;0;;2018-12-19;81;153.9;283.5;538.65;0-99;0-99
1276;Región Chorotega;2027;00010-2014;5-2-5;GUANACASTE;NICOYA;502;SAMARA;BARCO QUEBRADO DE SAMARA DE NICOYA, GUANACASTE;ASADA;Costera;3-002-668600;C;0;150;0;0;0;0;0;0;1;2018-12-19;150;285;525;997.5;100-299;100-400
1276;Región Chorotega;2028;00014-2014;5-2-7;GUANACASTE;NICOYA;502;BELEN DE NOSARITA;BELEN DE NOSARITA DE NICOYA, GUANACASTE;ASADA;Rural;3-002-215646 ;B;0;195;0;6;0;4;0;0;3;2020-01-01;205;389.5;717.5;1363.25;100-299;100-400
1276;Región Chorotega;2030;00017-2014;5-2-4;GUANACASTE;NICOYA;502;QUEBRADA HONDA;CABALLITO DE QUEBRADA HONDA DE NICOYA, GUANACASTE;ASADA;Rural;3002202615;C;0;150;0;0;0;0;0;0;1;2020-01-01;150;285;525;997.5;100-299;100-400
1276;Región Chorotega;2031;00018-2014;5-2-1;GUANACASTE;NICOYA;502;NICOYA;JUAN DIAZ DE NICOYA, GUANACASTE ;ASADA;Rural;3002296984;D;0;85;0;0;0;0;0;0;;2020-01-01;85;161.5;297.5;565.25;0-99;0-99
1276;Región Chorotega;2032;00019-2014;5-2-1;GUANACASTE;NICOYA;502;NICOYA;CURIME DE NICOYA, GUANACASTE;ASADA;Rural;3-002-446626;C;15;335;0;0;0;0;0;0;;2018-12-19;350;665;1225;2327.5;300-799;100-400
1276;Región Chorotega;2033;00020-2014;5-2-7;GUANACASTE;NICOYA;502;BELEN DE NOSARITA;CAIMITALITO DE BELEN DE NOSARITA, NICOYA GUANACASTE;ASADA;Rural;;C;0;184;0;7;0;0;0;0;1;2020-01-01;191;362.9;668.5;1270.15;100-299;100-400
1276;Región Chorotega;2034;00021-2014;5-2-1;GUANACASTE;NICOYA;502;NICOYA;CAIMITAL DE NICOYA, GUANACASTE;ASADA;Rural;3-002-211106;B;0;347;0;0;0;0;0;0;5;2018-12-19;347;659.3;1214.5;2307.55;300-799;100-400
1276;Región Chorotega;2035;00022-2014;5-2-5;GUANACASTE;NICOYA;502;SAMARA;CANGREJAL DE SAMARA DE NICOYA, GUANACASTE;ASADA;Costera;3002618729;C;0;161;0;287;0;0;0;0;3;2020-01-01;448;851.2;1568;2979.2;300-799;401-799
1276;Región Chorotega;2036;00026-2014;5-2-4;GUANACASTE;NICOYA;502;QUEBRADA HONDA;COPAL DE QUEBRADA HONDA DE NICOYA, GUANACASTE ;ASADA;Costera;3002510090;C;0;242;0;6;0;0;0;0;1;2020-01-01;248;471.2;868;1649.2;100-299;100-400
1276;Región Chorotega;2037;00027-2014;5-2-3;GUANACASTE;NICOYA;502;SAN ANTONIO;CORRAL DE PIEDRA DE SAN ANTONIO DE NICOYA, GUNACASTE ;ASADA;Rural;;D;0;40;0;0;0;0;0;0;;2020-01-01;40;76;140;266;0-99;0-99
1276;Región Chorotega;2038;00028-2014;5-2-3;GUANACASTE;NICOYA;502;SAN ANTONIO;CORRALILLO DE SAN ANTONIO DE NICOYA, GUANACASTE;ASADA;Rural;3002581595;C;0;633;0;0;0;0;0;0;2;2020-09-29;633;1202.7;2215.5;4209.45;300-799;401-799
1276;Región Chorotega;2039;00031-2014;5-2-1;GUANACASTE;NICOYA;502;NICOYA;DULCE NOMBRE DE NICOYA, GUANACASTE;ASADA;Rural;3002232605;C;0;195;0;6;0;0;0;0;1;2020-01-01;201;381.9;703.5;1336.65;100-299;100-400
1276;Región Chorotega;2040;00032-2014;5-2-5;GUANACASTE;NICOYA;502;SAMARA;LAS BRISAS Y ESTERONES DE SAMARA DE NICOYA GUANACASTE;ASADA;Costera;3002563664;D;0;171;0;14;0;0;0;1;1;2020-01-01;186;353.4;651;1236.9;100-299;100-400
1276;Región Chorotega;2041;00033-2014;5-2-3;GUANACASTE;NICOYA;502;SAN ANTONIO;TAJO DE SAN ANTONIO DE NICOYA, GUANACASTE ;ASADA;Rural;3002564903;D;0;102;0;0;0;0;0;0;;2020-01-01;102;193.8;357;678.3;100-299;100-400
1276;Región Chorotega;2042;00034-2014;5-2-3;GUANACASTE;NICOYA;502;SAN ANTONIO;EL FLOR DE SAN ANTONIO DE NICOYA, GUANACASTE;ASADA;Rural;3002695433;C;0;103;0;2;0;0;0;0;;2020-01-01;105;199.5;367.5;698.25;100-299;100-400
1276;Región Chorotega;2043;00035-2014;5-2-2;GUANACASTE;NICOYA;502;MANSION;OBISPO DE NICOYA, GUANACASTE;ASADA;Rural;3002666887;C;0;54;0;0;0;0;0;0;;2020-01-01;54;102.6;189;359.1;0-99;0-99
1276;Región Chorotega;2044;00036-2014;5-2-3;GUANACASTE;NICOYA;502;SAN ANTONIO;ROSARIO DE SAN ANTONIO DE NICOYA, GUANACASTE;ASADA;Rural;3002621605;D;0;123;0;22;0;0;0;0;1;2020-01-01;145;275.5;507.5;964.25;100-299;100-400
1276;Región Chorotega;2045;00037-2014;5-2-3;GUANACASTE;NICOYA;502;SAN ANTONIO;FLORIDA DE SAN ANTONIO DE NICOYA, GUANACASTE ;ASADA;Rural;3002623691;C;0;199;0;2;0;0;0;0;2;2020-01-01;201;381.9;703.5;1336.65;100-299;100-400
1276;Región Chorotega;2046;00039-2014;5-2-1;GUANACASTE;NICOYA;502;NICOYA;GAMALOTAL DE NICOYA, GUANACASTE;ASADA;Rural;3002248592;D;0;213;0;0;0;0;0;0;;2018-12-19;213;404.7;745.5;1416.45;100-299;100-400
1276;Región Chorotega;2049;00044-2014;5-2-1;GUANACASTE;NICOYA;502;NICOYA;LA FORTUNA DE NICOYA, GUANACASTE;ASADA;Rural;3002572941;D;0;61;0;0;0;0;0;0;;2020-01-01;61;115.9;213.5;405.65;0-99;0-99
1276;Región Chorotega;2050;00045-2014;5-2-6;GUANACASTE;NICOYA;502;NOSARA;LA ESPERANZA SUR DE NOSARA DE NICOYA, GUANACASTE;ASADA;Costera;3002363907;C;0;174;0;13;0;0;0;0;3;2020-01-01;187;355.3;654.5;1243.55;100-299;100-400
1276;Región Chorotega;2052;00049-2014;5-2-1;GUANACASTE;NICOYA;502;NICOYA;LA VIRGINIA DE GAMALOTAL DE NICOYA, GUANACASTE;ASADA;Rural;3002280780;D;3;117;0;0;0;3;0;0;;2018-12-19;123;233.7;430.5;817.95;100-299;100-400
1276;Región Chorotega;2054;00052-2014;5-2-3;GUANACASTE;NICOYA;502;SAN ANTONIO;LAS POZAS DE SAN ANTONIO DE NICOYA, GUANACASTE;ASADA;Rural;3002301956;C;0;84;0;1;0;0;0;0;1;2020-01-01;85;161.5;297.5;565.25;0-99;0-99
1276;Región Chorotega;2055;00053-2014;5-2-4;GUANACASTE;NICOYA;502;QUEBRADA HONDA;LOMA BONITA DE QUEBRADA HONDA DE NICOYA GUANACASTE;ASADA;Costera;3002225345;C;0;105;0;8;0;0;0;0;2;2020-01-01;113;214.7;395.5;751.45;100-299;100-400
1276;Región Chorotega;2056;00055-2014;5-2-4;GUANACASTE;NICOYA;502;QUEBRADA HONDA;MILLAL DE QUEBRADA HONDA DE NICOYA, GUANACASTE ;ASADA;Rural;3002627802;D;27;27;0;0;0;0;0;0;;2018-12-19;54;102.6;189;359.1;0-99;0-99
1276;Región Chorotega;2057;00056-2014;5-2-3;GUANACASTE;NICOYA;502;SAN ANTONIO;MONTE GALAN SAN ANTONIO NICOYA, GUANACASTE;ASADA;Rural;3002385236;D;53;0;0;0;0;0;0;0;;2018-12-19;53;100.7;185.5;352.45;0-99;0-99
1276;Región Chorotega;2058;00057-2014;5-2-3;GUANACASTE;NICOYA;502;SAN ANTONIO;MORACIA DE SAN ANTONIO DE NICOYA, GUANACASTE;ASADA;Rural;3-002-342327;C;0;296;0;8;0;0;0;0;;2020-01-01;304;577.6;1064;2021.6;300-799;100-400
1276;Región Chorotega;2059;00058-2014;5-2-7;GUANACASTE;NICOYA;502;BELEN DE NOSARITA;NARANJAL DE BELEN DE NOSARITA, NICOYA GUANACASTE ;ASADA;Rural;3-002-483233;D;0;34;0;0;0;0;0;0;;2020-01-01;34;64.6;119;226.1;0-99;0-99
1276;Región Chorotega;2060;00059-2014;5-2-6;GUANACASTE;NICOYA;502;NOSARA;PLAYA NOSARA DE NICOYA, GUANACASTE;ASADA;Costera;3002367128;D;0;600;0;0;0;4;0;0;6;2018-12-19;604;1147.6;2114;4016.6;300-799;401-799
1276;Región Chorotega;2061;00060-2014;5-2-7;GUANACASTE;NICOYA;502;BELEN DE NOSARITA;NOSARITA DE BELEN DE NICOYA GUANACASTE;ASADA;Rural;3002215646;C;0;72;0;0;0;0;0;0;;2020-01-01;72;136.8;252;478.8;0-99;0-99
1276;Región Chorotega;2062;00061-2014;5-2-1;GUANACASTE;NICOYA;502;NICOYA;PEDERNAL DE NICOYA, GUANACASTE;ASADA;Rural;3002660495;D;0;131;0;3;0;0;0;0;;2020-01-01;134;254.6;469;891.1;100-299;100-400
1276;Región Chorotega;2063;00062-2014;5-2-5;GUANACASTE;NICOYA;502;SAMARA;PLAYA SAMARA DE NICOYA, GUANACASTE;ASADA;Costera;3002213342;A;0;277;0;158;0;0;0;0;7;2020-01-01;435;826.5;1522.5;2892.75;300-799;401-799
1276;Región Chorotega;2064;00063-2014;5-2-4;GUANACASTE;NICOYA;502;QUEBRADA HONDA;POCHOTE DE QUEBRADA HONDA DE NICOYA, GUANACASTE;ASADA;Costera; 3-002-574346;D;0;0;0;0;0;0;0;0;;2020-01-01;0;0;0;0;0-99;0-99
1276;Región Chorotega;2065;00065-2014;5-2-3;GUANACASTE;NICOYA;502;SAN ANTONIO;POZO DE AGUA DE SAN ANTONIO DE NICOYA, GUANACASTE;ASADA;Rural;3002317778;D;0;206;0;4;0;0;0;0;;2020-01-01;210;399;735;1396.5;100-299;100-400
1276;Región Chorotega;2066;00069-2014;5-2-3;GUANACASTE;NICOYA;502;SAN ANTONIO;PUERTO HUMO DE SAN ANTONIO DE NICOYA, GUANACASTE;ASADA;Rural;3-002-515682;D;0;97;0;0;0;0;0;0;;2020-01-01;97;184.3;339.5;645.05;0-99;0-99
1276;Región Chorotega;2067;00070-2014;5-2-4;GUANACASTE;NICOYA;502;QUEBRADA HONDA;PUERTO MORENO DE QUEBRADA HONDA DE NICOYA, GUANACASTE;CAAR;Rural;;D;25;0;0;0;0;0;0;0;;2018-12-19;25;47.5;87.5;166.25;0-99;0-99
1276;Región Chorotega;2069;00073-2014;5-2-7;GUANACASTE;NICOYA;502;BELEN DE NOSARITA;QUEBRADA BONITA DE BELEN DE NOSARITA DE NICOYA, GUANACASTE ;ASADA;Rural;3002208960;C;0;48;0;0;0;0;0;0;;2020-01-01;48;91.2;168;319.2;0-99;0-99
1276;Región Chorotega;2070;00074-2014;5-2-4;GUANACASTE;NICOYA;502;QUEBRADA HONDA;QUEBRADA HONDA DE NICOYA, GUANACASTE;ASADA;Rural;3002593695;B;0;136;0;15;0;0;0;0;4;2020-01-01;151;286.9;528.5;1004.15;100-299;100-400
1276;Región Chorotega;2071;00075-2014;5-2-1;GUANACASTE;NICOYA;502;NICOYA;QUIRIMAN DE NICOYA, GUANACASTE;ASADA;Rural;3002244346;D;0;114;0;0;0;0;0;0;;2020-01-01;114;216.6;399;758.1;100-299;100-400
1276;Región Chorotega;2072;00076-2014;5-2-1;GUANACASTE;NICOYA;502;NICOYA;RIO GRANDE DE NICOYA, GUANACASTE;ASADA;Rural;3002660831;D;0;0;0;0;0;0;0;0;;2020-01-01;0;0;0;0;0-99;0-99
1276;Región Chorotega;2073;00077-2014;5-2-4;GUANACASTE;NICOYA;502;QUEBRADA HONDA;ROBLAR DE QUEBRADA HONDA DE NICOYA, GUANACASTE;ASADA;Rural;3-002-590861;D;0;75;0;0;0;0;0;2;2;2020-01-01;77;146.3;269.5;512.05;0-99;0-99
1276;Región Chorotega;2075;00080-2014;5-2-5;GUANACASTE;NICOYA;502;SAMARA;SAN FERNANDO DE SAMARA DE NICOYA, GUANACASTE;ASADA;Costera;3002462530;C;1;281;0;0;0;0;0;0;2;2021-06-01;282;535.8;987;1875.3;100-299;100-400
1276;Región Chorotega;2077;00084-2014;5-2-3;GUANACASTE;NICOYA;502;SAN ANTONIO;SAN MARTIN Y FLORIDA DE SAN ANTONIO DE NICOYA, GUANACASTE;CAAR;Rural;;D;0;22;0;0;0;0;0;0;;2018-12-19;22;41.8;77;146.3;0-99;0-99
1276;Región Chorotega;2078;00086-2014;5-2-3;GUANACASTE;NICOYA;502;SAN ANTONIO;SAN VICENTE DE SAN ANTONIO DE NICOYA, GUANACASTE;ASADA;Rural;3-002-350766;C;0;207;0;6;0;0;0;0;2;2020-01-01;213;404.7;745.5;1416.45;100-299;100-400
1276;Región Chorotega;2079;00087-2014;5-2-1;GUANACASTE;NICOYA;502;NICOYA;SANTA ANA DE NICOYA, GUANACASTE;ASADA;Rural;3002202272;D;0;322;0;2;0;0;0;0;;2020-01-01;324;615.6;1134;2154.6;300-799;100-400
1276;Región Chorotega;2081;00089-2014;5-2-7;GUANACASTE;NICOYA;502;BELEN DE NOSARITA;SANTA ELENA DE BELEN DE NICOYA, GUANACASTE;ASADA;Rural;3002257118;C;0;72;0;0;0;0;0;0;;2020-01-01;72;136.8;252;478.8;0-99;0-99
1276;Región Chorotega;2082;00090-2014;5-2-5;GUANACASTE;NICOYA;502;SAMARA;SANTO DOMINGO DE SAMARA DE NICOYA, GUANACASTE;ASADA;Costera;3002412555;B;0;82;0;4;0;0;0;0;1;2020-01-01;86;163.4;301;571.9;0-99;0-99
1276;Región Chorotega;2083;00091-2014;5-2-3;GUANACASTE;NICOYA;502;SAN ANTONIO;TALOLINGA DE SAN ANTONIO DE NICOYA GUANACASTE;ASADA;Rural;3002658471;D;0;0;1;0;0;0;0;0;;2020-01-01;1;1.9;3.5;6.65;0-99;0-99
1276;Región Chorotega;2084;00093-2014;5-2-5;GUANACASTE;NICOYA;502;SAMARA;TORITO DE SAMARA DE NICOYA, GUANACASTE;ASADA;Costera;3002369497;C;0;205;0;7;0;0;0;0;;2020-01-01;212;402.8;742;1409.8;100-299;100-400
1276;Región Chorotega;2085;00094-2014;5-2-4;GUANACASTE;NICOYA;502;QUEBRADA HONDA;TORTUGUERO DE QUEBRADA HONDA DE NICOYA, GUANACASTE;ASADA;Costera;3-002-679028;C;0;103;0;0;0;0;0;0;;2020-01-01;103;195.7;360.5;684.95;100-299;100-400
1276;Región Chorotega;2086;00095-2014;5-2-7;GUANACASTE;NICOYA;502;BELEN DE NOSARITA;ZARAGOZA DE BELEN DE NOSARITA DE NICOYA, GUANACASTE.;ASADA;Rural;3-002-299481;D;0;47;0;0;0;0;0;0;;2018-12-19;47;89.3;164.5;312.55;0-99;0-99
1276;Región Chorotega;2087;00096-2014;5-2-3;GUANACASTE;NICOYA;502;SAN ANTONIO;ZAPOTE DE SAN ANTONIO DE NICOYA GUANACASTE ;ASOCIACION;Rural;3002272352;D;44;90;0;0;0;0;0;0;;2018-12-19;134;254.6;469;891.1;100-299;100-400
1276;Región Chorotega;2274;04283-2014;5-2-7;GUANACASTE;NICOYA;502;BELEN DE NOSARITA;CUAJINIQUIL DE BELEN DE NOSARITA DE NICOYA, GUANACASTE;ASADA;Rural;3002677800;D;68;68;0;0;1;0;3;0;;2018-12-19;140;266;490;931;100-299;100-400
1276;Región Chorotega;2275;04285-2014;5-2-6;GUANACASTE;NICOYA;502;NOSARA;NOSARA CENTRO, ARENALES Y ALREDEDORES DE NOSARA DE NICOYA, G;ASADA;Costera;3002258849;C;0;816;0;1;0;0;0;0;4;2020-01-01;817;1552.3;2859.5;5433.05;800 a más;800 a más
1276;Región Chorotega;2281;04382-2014;5-2-6;GUANACASTE;NICOYA;502;NOSARA;SANTA TERESITA DE NOSARA DE NICOYA, GUANACASTE;ASADA;Costera;3002301948;C;0;180;0;0;0;0;0;0;2;2020-06-30;180;342;630;1197;100-299;100-400
1276;Región Chorotega;2292;04444-2014;5-2-5;GUANACASTE;NICOYA;502;SAMARA;EL SILENCIO DE SAMARA DE NICOYA, GUANACASTE;CAAR;Costera;;D;0;23;0;0;0;0;0;0;1;2020-01-01;23;43.7;80.5;152.95;0-99;0-99
1276;Región Chorotega;2293;04445-2014;5-2-5;GUANACASTE;NICOYA;502;SAMARA;CHINAMPAS DE SAMARA DE NICOYA, GUANACASTE;ASADA;Rural;;D;0;0;0;0;0;0;0;0;;2020-01-01;0;0;0;0;0-99;0-99
1276;Región Chorotega;2294;04446-2014;5-2-6;GUANACASTE;NICOYA;502;NOSARA;DELICIAS DE GARZA DE NICOYA, GUANACASTE;ASADA;Costera;3002225669;C;0;184;0;0;0;0;0;0;;2020-09-01;184;349.6;644;1223.6;100-299;100-400
1276;Región Chorotega;2295;04565-2014;5-2-1;GUANACASTE;NICOYA;502;NICOYA;VARILLAL DE NICOYA, GUANACASTE;ASADA;Rural;3002531393;C;0;34;0;0;0;0;0;0;;2020-01-01;34;64.6;119;226.1;0-99;0-99
1276;Región Chorotega;2296;04579-2014;5-2-3;GUANACASTE;NICOYA;502;SAN ANTONIO;CHIRA DE SAN LAZARO DE SAN ANTONIO DE NICOYA, GUANACASTE;Sin Selección;Rural;3002298870;D;0;18;0;0;0;0;0;0;;2020-01-01;18;34.2;63;119.7;0-99;0-99
1276;Región Chorotega;2298;04581-2014;5-2-3;GUANACASTE;NICOYA;502;SAN ANTONIO;CAÑAL DE POZO DE AGUA DE SAN ANTONIO DE NICOYA, GUANACASTE;ASADA;Rural;3002680901;D;0;60;0;0;0;0;0;0;;2020-01-01;60;114;210;399;0-99;0-99
1276;Región Chorotega;2299;04582-2014;5-2-1;GUANACASTE;NICOYA;502;NICOYA;LA ESPERANZA NORTE DE JUAN DIAZ DE NICOYA, GUANACASTE;ASADA;Rural;3-002-675164;D;85;0;0;0;0;0;0;0;;2020-03-19;85;161.5;297.5;565.25;0-99;0-99
1276;Región Chorotega;2301;04585-2014;5-2-3;GUANACASTE;NICOYA;502;SAN ANTONIO;SAN LAZARO DE SAN ANTONIO DE NICOYA, GUANACASTE;ASADA;Rural;3-002-668712;D;0;126;0;0;0;0;0;0;;2018-12-19;126;239.4;441;837.9;100-299;100-400
1276;Región Chorotega;2309;04704-2014;5-2-1;GUANACASTE;NICOYA;502;NICOYA;Y GRIEGA DE QUIRIMAN DE NICOYA, GUANACASTE;ASADA;Rural;;D;0;40;0;0;0;0;0;0;;2020-01-01;40;76;140;266;0-99;0-99
1276;Región Chorotega;2313;04769-2014;5-2-2;GUANACASTE;NICOYA;502;MANSION;MATAMBUGUITO DE NICOYA, GUANACASTE;ASOCIACION DE DESARROLLO INDIGENA;Rural Indígena;;D;0;0;0;0;0;0;3;0;;2020-01-01;3;5.7;10.5;19.95;0-99;0-99
1276;Región Chorotega;2969;00040-2014;5-2-6;GUANACASTE;NICOYA;502;NOSARA;PLAYA GARZA DE NOSARA DE NICOYA, GUANACASTE;ASADA;Costera;3002277053;D;0;125;0;0;0;0;0;0;1;2020-05-13;125;237.5;437.5;831.25;100-299;100-400
1276;Región Chorotega;2970;00042-2014;5-2-1;GUANACASTE;NICOYA;502;NICOYA;HONDORES DE NICOYA, GUANACASTE;ASADA;Rural;3002532095;C;0;102;0;0;0;0;0;0;;2020-01-01;102;193.8;357;678.3;100-299;100-400
1276;Región Chorotega;2971;00051-2014;5-2-3;GUANACASTE;NICOYA;502;SAN ANTONIO;MATAMBAS Y EL PIAVE DE SAN ANTONIO DE NICOYA, GUANACASTE;ASADA;Rural;3002633222;D;0;67;0;4;0;0;0;0;;2020-01-01;71;134.9;248.5;472.15;0-99;0-99
1276;Región Chorotega;2991;00043-2014;5-2-2;GUANACASTE;NICOYA;502;MANSION;IGUANITA DE MANSION DE NICOYA, GUANACASTE;ASADA;Rural;3002660798;D;0;94;0;0;0;0;0;0;;2020-01-01;94;178.6;329;625.1;0-99;0-99
1276;Región Chorotega;2992;00050-2014;5-2-2;GUANACASTE;NICOYA;502;MANSION;LAPAS DE MANSION DE NICOYA, GUANACASTE;CAAR;Rural;;D;25;0;0;0;0;0;0;0;;2018-12-19;25;47.5;87.5;166.25;0-99;0-99
1276;Región Chorotega;2994;00082-2014;5-2-4;GUANACASTE;NICOYA;502;QUEBRADA HONDA;SAN JUAN DE QUEBRADA HONDA DE NICOYA, GUANACASTE;ASADA;Costera;3002549319;D;92;0;0;0;0;0;0;0;;2021-05-20;92;174.8;322;611.8;0-99;0-99
1276;Región Chorotega;2995;00088-2014;5-2-6;GUANACASTE;NICOYA;502;NOSARA;SANTA MARTA DE NOSARA DE NICOYA GUANACASTE;ASADA;Costera;3002345904;D;0;115;0;0;0;0;0;0;;2020-01-01;115;218.5;402.5;764.75;100-299;100-400
1276;Región Chorotega;4283;05146-2019;5-2-2;GUANACASTE;NICOYA;502;MANSION;MATINA;CAAR;Rural;;D;0;0;0;0;0;0;1;0;;2020-01-01;1;1.9;3.5;6.65;0-99;0-99
1276;Región Chorotega;4284;05147-2019;5-2-6;GUANACASTE;NICOYA;502;NOSARA;PUNTA GUIONES;Sin Selección;Costera;;D;0;0;0;0;0;0;0;0;;2020-01-01;0;0;0;0;0-99;0-99
1276;Región Chorotega;4285;05148-2019;5-2-1;GUANACASTE;NICOYA;502;NICOYA;TIERRA BLANCA;Sin Selección;Rural;;D;0;0;0;0;0;0;1;0;;2020-01-01;1;1.9;3.5;6.65;0-99;0-99
1276;Región Chorotega;4316;05179-2021;5-2-6;GUANACASTE;NICOYA;502;NOSARA;ASOCIACION ADMINISTRADORA DE ACUEDUCTO Y ALCANTARILLADO SANITARIO DE LAS DELICIAS DE NOSARA DE NICOYA;ASADA;Costera;3-002-648828;C;0;184;0;0;0;0;0;0;;2020-09-01;184;349.6;644;1223.6;100-299;100-400
34;Región Central Este;1968;00796-2014;3-7-2;CARTAGO;OREAMUNO;307;COT;COT DE OREAMUNO, CARTAGO;ASADA;Rural;3-002-290079;B;0;2300;0;0;0;0;0;0;22;2020-03-30;2300;4370;8050;15295;800 a más;800 a más
34;Región Central Este;1969;00798-2014;3-7-3;CARTAGO;OREAMUNO;307;POTRERO CERRADO;SAN JUAN DE IRAZU;ASADA;Rural;3-002-560927;B;0;80;0;20;0;0;0;0;;2020-07-02;100;190;350;665;100-299;100-400
34;Región Central Este;1970;00799-2014;3-7-3;CARTAGO;OREAMUNO;307;POTRERO CERRADO;POTRERO CERRADO DE OREAMUNO, CARTAGO ;ASADA;Rural;3-002-383657;A;13;270;31;138;0;0;0;0;5;2018-12-19;452;858.8;1582;3005.8;300-799;401-799
34;Región Central Este;1971;00800-2014;3-7-4;CARTAGO;OREAMUNO;307;CIPRESES;PASO ANCHO Y BOQUERON DE CIPRESES DE OREAMUNO, CARTAGO;ASADA;Rural;3-002-212347;A;0;478;0;135;0;0;0;0;3;2018-12-19;613;1164.7;2145.5;4076.45;300-799;401-799
34;Región Central Este;1972;00801-2014;3-7-4;CARTAGO;OREAMUNO;307;CIPRESES;CIPRESES DE OREAMUNO, CARTAGO;ASADA;Rural;3-002-227240;C;0;1014;0;370;0;0;0;0;20;2020-06-10;1384;2629.6;4844;9203.6;800 a más;800 a más
34;Región Central Este;1973;00802-2014;3-7-5;CARTAGO;OREAMUNO;307;SANTA ROSA;SAN PABLO DE SANTA ROSA OREAMUNO CARTAGO;ASADA;Rural;3-002-202759;B;0;416;0;206;0;0;0;0;3;2018-12-19;622;1181.8;2177;4136.3;300-799;401-799
34;Región Central Este;2006;04462-2014;3-7-5;CARTAGO;OREAMUNO;307;SANTA ROSA;SANTA ROSA DE OREAMUNO, CARTAGO;ASADA;Rural;3-002-205886;A;0;570;0;241;0;0;0;0;10;2020-09-10;811;1540.9;2838.5;5393.15;800 a más;800 a más
33;Región Pacífico Central;1556;00636-2014;2-9-4;ALAJUELA;OROTINA;209;COYOLAR;CEBADILLA DE COYOLAR DE OROTINA, ALAJUELA;ASADA;Rural;3-002-229084;C;0;230;0;0;0;0;0;0;2;2018-12-19;230;437;805;1529.5;100-299;100-400
33;Región Pacífico Central;1559;00648-2014;2-9-3;ALAJUELA;OROTINA;209;HACIENDA VIEJA;HACIENDA VIEJA DE OROTINA, ALAJUELA;ASADA;Rural;3-002-205345;B;0;304;0;11;0;0;0;0;3;2018-12-19;315;598.5;1102.5;2094.75;300-799;100-400
33;Región Pacífico Central;1562;00664-2014;2-9-4;ALAJUELA;OROTINA;209;COYOLAR;SANTA RITA DE COYOLAR DE OROTINA, ALAJUELA;ASADA;Rural;3-002-205846;B;0;503;0;9;0;0;0;0;4;2018-12-19;512;972.8;1792;3404.8;300-799;401-799
33;Región Pacífico Central;1564;00670-2014;2-9-4;ALAJUELA;OROTINA;209;COYOLAR;VIVERO DE COYOLAR DE OROTINA, ALAJUELA;ASADA;Rural;3-002-256951;C;0;495;0;32;0;0;0;0;6;2018-12-19;527;1001.3;1844.5;3504.55;300-799;401-799
33;Región Pacífico Central;1602;01130-2014;2-9-1;ALAJUELA;OROTINA;209;OROTINA;ACUORO (PITAL-CENTENO DE OROTINA), ALAJUELA;ASADA;Rural;3-002-205346;B;0;1704;0;22;0;0;0;0;12;2020-05-13;1726;3279.4;6041;11477.9;800 a más;800 a más
33;Región Pacífico Central;1806;04381-2014;2-9-4;ALAJUELA;OROTINA;209;COYOLAR;COYOLAR Y CORAZON DE MARIA DE OROTINA, ALAJUELA;ASADA;Rural;3-002-326194;C;0;322;0;3;0;0;0;0;3;2018-12-19;325;617.5;1137.5;2161.25;300-799;100-400
33;Región Pacífico Central;1883;04780-2014;2-9-3;ALAJUELA;OROTINA;209;HACIENDA VIEJA;VISTAS DEL  MAR DE HACIENDA VIEJA OROTINA;ASADA;Rural;3-002-458874;C;0;12;0;0;0;0;0;0;3;2018-12-19;12;22.8;42;79.8;0-99;0-99
1277;Región Brunca;2545;00472-2014;6-5-2;PUNTARENAS;OSA;605;PALMAR;CAÑA BLANCAL DE PALMAR NORTE DE OSA, PUNTARENAS;ASADA;Rural;3002260065;D;36;0;0;0;0;0;0;0;;2018-12-19;36;68.4;126;239.4;0-99;0-99
1277;Región Brunca;2547;00477-2014;6-5-1;PUNTARENAS;OSA;605;PUERTO CORTES;SAN BUENAS DE CORONADO DE CORTES DE OSA, PUNTARENAS;ASADA;Urbana;3-002-212208;A;1;1074;0;0;0;0;0;0;7;2021-04-27;1075;2042.5;3762.5;7148.75;800 a más;800 a más
1277;Región Brunca;2549;00488-2014;6-5-2;PUNTARENAS;OSA;605;PALMAR;FINCA JALACA Y PUERTA DEL SOL DE PALMAR DE OSA, PUNTARENAS;ASADA;Rural;3-002-620389;C;0;243;0;4;0;0;0;0;1;2018-12-19;247;469.3;864.5;1642.55;100-299;100-400
1277;Región Brunca;2552;00493-2014;6-5-5;PUNTARENAS;OSA;605;PIEDRAS BLANCAS;VILLA BONITA DE PALMAR DE OSA, PUNTARENAS;ASADA;Rural;3-002-375571;C;38;0;0;0;0;0;0;0;;2018-12-19;38;72.2;133;252.7;0-99;0-99
1277;Región Brunca;2554;00505-2014;6-5-5;PUNTARENAS;OSA;605;PIEDRAS BLANCAS;KM 40 ANGELES Y LA GUARIA DE PIEDRAS BLANCAS DE OSA, PUNTARE;ASADA;Rural;3-002-250768;D;6;125;0;0;0;0;0;0;;2018-12-19;131;248.9;458.5;871.15;100-299;100-400
1277;Región Brunca;2602;01731-2014;6-5-4;PUNTARENAS;OSA;605;BAHIA BALLENA;PLAYA HERMOSA DE BAHIA BALLENA DE OSA, PUNTARENAS;ASADA;Costera;3-002-447877;D;1;115;0;1;0;0;0;0;;2018-12-19;117;222.3;409.5;778.05;100-299;100-400
1277;Región Brunca;2603;01732-2014;6-5-2;PUNTARENAS;OSA;605;PALMAR;ASENTAMIENO IDA CAÑA BLANCAL, PALMAR NORTE OSA PUNTARENAS;ASADA;Rural;3-002-346318;C;0;62;0;0;0;0;0;0;;2018-12-19;62;117.8;217;412.3;0-99;0-99
1277;Región Brunca;2604;01734-2014;6-5-5;PUNTARENAS;OSA;605;PIEDRAS BLANCAS;VILLA COLON DE PIEDRAS BLANCAS, OSA, PUNTARENAS;ASADA;Rural;3-002-203087;C;0;110;0;3;0;0;0;0;;2018-12-19;113;214.7;395.5;751.45;100-299;100-400
1277;Región Brunca;2605;01735-2014;6-5-5;PUNTARENAS;OSA;605;PIEDRAS BLANCAS;SANTA ROSA, VENECIA, FINCA GUANACASTE DE PIEDRAS BLANCAS DE ;ASADA;Rural;3-002-360727;C;0;309;0;3;0;0;0;0;2;2018-12-19;312;592.8;1092;2074.8;300-799;100-400
1277;Región Brunca;2606;01736-2014;6-5-3;PUNTARENAS;OSA;605;SIERPE;DRAKE DE SIERPE DE OSA PUNTARENAS;ASADA;Costera;3-002-233049;D;0;149;0;61;0;0;0;0;;2018-12-19;210;399;735;1396.5;100-299;100-400
1277;Región Brunca;2608;01745-2014;6-5-5;PUNTARENAS;OSA;605;PIEDRAS BLANCAS;PIEDRAS BLANCAS, FLORIDA Y FINCA ALAJUELA DE PIDRAS BLANCAS ;ASADA;Rural;3-002-281644;B;1;997;0;0;0;0;0;0;3;2020-02-18;998;1896.2;3493;6636.7;800 a más;800 a más
1277;Región Brunca;2627;01813-2014;6-5-2;PUNTARENAS;OSA;605;PALMAR;PALMAR SUR DE OSA, PUNTARENAS;ASADA;Rural;3-002-347805;B;0;487;0;51;0;0;0;0;12;2018-12-19;538;1022.2;1883;3577.7;300-799;401-799
1277;Región Brunca;2646;01896-2014;6-5-1;PUNTARENAS;OSA;605;PUERTO CORTES;OJOCHAL DE CORTES DE OSA, PUNTARENAS;ASADA;Costera;3-002-216588;A;0;653;0;0;0;0;0;0;4;2019-12-02;653;1240.7;2285.5;4342.45;300-799;401-799
1277;Región Brunca;2647;01899-2014;6-5-2;PUNTARENAS;OSA;605;PALMAR;SAN FRANCISCO DE TINOCO PALMAR OSA, PUNTARENAS;ASADA;Rural;3-002-234073;B;0;156;0;8;0;0;0;0;;2018-12-19;164;311.6;574;1090.6;100-299;100-400
1277;Región Brunca;2648;01900-2014;6-5-3;PUNTARENAS;OSA;605;SIERPE;LA GALLEGA Y ESTERO AZUL DE SIERPE DE OSA, PUNTARENAS;ASADA;Rural;3-002-542576;B;0;372;0;19;0;0;0;0;3;2018-12-19;391;742.9;1368.5;2600.15;300-799;100-400
1277;Región Brunca;2649;01903-2014;6-5-4;PUNTARENAS;OSA;605;BAHIA BALLENA;BAHIA BALLENA Y UVITA DE OSA, PUNTARENAS;ASADA;Costera;3-002-204544;C;0;688;0;501;0;0;0;0;18;2018-12-19;1189;2259.1;4161.5;7906.85;800 a más;800 a más
1277;Región Brunca;2655;02220-2014;6-5-1;PUNTARENAS;OSA;605;PUERTO CORTES;TRES RIOS DE CORTES DE OSA, PUNTARENAS;ASADA;Costera;3-002-596536;D;160;0;0;0;0;0;0;0;;2018-12-19;160;304;560;1064;100-299;100-400
1277;Región Brunca;2663;04130-2014;6-5-4;PUNTARENAS;OSA;605;BAHIA BALLENA;PUERTO NUEVO DE BAHIA BALLENA DE OSA, PUNTARENAS;ASADA;Costera;3-002-588640;C;0;36;0;4;0;0;0;0;;2018-12-19;40;76;140;266;0-99;0-99
1277;Región Brunca;2681;04542-2014;6-5-5;PUNTARENAS;OSA;605;PIEDRAS BLANCAS;FINCA DE PUNTARENAS DE PIEDRAS BLANCAS DE OSA, PUNTARENAS;CAAR;Rural;;D;168;0;0;0;0;0;0;0;;2018-12-19;168;319.2;588;1117.2;100-299;100-400
1277;Región Brunca;2682;04543-2014;6-5-1;PUNTARENAS;OSA;605;PUERTO CORTES;TRES RIOS ABAJO DE CORTES DE OSA, PUNTARENAS;ASADA;Rural;3002295499;D;60;0;0;0;0;0;0;0;;2018-12-19;60;114;210;399;0-99;0-99
1277;Región Brunca;2683;04545-2014;6-5-2;PUNTARENAS;OSA;605;PALMAR;OLLA CERO DE PALMAR DE OSA, PUNTARENAS;ASADA;Rural;3-002-346972;C;0;367;0;6;0;0;0;0;4;2018-12-19;373;708.7;1305.5;2480.45;300-799;100-400
1277;Región Brunca;2705;04734-2014;6-5-3;PUNTARENAS;OSA;605;SIERPE;SAN JUAN DE SIERPE DE OSA, PUNTARENAS;CAAR;Rural;;D;32;0;0;0;0;0;0;0;;2018-12-19;32;60.8;112;212.8;0-99;0-99
33;Región Pacífico Central;1627;01176-2014;2-7-2;ALAJUELA;PALMARES;207;ZARAGOZA;RINCON DE ZARAGOZA DE PALMARES, ALAJUELA;ASADA;Periurbana;3-002-389676;A;0;1695;0;50;0;0;0;6;31;2018-12-19;1751;3326.9;6128.5;11644.15;800 a más;800 a más
33;Región Pacífico Central;1628;01180-2014;2-7-4;ALAJUELA;PALMARES;207;SANTIAGO;SANTIAGO DE PALMARES, ALAJUELA;ASADA;Rural;3-002-204092;B;0;539;0;16;0;0;0;0;4;2018-12-19;555;1054.5;1942.5;3690.75;300-799;401-799
33;Región Pacífico Central;1629;01181-2014;2-7-5;ALAJUELA;PALMARES;207;CANDELARIA;CANDELARIA DE PALMARES, ALAJUELA;ASADA;Periurbana;3-002-313946;C;0;572;0;0;0;0;0;0;10;2018-12-19;572;1086.8;2002;3803.8;300-799;401-799
34;Región Central Este;1896;00680-2014;3-2-2;CARTAGO;PARAISO;302;SANTIAGO;LA FLOR DE SANTIAGO DE PARAISO, CARTAGO ;ASADA;Rural;3-002-320248;A;0;282;0;32;0;0;0;0;1;2018-12-19;314;596.6;1099;2088.1;300-799;100-400
34;Región Central Este;1897;00685-2014;3-2-2;CARTAGO;PARAISO;302;SANTIAGO;SANTIAGO DE PARAISO, CARTAGO;ASADA;Rural;3-002-306104;A;0;685;0;62;0;0;0;3;7;2018-12-19;750;1425;2625;4987.5;300-799;401-799
34;Región Central Este;1898;00686-2014;3-2-2;CARTAGO;PARAISO;302;SANTIAGO;EL YAS DE SANTIAGO DE PARAISO, CARTAGO;ASADA;Rural;3-002-330522;B;0;380;0;46;0;0;0;0;3;2018-12-19;426;809.4;1491;2832.9;300-799;401-799
34;Región Central Este;1899;00688-2014;3-2-2;CARTAGO;PARAISO;302;SANTIAGO;PIEDRA AZUL DE SANTIAGO DE PARAISO, CARTAGO;ASADA;Rural;3-002-327988;B;0;317;0;5;0;0;0;1;2;2018-12-19;323;613.7;1130.5;2147.95;300-799;100-400
34;Región Central Este;1900;00690-2014;3-2-3;CARTAGO;PARAISO;302;OROSI;PURISIL DE OROSI DE PARAISO, CARTAGO;ASADA;Rural;3-002-576081;D;40;0;2;0;0;0;0;0;;2018-12-19;42;79.8;147;279.3;0-99;0-99
34;Región Central Este;1901;00691-2014;3-2-3;CARTAGO;PARAISO;302;OROSI;OROSI DE PARAISO, CARTAGO;ASADA;Rural;3-002-200843;B;74;1965;0;129;0;0;0;0;32;2020-07-16;2168;4119.2;7588;14417.2;800 a más;800 a más
34;Región Central Este;1902;00692-2014;3-2-3;CARTAGO;PARAISO;302;OROSI;LA ALEGRIA DE OROSI, PARAISO CARTAGO;ASADA;Rural;3-002-385234;C;158;26;0;0;0;0;0;0;1;2018-12-19;184;349.6;644;1223.6;100-299;100-400
34;Región Central Este;1903;00694-2014;3-2-3;CARTAGO;PARAISO;302;OROSI;RIO MACHO DE OROSI DE PARAISO, CARTAGO;ASADA;Rural;3-002-217931;D;142;0;4;0;0;0;0;0;;2018-12-19;146;277.4;511;970.9;100-299;100-400
34;Región Central Este;1904;00696-2014;3-2-3;CARTAGO;PARAISO;302;OROSI;PALOMO DE OROSI DE PARAISO, CARTAGO;ASADA;Rural;3-002-251156;B;0;524;0;9;0;0;0;0;4;2020-09-09;533;1012.7;1865.5;3544.45;300-799;401-799
34;Región Central Este;1906;00698-2014;3-2-4;CARTAGO;PARAISO;302;CACHI;SAN JERONIMO DE CACHI DE PARAISO, CARTAGO;ASADA;Rural;3-002-212331;C;0;132;0;10;0;0;0;0;3;2018-12-19;142;269.8;497;944.3;100-299;100-400
34;Región Central Este;2013;04629-2014;3-2-1;CARTAGO;PARAISO;302;PARAISO;RESIDENCIAL DOÑA FLORA DE PARAISO DE CARTAGO;ASADA;Urbana;3-002-667159;C;0;189;0;0;0;0;0;0;3;2018-12-19;189;359.1;661.5;1256.85;100-299;100-400
34;Región Central Este;2018;04669-2014;3-2-1;CARTAGO;PARAISO;302;PARAISO;BARRIO SAN FRANCISCO DE BIRRISITO DE PARAISO, CARTAGO;ASADA;Rural;3-002-570941;D;18;0;0;0;0;0;0;0;;2018-12-19;18;34.2;63;119.7;0-99;0-99
33;Región Pacífico Central;2555;00512-2014;6-9-1;PUNTARENAS;PARRITA;609;PARRITA;ESTERO DAMAS DE QUEPOS, PUNTARENAS;ASADA;Rural;3-002-223592;B;0;767;0;18;0;0;0;0;9;2018-12-19;785;1491.5;2747.5;5220.25;300-799;401-799
33;Región Pacífico Central;2561;00530-2014;6-9-1;PUNTARENAS;PARRITA;609;PARRITA;CHIRRACA DE PARRITA, PUNTARENAS;ASADA;Rural;3-002-305421;D;0;35;0;0;0;0;0;0;;2018-12-19;35;66.5;122.5;232.75;0-99;0-99
33;Región Pacífico Central;2562;00541-2014;6-9-1;PUNTARENAS;PARRITA;609;PARRITA;SAN RAFAEL NORTE DE PARRITA, PUNTARENAS;ASADA;Rural;3-002-312773;C;0;254;0;2;0;0;0;0;;2018-12-19;256;486.4;896;1702.4;100-299;100-400
33;Región Pacífico Central;2563;00548-2014;6-9-1;PUNTARENAS;PARRITA;609;PARRITA;LAS VUELTAS DE PARRITA, PUNTARENAS;ASADA;Rural;3-002-502832;C;0;51;0;0;0;0;0;0;;2018-12-19;51;96.9;178.5;339.15;0-99;0-99
33;Región Pacífico Central;2564;00552-2014;6-9-1;PUNTARENAS;PARRITA;609;PARRITA;LOMAS Y BANDERA DE PARRITA, PUNTARENAS;ASADA;Costera;3-002-369062;B;0;1787;0;151;0;0;0;0;19;2018-12-19;1938;3682.2;6783;12887.7;800 a más;800 a más
33;Región Pacífico Central;2565;00562-2014;6-9-1;PUNTARENAS;PARRITA;609;PARRITA;SURUBRES DE PARRITA, PUNTARENAS;ASADA;Rural;3-002-342617;C;0;127;0;13;0;0;0;0;;2018-12-19;140;266;490;931;100-299;100-400
33;Región Pacífico Central;2567;00572-2014;6-9-1;PUNTARENAS;PARRITA;609;PARRITA;LAS VEGAS DE PARRITA, PUNTARENAS;ASADA;Rural;3-002-233659;D;0;202;0;0;0;0;0;0;;2018-12-19;202;383.8;707;1343.3;100-299;100-400
33;Región Pacífico Central;2568;00573-2014;6-9-1;PUNTARENAS;PARRITA;609;PARRITA;VALLE VASCONIA DE PARRITA, PUNTARENAS;ASADA;Rural;3-002-213676;C;0;406;0;0;0;0;0;0;3;2020-03-16;406;771.4;1421;2699.9;300-799;401-799
33;Región Pacífico Central;2685;04549-2014;6-9-1;PUNTARENAS;PARRITA;609;PARRITA;LOMAS Y NUEVA PARRITA, PUNTARENAS;ASADA;Costera;3-002-217569;B;0;463;0;4;0;0;0;0;7;2018-12-19;467;887.3;1634.5;3105.55;300-799;401-799
1277;Región Brunca;2853;01682-2014;1-19-3;SAN JOSE;PEREZ ZELEDON;119;DANIEL FLORES;SAN JUAN BOSCO(PATIO DE AGUA) DE DANIEL FLORES, PEREZ ZELEDO;ASADA;Rural;3-002-553173;C;0;233;0;6;0;0;0;0;;2018-12-19;239;454.1;836.5;1589.35;100-299;100-400
1277;Región Brunca;2854;01686-2014;1-19-11;SAN JOSE;PEREZ ZELEDON;119;PARAMO;VALENCIA DE PARAMO DE PEREZ ZELEDON, SAN JOSE;ASADA;Rural;3-002-204867;D;0;70;0;0;0;0;0;0;;2018-12-19;70;133;245;465.5;0-99;0-99
1277;Región Brunca;2855;01689-2014;1-19-8;SAN JOSE;PEREZ ZELEDON;119;CAJON;ASOCIACIÓN ADMINISTRADORA DEL ACUEDUCTO Y ALCANTARILLADO SANITARIO DEL DISTRITO DE CAJÓN DE PÉREZ ZELEDÓN;ASADA;Rural;3-002-238594;A;40;3458;0;84;0;0;0;0;25;2018-12-19;3582;6805.8;12537;23820.3;800 a más;800 a más
1277;Región Brunca;2856;01690-2014;1-19-11;SAN JOSE;PEREZ ZELEDON;119;PARAMO;DIVISION Y EL JARDIN DE PARAMO DE PEREZ ZELEDON, SAN JOSE;ASADA;Rural;3-002-201685;C;0;205;0;9;0;0;0;6;;2018-12-19;220;418;770;1463;100-299;100-400
1277;Región Brunca;2857;01691-2014;1-19-10;SAN JOSE;PEREZ ZELEDON;119;RIO NUEVO;SANTA ROSA Y VILLANUEVA DE RIO NUEVO DE PEREZ ZELEDON,SAN JO;ASADA;Rural;3-002-211303;B;1;910;0;0;0;0;0;0;7;2021-02-23;911;1730.9;3188.5;6058.15;800 a más;800 a más
1277;Región Brunca;2858;01693-2014;1-19-1;SAN JOSE;PEREZ ZELEDON;119;SAN ISIDRO DE EL GENERAL;TUIS DE PALMA DE SAN ISIDRO DEL GENERAL, PEREZ ZELEDON, SJ;CAAR;Rural;;D;22;0;0;0;0;0;0;0;;2018-12-19;22;41.8;77;146.3;0-99;0-99
1277;Región Brunca;2859;01697-2014;1-19-7;SAN JOSE;PEREZ ZELEDON;119;PEJIBAYE;ZAPOTE DE PEJIBAYE DE PEREZ ZELEDON, SAN JOSE;ASADA;Rural;3-002-355967;C;0;105;0;0;0;0;0;0;;2018-12-19;105;199.5;367.5;698.25;100-299;100-400
1277;Región Brunca;2860;01698-2014;1-19-9;SAN JOSE;PEREZ ZELEDON;119;BARU;SAN JUAN DE DIOS Y TRES PIEDRAS DE BARU DE PEREZ ZELEDON, SA;ASADA;Rural;3-002-224363;C;0;119;0;5;0;0;0;0;1;2018-12-19;124;235.6;434;824.6;100-299;100-400
1277;Región Brunca;2861;01699-2014;1-19-4;SAN JOSE;PEREZ ZELEDON;119;RIVAS;MONTERREY DE RIVAS DE PEREZ ZELEDON, SAN JOSE;CAAR;Rural;3-002-324714;D;27;0;0;0;0;0;0;0;;2018-12-19;27;51.3;94.5;179.55;0-99;0-99
1277;Región Brunca;2862;01702-2014;1-19-4;SAN JOSE;PEREZ ZELEDON;119;RIVAS;GUADALUPE DE RIVAS DE PEREZ ZELEDON, SAN JOSE;ASADA;Rural;3-002-404423;B;0;128;0;6;0;0;0;0;4;2018-12-19;134;254.6;469;891.1;100-299;100-400
1277;Región Brunca;2863;01703-2014;1-19-11;SAN JOSE;PEREZ ZELEDON;119;PARAMO;BERLIN, PROVIDENCIA Y SAN MIGUEL DE PARAMO DE PEREZ ZELEDON,;ASADA;Rural;3-002-198504;C;0;229;0;1;0;0;0;0;2;2018-12-19;230;437;805;1529.5;100-299;100-400
1277;Región Brunca;2864;01704-2014;1-19-4;SAN JOSE;PEREZ ZELEDON;119;RIVAS;SAN GERARDO Y RIVAS DE PEREZ ZELEDON, SAN JOSE;ASADA;Rural;3-002-245105;C;0;67;0;13;0;0;0;0;2;2018-12-19;80;152;280;532;0-99;0-99
1277;Región Brunca;2865;01705-2014;1-19-11;SAN JOSE;PEREZ ZELEDON;119;PARAMO;VILLA MILLS Y SIBERIA DE PARAMO DE PEREZ ZELEDON, SAN JOSE;ASADA;Rural;3-002-218710;C;0;100;0;0;0;0;0;0;;2018-12-19;100;190;350;665;100-299;100-400
1277;Región Brunca;2866;01707-2014;1-19-1;SAN JOSE;PEREZ ZELEDON;119;SAN ISIDRO DE EL GENERAL;LA LINDA DE GENERAL VIEJO DE PEREZ ZELEDON, SAN JOSE;ASADA;Rural;3-002-356522;C;3;286;0;0;0;0;0;0;;2018-12-19;289;549.1;1011.5;1921.85;100-299;100-400
1277;Región Brunca;2867;01708-2014;1-19-4;SAN JOSE;PEREZ ZELEDON;119;RIVAS;SAN JOSE DE RIVAS DE PEREZ ZELEDON, SAN JOSE;CAAR;Rural;;D;0;29;0;0;0;0;0;0;;2018-12-19;29;55.1;101.5;192.85;0-99;0-99
1277;Región Brunca;2868;01710-2014;1-19-1;SAN JOSE;PEREZ ZELEDON;119;SAN ISIDRO DE EL GENERAL;GUARIA Y LA PALMA DE SAN ISIDRO DE EL GENERAL PEREZ ZELEDON,;ASADA;Rural;3-002-397052;C;0;55;0;0;0;0;0;0;5;2018-12-19;55;104.5;192.5;365.75;0-99;0-99
1277;Región Brunca;2869;01713-2014;1-19-7;SAN JOSE;PEREZ ZELEDON;119;PEJIBAYE;VERACRUZ DE PEJIBAYE DE PEREZ ZELEDON, SAN JOSE;ASADA;Rural;3-002-205110;C;0;90;0;0;0;0;0;0;;2018-12-19;90;171;315;598.5;0-99;0-99
1277;Región Brunca;2870;01714-2014;1-19-9;SAN JOSE;PEREZ ZELEDON;119;BARU;LAS TUMBAS DE BARU DE PEREZ ZELEDON, SAN JOSE;ASADA;Rural;3-002-504372;C;0;80;0;0;0;0;0;0;;2018-12-19;80;152;280;532;0-99;0-99
1277;Región Brunca;2871;01715-2014;1-19-8;SAN JOSE;PEREZ ZELEDON;119;CAJON;MONTECARLO DE CAJON DE PEREZ ZELEDON, SAN JOSE;ASADA;Rural;3-002-209129;C;0;130;0;0;0;0;0;0;;2018-12-19;130;247;455;864.5;100-299;100-400
1277;Región Brunca;2872;01716-2014;1-19-2;SAN JOSE;PEREZ ZELEDON;119;EL GENERAL;SAN BLAS DEL GENERAL, PEREZ ZELEDON, SAN JOSE;ASADA;Rural;3-002-598013;C;0;70;0;0;0;0;0;0;;2018-12-19;70;133;245;465.5;0-99;0-99
1277;Región Brunca;2873;01719-2014;1-19-4;SAN JOSE;PEREZ ZELEDON;119;RIVAS;RIVAS DE PEREZ ZELEDON, SAN JOSE;ASADA;Rural;3-002-206565;A;0;544;0;42;0;0;0;0;6;2018-12-19;586;1113.4;2051;3896.9;300-799;401-799
1277;Región Brunca;2874;01726-2014;1-19-6;SAN JOSE;PEREZ ZELEDON;119;PLATANARES;VILLA ARGENTINA Y NARANJO DE PLATANARES DE PEREZ ZELEDON, SJ;ASADA;Rural;3-002-414052;C;0;238;0;0;0;0;0;0;;2018-12-19;238;452.2;833;1582.7;100-299;100-400
1277;Región Brunca;2875;01727-2014;1-19-6;SAN JOSE;PEREZ ZELEDON;119;PLATANARES;SAN GERARDO, SAN MIGUEL, BOLIVAR Y BAJO LAS BONITA DE PLATAN;ASADA;Rural;3-002-292158;C;0;363;0;0;0;0;0;0;;2018-12-19;363;689.7;1270.5;2413.95;300-799;100-400
1277;Región Brunca;2876;01728-2014;1-19-7;SAN JOSE;PEREZ ZELEDON;119;PEJIBAYE;SAN MARTIN DE PEJIBAYE DE PEREZ ZELEDON SAN JOSE ;ASADA;Rural;3-002-368248;C;0;96;0;0;0;0;0;0;;2018-12-19;96;182.4;336;638.4;0-99;0-99
1277;Región Brunca;2877;01730-2014;1-19-7;SAN JOSE;PEREZ ZELEDON;119;PEJIBAYE;GUADALUPE Y SANTE FE DE PEJIBAYE DE PEREZ ZELEDON, SAN JOSE;ASADA;Rural;3-002-201748;C;0;111;0;0;0;0;0;0;;2018-12-19;111;210.9;388.5;738.15;100-299;100-400
1277;Región Brunca;2878;01768-2014;1-19-6;SAN JOSE;PEREZ ZELEDON;119;PLATANARES;LA SIERRA DE PLATANARES DE PEREZ ZELEDON SAN JOSE;ASADA;Rural;3-002-208915;C;0;78;0;2;0;0;0;0;;2018-12-19;80;152;280;532;0-99;0-99
1277;Región Brunca;2879;01775-2014;1-19-4;SAN JOSE;PEREZ ZELEDON;119;RIVAS;PUEBLO NUEVO DE RIVAS DE PEREZ ZELEDON, SAN JOSE;ASOCIACION;Rural;3-002-253928;D;0;193;0;0;0;0;0;0;5;2018-12-19;193;366.7;675.5;1283.45;100-299;100-400
1277;Región Brunca;2880;01801-2014;1-19-2;SAN JOSE;PEREZ ZELEDON;119;EL GENERAL;GENERAL VIEJO DE PEREZ ZELEDON, SAN JOSE;ASADA;Rural;3-002-671339;A;0;976;0;45;0;0;0;0;9;2018-12-19;1021;1939.9;3573.5;6789.65;800 a más;800 a más
1277;Región Brunca;2881;01811-2014;1-19-1;SAN JOSE;PEREZ ZELEDON;119;SAN ISIDRO DE EL GENERAL;SAN AGUSTIN DE SAN ISIDRO DEL GENERAL DE PEREZ ZELEDON,SAN J;ASADA;Rural;3-002-320410;C;0;47;0;0;0;0;0;0;2;2018-12-19;47;89.3;164.5;312.55;0-99;0-99
1277;Región Brunca;2882;01821-2014;1-19-9;SAN JOSE;PEREZ ZELEDON;119;BARU;FLORIDA DE BARU DE PEREZ ZELEDON, SAN JOSE;ASADA;Rural;3-002-203370;D;0;40;0;0;0;0;0;0;;2018-12-19;40;76;140;266;0-99;0-99
1277;Región Brunca;2883;01823-2014;1-19-4;SAN JOSE;PEREZ ZELEDON;119;RIVAS;BUENAVISTA Y LA PIEDRA DE RIVAS DE PEREZ ZELEDON, SAN JOSE;CAAR;Rural;;D;84;0;0;0;0;0;0;0;;2018-12-19;84;159.6;294;558.6;0-99;0-99
1277;Región Brunca;2884;01831-2014;1-19-7;SAN JOSE;PEREZ ZELEDON;119;PEJIBAYE;EL AGUILA DE PEJIBAYE DE PEREZ ZELEDON, SAN JOSE;ASADA;Rural;3-002-681199;C;0;119;0;11;0;0;0;0;;2018-12-19;130;247;455;864.5;100-299;100-400
1277;Región Brunca;2885;01832-2014;1-19-1;SAN JOSE;PEREZ ZELEDON;119;SAN ISIDRO DE EL GENERAL;QUEBRADAS ARRIBA DE SAN ISIDRO DE EL GENERAL DE PEREZ ZELEDO;ASADA;Rural;3-002-391461;C;0;34;0;0;0;0;0;0;;2018-12-19;34;64.6;119;226.1;0-99;0-99
1277;Región Brunca;2887;01838-2014;1-19-1;SAN JOSE;PEREZ ZELEDON;119;SAN ISIDRO DE EL GENERAL;CALLE LOS BARRANTES DE SAN ISIDRO DEL GENERAL DE PEREZ ZELED;ASADA;Rural;3-002-362437;C;0;73;0;0;0;0;0;0;;2018-12-19;73;138.7;255.5;485.45;0-99;0-99
1277;Región Brunca;2888;01839-2014;1-19-1;SAN JOSE;PEREZ ZELEDON;119;SAN ISIDRO DE EL GENERAL;PEDREGOSO(SECTOR NORTE) DE SAN ISIDRO DE EL GENERAL DE PEREZ;ASADA;Rural;3-002-165857;A;0;170;0;5;0;0;0;0;4;2018-12-19;175;332.5;612.5;1163.75;100-299;100-400
1277;Región Brunca;2889;01841-2014;1-19-1;SAN JOSE;PEREZ ZELEDON;119;SAN ISIDRO DE EL GENERAL;OJO DE AGUA DE SAN ISIDRO DE EL GENERAL DE PEREZ ZELEDON,S.J;ASADA;Rural;3-002-620748;D;0;44;0;0;0;0;0;0;;2018-12-19;44;83.6;154;292.6;0-99;0-99
1277;Región Brunca;2892;01852-2014;1-19-11;SAN JOSE;PEREZ ZELEDON;119;PARAMO;SANTO TOMAS DE PARAMO DE PEREZ ZELEDON, SAN JOSE;CAAR;Rural;;D;55;0;0;0;0;0;0;0;;2018-12-19;55;104.5;192.5;365.75;0-99;0-99
1277;Región Brunca;2894;01930-2014;1-19-4;SAN JOSE;PEREZ ZELEDON;119;RIVAS;PALMITAL DE RIVAS DE PEREZ ZELEDON, SAN JOSE;CAAR;Rural;;D;40;0;0;0;0;0;0;0;;2018-12-19;40;76;140;266;0-99;0-99
1277;Región Brunca;2895;01933-2014;1-19-10;SAN JOSE;PEREZ ZELEDON;119;RIO NUEVO;CALIFORNIA DE RIO NUEVO DE PARAMO DE PEREZ ZELEDON, SAN JOSE;CAAR;Rural;;D;158;0;0;0;0;0;0;0;;2018-12-19;158;300.2;553;1050.7;100-299;100-400
1277;Región Brunca;2896;02412-2014;1-19-1;SAN JOSE;PEREZ ZELEDON;119;SAN ISIDRO DE EL GENERAL;MIRAVALLES DE SAN ISIDRO DE EL GENERAL, PEREZ ZELEDON S JOSE;ASADA;Rural;3-002-198503;B;0;531;0;67;0;0;0;1;8;2018-12-19;599;1138.1;2096.5;3983.35;300-799;401-799
1277;Región Brunca;2897;02413-2014;1-19-1;SAN JOSE;PEREZ ZELEDON;119;SAN ISIDRO DE EL GENERAL;PACUARITO DE SAN ISIDRO DEL GENERAL DE PEREZ ZELEDON, SAN J ;ASADA;Rural;3-002-608280;C;0;86;0;4;0;0;0;0;2;2018-12-19;90;171;315;598.5;0-99;0-99
1277;Región Brunca;2898;02415-2014;1-19-1;SAN JOSE;PEREZ ZELEDON;119;SAN ISIDRO DE EL GENERAL;EL ROBLE DE SAN ISIDRO DE EL GENERAL DE PEREZ ZELEDON, SAN J;ASADA;Rural;3-002-660023;C;0;80;0;0;0;0;0;0;;2018-12-19;80;152;280;532;0-99;0-99
1277;Región Brunca;2899;02436-2014;1-19-4;SAN JOSE;PEREZ ZELEDON;119;RIVAS;CANAAN DE RIVAS DE PEREZ ZELEDON, SAN JOSE;ASADA;Rural;3-002-554958;D;0;53;0;2;0;0;0;0;;2018-12-19;55;104.5;192.5;365.75;0-99;0-99
1277;Región Brunca;2900;02457-2014;1-19-6;SAN JOSE;PEREZ ZELEDON;119;PLATANARES;AGUAS BUENAS PLATANARES DE PEREZ ZELEDON, SAN JOSE;ASADA;Rural;3-002-326051;C;0;52;0;0;0;0;0;0;;2018-12-19;52;98.8;182;345.8;0-99;0-99
1277;Región Brunca;2901;02460-2014;1-19-6;SAN JOSE;PEREZ ZELEDON;119;PLATANARES;ORATORIO Y CONCEPCION DE PLATANARES DE PEREZ ZELEDON, SAN JO;ASADA;Rural;3-002-260205;A;1;694;0;0;0;0;0;0;2;2021-05-26;695;1320.5;2432.5;4621.75;300-799;401-799
1277;Región Brunca;2902;02465-2014;1-19-7;SAN JOSE;PEREZ ZELEDON;119;PEJIBAYE;LAS MESAS DE PEJIBAYE DE PEREZ ZELEDON, SAN JOSE;ASADA;Rural;3-002-212133;C;0;440;0;0;0;0;0;0;;2018-12-19;440;836;1540;2926;300-799;401-799
1277;Región Brunca;2903;02467-2014;1-19-7;SAN JOSE;PEREZ ZELEDON;119;PEJIBAYE;SAN ANTONIO DE MOLLEJONES DE PEJIBAYE, PEREZ ZELEDON;ASADA;Rural;3-002-203373;C;0;2271;0;69;0;0;0;0;25;2018-12-19;2340;4446;8190;15561;800 a más;800 a más
1277;Región Brunca;2904;02484-2014;1-19-9;SAN JOSE;PEREZ ZELEDON;119;BARU;SAN SALVADOR DE BARU DE PEREZ ZELEDON, SAN JOSE;ASADA;Rural;3-002-573392;D;0;147;0;0;0;0;0;0;;2018-12-19;147;279.3;514.5;977.55;100-299;100-400
1277;Región Brunca;2905;04122-2014;1-19-4;SAN JOSE;PEREZ ZELEDON;119;RIVAS;TIRRA DE RIVAS DE PEREZ ZELEDON, SAN JOSE;ASADA;Rural;3-002-203774;C;83;0;0;0;0;0;0;0;;2018-12-19;83;157.7;290.5;551.95;0-99;0-99
1277;Región Brunca;2918;04369-2014;1-19-1;SAN JOSE;PEREZ ZELEDON;119;SAN ISIDRO DE EL GENERAL;SAN RAFAEL NORTE (LA S) DE SAN ISIDRO DE EL GENERAL, PEREZ Z;ASADA;Rural;3-002-203765;A;0;573;0;26;0;0;0;0;3;2018-12-19;599;1138.1;2096.5;3983.35;300-799;401-799
1277;Región Brunca;2919;04372-2014;1-19-11;SAN JOSE;PEREZ ZELEDON;119;PARAMO;HORTENCIA DE PARAMO DE PEREZ ZELEDON, SAN JOSE;ASADA;Rural;3002378181;D;20;0;0;0;0;0;0;0;;2018-12-19;20;38;70;133;0-99;0-99
1277;Región Brunca;2921;04392-2014;1-19-11;SAN JOSE;PEREZ ZELEDON;119;PARAMO;STA EDUVIGES CALLE VIRGEN PARAMO DE PEREZ ZELEDON, SAN JOSE ;CAAR;Rural;;D;24;0;0;0;0;0;0;0;;2018-12-19;24;45.6;84;159.6;0-99;0-99
1277;Región Brunca;2930;04499-2014;1-19-1;SAN JOSE;PEREZ ZELEDON;119;SAN ISIDRO DE EL GENERAL;LA BONITA DE RIVAS DE SAN ISIDRO DE EL GENERAL DE PEREZ ZELE;ASADA;Rural;3-002-440704;C;0;570;0;6;0;0;0;0;2;2018-12-19;576;1094.4;2016;3830.4;300-799;401-799
1277;Región Brunca;2931;04500-2014;1-19-1;SAN JOSE;PEREZ ZELEDON;119;SAN ISIDRO DE EL GENERAL;MONTE DE LA CRUZ (ASENTAMIENTO IDA ) DE SAN ISIDRO DE EL GEN;ASADA;Rural;3-002-437716;D;30;0;0;0;0;0;0;0;;2018-12-19;30;57;105;199.5;0-99;0-99
1277;Región Brunca;2932;04502-2014;1-19-1;SAN JOSE;PEREZ ZELEDON;119;SAN ISIDRO DE EL GENERAL;SAN LORENZO DE PACUARITO DE SAN ISIDRO DE EL GENERAL DE P.Z.;CAAR;Rural;;D;30;0;0;0;0;0;0;0;;2018-12-19;30;57;105;199.5;0-99;0-99
1277;Región Brunca;2933;04503-2014;1-19-1;SAN JOSE;PEREZ ZELEDON;119;SAN ISIDRO DE EL GENERAL;SAN LUIS MORETE DE SAN ISIDRO DE EL GENERAL DE PEREZ ZELEDON;ASADA;Rural;3-002-422120;D;0;30;0;0;0;0;0;0;;2018-12-19;30;57;105;199.5;0-99;0-99
1277;Región Brunca;2934;04504-2014;1-19-5;SAN JOSE;PEREZ ZELEDON;119;SAN PEDRO;SAN PEDRO DE PEREZ ZELEDON, SAN JOSE;ASADA;Rural;3-002-224956;A;1;2189;0;0;0;0;0;0;13;2021-04-21;2190;4161;7665;14563.5;800 a más;800 a más
1277;Región Brunca;2935;04505-2014;1-19-2;SAN JOSE;PEREZ ZELEDON;119;EL GENERAL;SANTA ELENA Y QUIZARRA DEL GENERAL DE PEREZ ZELEDON, SAN JOS;ASADA;Rural;3-002-217936;B;0;497;0;10;0;0;0;0;2;2018-12-19;507;963.3;1774.5;3371.55;300-799;401-799
1277;Región Brunca;2936;04506-2014;1-19-10;SAN JOSE;PEREZ ZELEDON;119;RIO NUEVO;SAVEGRE DE RIO NUEVO DE PEREZ ZELEDON, SAN JOSE;CAAR;Rural;;D;0;0;0;0;0;0;0;0;;2018-12-19;0;0;0;0;0-99;0-99
1277;Región Brunca;2937;04513-2014;1-19-11;SAN JOSE;PEREZ ZELEDON;119;PARAMO;SAN RAMON SUR DE PARAMO Y PEDREGOSITO DE PEREZ ZELEDON, SAN ;ASADA;Rural;3-002-236822;A;0;543;0;0;0;0;0;0;4;2019-06-28;543;1031.7;1900.5;3610.95;300-799;401-799
1277;Región Brunca;2939;04561-2014;1-19-9;SAN JOSE;PEREZ ZELEDON;119;BARU;CHONTALES DE BARU DE PEREZ ZELEDON, SAN JOSE;ASADA;Rural;3-002-557498;D;0;10;0;0;0;0;0;0;1;2018-12-19;10;19;35;66.5;0-99;0-99
1277;Región Brunca;2945;04625-2014;1-19-9;SAN JOSE;PEREZ ZELEDON;119;BARU;EL ALTO DE SAN JUAN DE SAN ISIDRO DE EL GENERAL DE PEREZ ZEL;ASADA;Rural;3-002-451920;D;0;0;0;0;0;0;0;0;;2018-12-19;0;0;0;0;0-99;0-99
1277;Región Brunca;2947;04637-2014;1-19-1;SAN JOSE;PEREZ ZELEDON;119;SAN ISIDRO DE EL GENERAL;CALLE MORA ABAJO DE SAN ISIDRO DE EL GENERAL DE PEREZ ZELEDO;ASADA;Rural;3-002-571374;D;0;67;0;0;0;0;0;0;;2018-12-19;67;127.3;234.5;445.55;0-99;0-99
1277;Región Brunca;2951;04695-2014;1-19-3;SAN JOSE;PEREZ ZELEDON;119;DANIEL FLORES;PACUAR ABAJO DE DANIEL FLORES DE PEREZ ZELEDON, SAN JOSE;CAAR;Rural;;D;20;0;0;0;0;0;0;0;;2018-12-19;20;38;70;133;0-99;0-99
1277;Región Brunca;2955;04735-2014;1-19-9;SAN JOSE;PEREZ ZELEDON;119;BARU;BARU DE PEREZ ZELEDON, SAN JOSE;CAAR;Costera;;D;50;0;0;0;0;0;0;0;;2018-12-19;50;95;175;332.5;0-99;0-99
1277;Región Brunca;2956;04739-2014;1-19-1;SAN JOSE;PEREZ ZELEDON;119;SAN ISIDRO DE EL GENERAL;TOLEDO DE SAN ISIDRO DE EL GENERAL DE PEREZ ZELEDON, SAN JOS;ASADA;Rural;3-002-606406;B;0;30;0;0;0;0;0;0;;2018-12-19;30;57;105;199.5;0-99;0-99
1277;Región Brunca;2957;04741-2014;1-19-4;SAN JOSE;PEREZ ZELEDON;119;RIVAS;CHIMIROL DE RIVAS DE PEREZ ZELEDON, SAN JOSE;ASADA;Rural;3-002-203945;A;0;220;0;8;0;0;0;0;3;2018-12-19;228;433.2;798;1516.2;100-299;100-400
1277;Región Brunca;2958;04742-2014;1-19-4;SAN JOSE;PEREZ ZELEDON;119;RIVAS;HERRADURA DE RIVAS DE PEREZ ZELEDON, SAN JOSE;CAAR;Rural;3-002-087257;D;74;0;0;0;0;0;0;0;;2018-12-19;74;140.6;259;492.1;0-99;0-99
1277;Región Brunca;2959;04743-2014;1-19-11;SAN JOSE;PEREZ ZELEDON;119;PARAMO;LOS ÁNGELES DE PÁRAMO DE PEREZ ZELEDON, SAN JOSE;ASADA;Rural;3-002-300809;C;0;49;0;0;0;0;1;0;2;2018-12-19;50;95;175;332.5;0-99;0-99
1277;Región Brunca;2960;04744-2014;1-19-4;SAN JOSE;PEREZ ZELEDON;119;RIVAS;SAN JUAN NORTE DE RIVAS DE PEREZ ZELEDON, SAN JOSE;CAAR;Rural;;D;25;0;0;0;0;0;0;0;;2018-12-19;25;47.5;87.5;166.25;0-99;0-99
1277;Región Brunca;3028;04510-2014;1-19-4;SAN JOSE;PEREZ ZELEDON;119;RIVAS;PIEDRA ALTA DE RIVAS DE PEREZ ZELEDON, SAN JOSE;ASADA;Rural;3002312913;D;;;;;;;;;;;;;;;800 a más;800 a más
1277;Región Brunca;4236;05070-2018;1-19-1;SAN JOSE;PEREZ ZELEDON;119;SAN ISIDRO DE EL GENERAL;COMITÉ DE ACUEDUCTO DE ALTO DE OJO DE AGUA DE PEREZ ZELEDON;CAAR;Rural;;D;0;48;0;0;0;0;0;0;;2018-12-19;48;91.2;168;319.2;0-99;0-99
1277;Región Brunca;4258;05123-2018;1-19-10;SAN JOSE;PEREZ ZELEDON;119;RIO NUEVO;COMITÉ SANTA MARTA DE RIO NUEVO;CAAR;Rural;;D;18;0;0;0;0;0;0;0;;2018-12-13;18;34.2;63;119.7;0-99;0-99
30;Región Metropolitana;1630;01182-2014;2-8-1;ALAJUELA;POAS;208;SAN PEDRO;CALLE SAN JOSE DE SAN PEDRO DE POAS ALAJUELA;ASADA;Rural;3-002-239225;C;0;420;0;7;0;0;0;0;4;2018-12-19;427;811.3;1494.5;2839.55;300-799;401-799
30;Región Metropolitana;1631;01183-2014;2-8-3;ALAJUELA;POAS;208;SAN RAFAEL;CALLE EL SITIO DE SAN PEDRO DE POAS, ALAJUELA;ASADA;Rural;3-002-213685;C;0;159;0;8;0;0;0;0;4;2018-12-19;167;317.3;584.5;1110.55;100-299;100-400
30;Región Metropolitana;1632;01184-2014;2-8-3;ALAJUELA;POAS;208;SAN RAFAEL;CALLE LILES DE SAN JUAN DE POAS, ALAJUELA;ASADA;Rural;3-002-217399;C;0;192;0;0;0;0;0;0;2;2018-12-19;192;364.8;672;1276.8;100-299;100-400
30;Región Metropolitana;1633;01186-2014;2-8-2;ALAJUELA;POAS;208;SAN JUAN;SAN JUAN NORTE DE POAS, ALAJUELA;ASADA;Rural;3-002-224751;C;0;378;0;13;0;0;0;0;4;2018-12-19;391;742.9;1368.5;2600.15;300-799;100-400
30;Región Metropolitana;1634;01188-2014;2-8-3;ALAJUELA;POAS;208;SAN RAFAEL;SANTA ROSA DE SAN RAFAEL DE POAS, ALAJUELA;ASADA;Rural;3-002-235169;C;0;364;0;0;0;12;0;0;3;2018-12-19;376;714.4;1316;2500.4;300-799;100-400
30;Región Metropolitana;1635;01190-2014;2-8-4;ALAJUELA;POAS;208;CARRILLOS;CARRILLOS ALTOS DE POAS, ALAJUELA;ASADA;Rural;3-002-232827;C;0;815;0;0;0;0;0;0;20;2018-12-19;815;1548.5;2852.5;5419.75;800 a más;800 a más
30;Región Metropolitana;1852;04677-2014;2-8-4;ALAJUELA;POAS;208;CARRILLOS;CARRILLOS BAJOS DE POAS, ALAJUELA;ASADA;Rural;3-002-214108;C;0;1265;0;0;0;0;0;0;8;2018-12-19;1265;2403.5;4427.5;8412.25;800 a más;800 a más
30;Región Metropolitana;1869;04723-2014;2-8-5;ALAJUELA;POAS;208;SABANA REDONDA;EL MASTATE DE SAN JUAN DE POAS, ALAJUELA;ASADA;Rural;3-002-660245;C;0;24;0;13;0;0;0;0;;2018-12-19;37;70.3;129.5;246.05;0-99;0-99
37;Región Huetar Caribe;2368;01232-2014;7-2-1;LIMON;POCOCI;702;GUAPILES;BARRIO LOS SAUCES DE GUAPILAES DE POCOCI, LIMON;CAAR;Rural;3-002-374271;C;187;0;0;0;0;0;1;0;2;2018-12-19;188;357.2;658;1250.2;100-299;100-400
37;Región Huetar Caribe;2370;01237-2014;7-2-1;LIMON;POCOCI;702;GUAPILES;LA UNION DE GUAPILES POCOCI, LIMON ;ASADA;Rural;3-002-202268;A;99;620;5;35;0;0;0;0;9;2018-12-19;759;1442.1;2656.5;5047.35;300-799;401-799
37;Región Huetar Caribe;2371;01240-2014;7-2-2;LIMON;POCOCI;702;JIMENEZ;SUERRE DE JIMENEZ DE POCOCI, LIMON;ASADA;Rural;3-002-189448;A;1;1845;0;0;0;0;0;0;14;2021-04-22;1846;3507.4;6461;12275.9;800 a más;800 a más
37;Región Huetar Caribe;2372;01243-2014;7-2-3;LIMON;POCOCI;702;RITA;SANTA ROSA DE LA  RITA DE POCOCI, LIMON;ASADA;Rural;3-002-340150;C;0;153;0;0;0;0;0;0;;2018-12-19;153;290.7;535.5;1017.45;100-299;100-400
37;Región Huetar Caribe;2373;01244-2014;7-2-3;LIMON;POCOCI;702;RITA;TICABAN DE LA RITA DE POCOCI, LIMON;ASADA;Rural;3-002-306074;B;0;1673;0;0;0;0;0;0;3;2020-11-10;1673;3178.7;5855.5;11125.45;800 a más;800 a más
37;Región Huetar Caribe;2374;01245-2014;7-2-3;LIMON;POCOCI;702;RITA;PALMITAS Y EL TRIANGULO DE LA RITA DE POCOCI, LIMON;ASADA;Rural;3-002-376717;B;0;363;0;23;0;0;0;0;1;2018-12-19;386;733.4;1351;2566.9;300-799;100-400
37;Región Huetar Caribe;2375;01247-2014;7-2-3;LIMON;POCOCI;702;RITA;PORVENIR DE LA RITA DE POCOCI, LIMON;ASADA;Rural;3-002-644457;C;0;227;0;3;0;0;0;0;1;2018-12-19;230;437;805;1529.5;100-299;100-400
37;Región Huetar Caribe;2376;01248-2014;7-2-3;LIMON;POCOCI;702;RITA;LA SUERTE DE LA RITA DE POCOCI, LIMON;ASADA;Rural;3-002-199148;A;0;192;0;0;0;13;0;0;2;2018-12-19;205;389.5;717.5;1363.25;100-299;100-400
37;Región Huetar Caribe;2377;01252-2014;7-2-3;LIMON;POCOCI;702;RITA;EL PATIO SAN CRISTOBAL DE LA RITA DE POCOCI, LIMON;ASADA;Rural;3-002-209172;B;0;388;0;2;0;0;0;0;6;2018-12-19;390;741;1365;2593.5;300-799;100-400
37;Región Huetar Caribe;2378;01254-2014;7-2-3;LIMON;POCOCI;702;RITA;TERESA TARIRE, SAN BOSCO Y BALASTRE DE LA RITA DE POCOCI, LI;ASADA;Rural;3-002-302290;A;0;1542;0;0;0;0;0;0;10;2019-10-29;1542;2929.8;5397;10254.3;800 a más;800 a más
37;Región Huetar Caribe;2379;01258-2014;7-2-4;LIMON;POCOCI;702;ROXANA;LA MARAVILLA DE ROXANA, POCOCI LIMON;ASADA;Rural;3-002-270923;C;0;146;0;0;0;0;0;0;;2018-12-19;146;277.4;511;970.9;100-299;100-400
37;Región Huetar Caribe;2380;01259-2014;7-2-2;LIMON;POCOCI;702;JIMENEZ;BUENOS AIRES SUR DE JIMENEZ DE POCOCI, LIMON;ASADA;Rural;3-002-537213;A;9;408;0;3;0;0;0;0;;2018-12-19;420;798;1470;2793;300-799;401-799
37;Región Huetar Caribe;2381;01260-2014;7-2-4;LIMON;POCOCI;702;ROXANA;LLANO BONITO DE LA ROXANA DE POCOCI, LIMON;ASADA;Rural;3-002-385600;B;25;150;0;0;0;0;0;0;;2018-12-19;175;332.5;612.5;1163.75;100-299;100-400
37;Región Huetar Caribe;2382;01263-2014;7-2-4;LIMON;POCOCI;702;ROXANA;EL CRUCE DE ANABAN DE ROXANA, POCOCÍ;ASADA;Rural;3-002-616065;B;0;135;0;0;0;0;0;0;;2018-12-19;135;256.5;472.5;897.75;100-299;100-400
37;Región Huetar Caribe;2383;01265-2014;7-2-5;LIMON;POCOCI;702;CARIARI;EL CEIBO DE CARIARI DE POCOCI, LIMON;ASADA;Rural;3-002-608593;B;1;225;0;0;0;0;0;0;;2021-05-06;226;429.4;791;1502.9;100-299;100-400
37;Región Huetar Caribe;2384;01266-2014;7-2-5;LIMON;POCOCI;702;CARIARI;LAS VEGAS DE TORTUGUERO - ROXANA;CAAR;Rural;3-002-214031;D;0;100;0;0;0;0;0;0;;2018-12-19;100;190;350;665;100-299;100-400
37;Región Huetar Caribe;2385;01267-2014;7-2-5;LIMON;POCOCI;702;CARIARI;CIUDADELA EL PROGRESO DE CARIARI, POCOCI LIMON;ASADA;Rural;3-002-209533;B;0;793;0;2;0;0;0;0;2;2018-12-19;795;1510.5;2782.5;5286.75;300-799;401-799
37;Región Huetar Caribe;2387;01269-2014;7-2-5;LIMON;POCOCI;702;CARIARI;CAMPO 4 DE CARIARI DE POCOCI, LIMON;ASADA;Rural;3-002-731226;B;0;124;0;0;0;0;0;0;;2018-12-19;124;235.6;434;824.6;100-299;100-400
37;Región Huetar Caribe;2388;01271-2014;7-2-5;LIMON;POCOCI;702;CARIARI;CAMPO DOS DE CARIARI DE POCOCI, LIMON;ASADA;Rural;3-002-311257;C;0;380;0;0;0;0;0;0;2;2018-12-19;380;722;1330;2527;300-799;100-400
37;Región Huetar Caribe;2389;01272-2014;7-2-5;LIMON;POCOCI;702;CARIARI;LA ESPERANZA DE CARIARI DE POCOCI, LIMON;ASADA;Rural;3-002-745676;B;0;200;0;0;0;0;0;0;;2018-12-19;200;380;700;1330;100-299;100-400
37;Región Huetar Caribe;2390;01275-2014;7-2-6;LIMON;POCOCI;702;COLORADO;BARRA DEL TORTUGUERO DE COLORADO DE POCOCI, LIMON;ASADA;Costera;3-002-239007;C;0;295;0;147;0;0;0;0;;2018-12-19;442;839.8;1547;2939.3;300-799;401-799
37;Región Huetar Caribe;2449;04335-2014;7-2-6;LIMON;POCOCI;702;COLORADO;BARRA COLORADO NORTE DE COLORADO DE POCOCI, LIMON;ASADA;Costera;3-002-690055;D;109;0;0;0;2;0;18;0;;2018-12-19;129;245.1;451.5;857.85;100-299;100-400
37;Región Huetar Caribe;2457;04380-2014;7-2-1;LIMON;POCOCI;702;GUAPILES;BELLA VISTA DE GUAPILES DE POCOCI, LIMON;ASADA;Rural;3-002-295275;A;0;700;0;0;0;0;0;0;11;2018-12-19;700;1330;2450;4655;300-799;401-799
37;Región Huetar Caribe;2460;04408-2014;7-2-5;LIMON;POCOCI;702;CARIARI;SAGRADA FAMILIA DE CARIARI DE POCOCI, LIMON;ASADA;Rural;3-002-575816;D;0;310;0;0;0;0;0;0;;2018-12-19;310;589;1085;2061.5;300-799;100-400
37;Región Huetar Caribe;2468;04570-2014;7-2-3;LIMON;POCOCI;702;RITA;EL ROTULO DE LA RITA DE POCOCI, LIMON;ASADA;Rural;3-002-373861;A;0;283;0;7;0;0;0;0;8;2018-12-19;290;551;1015;1928.5;100-299;100-400
37;Región Huetar Caribe;2469;04571-2014;7-2-4;LIMON;POCOCI;702;ROXANA;LA FORTUNA DE ROXANA DE POCOCI, LIMON;ASADA;Rural;3-002-327076;C;0;231;0;0;0;0;0;0;;2018-12-19;231;438.9;808.5;1536.15;100-299;100-400
37;Región Huetar Caribe;2470;04572-2014;7-2-3;LIMON;POCOCI;702;RITA;EL JARDIN DE LA RITA DE POCOCI, LIMON;ASADA;Rural;3-002-343718;C;0;184;0;9;0;0;0;0;;2018-12-19;193;366.7;675.5;1283.45;100-299;100-400
37;Región Huetar Caribe;2487;04664-2014;7-2-4;LIMON;POCOCI;702;ROXANA;AGUAS FRIAS DE CARIARI DE POCOCI, LIMON;ASADA;Rural;3-002-687203;B;0;265;0;0;0;0;0;0;1;2018-12-19;265;503.5;927.5;1762.25;100-299;100-400
37;Región Huetar Caribe;2488;04665-2014;7-2-5;LIMON;POCOCI;702;CARIARI;LOS ANGELES DE CARIARI DE POCOCI, LIMON;ASADA;Rural;3-002-355294;A;0;305;0;0;0;0;0;0;1;2018-12-19;305;579.5;1067.5;2028.25;300-799;100-400
33;Región Pacífico Central;2499;00085-2014;6-1-9;PUNTARENAS;PUNTARENAS;601;MONTE VERDE;SANTA ELENA DE MONTEVERDE DE PUNTARENAS;ASADA;Periurbana;3-002-246479;A;0;1241;0;293;0;27;0;21;26;2018-12-19;1582;3005.8;5537;10520.3;800 a más;800 a más
33;Región Pacífico Central;2500;00092-2014;6-1-3;PUNTARENAS;PUNTARENAS;601;CHOMES;PUNTA MORALES Y COCOROCAS DE CHOMES, PUNTARENAS;ASADA;Costera;3-002-218549;C;0;489;0;20;0;0;0;0;4;2018-12-19;509;967.1;1781.5;3384.85;300-799;401-799
33;Región Pacífico Central;2501;00133-2014;6-1-7;PUNTARENAS;PUNTARENAS;601;GUACIMAL;SANTA ROSA DE GUACIMAL, PUNTARENAS;ASADA;Rural;3-002-569441;C;0;27;0;2;0;0;0;0;;2018-12-19;29;55.1;101.5;192.85;0-99;0-99
33;Región Pacífico Central;2502;00189-2014;6-1-7;PUNTARENAS;PUNTARENAS;601;GUACIMAL;LA GUARIA DE GUACIMAL DE PUNTARENAS;ASADA;Rural;3-002-550841;D;0;43;0;0;0;0;0;0;;2018-12-19;43;81.7;150.5;285.95;0-99;0-99
33;Región Pacífico Central;2503;00314-2014;6-1-6;PUNTARENAS;PUNTARENAS;601;MANZANILLO;ABANGARITOS DE MANZANILLO DE PUNTARENAS;ASADA;Costera;3-002-568311;D;0;126;0;6;0;0;0;0;;2018-12-19;132;250.8;462;877.8;100-299;100-400
33;Región Pacífico Central;2504;00333-2014;6-1-8;PUNTARENAS;PUNTARENAS;601;BARRANCA;SAN MIGUEL DE BARRANCA, PUNTARENAS;ASADA;Rural;3-002-404376;C;0;150;0;0;0;0;0;0;;2018-12-19;150;285;525;997.5;100-299;100-400
33;Región Pacífico Central;2505;00335-2014;6-1-9;PUNTARENAS;PUNTARENAS;601;MONTE VERDE;SAN LUIS DE MONTEVERDE, PUNTARENAS;ASADA;Rural;3-002-358317;C;0;125;0;0;0;0;0;0;;2020-07-09;125;237.5;437.5;831.25;100-299;100-400
33;Región Pacífico Central;2506;00336-2014;6-1-3;PUNTARENAS;PUNTARENAS;601;CHOMES;MALINCHE DE CHOMES, PUNTARENAS ;ASADA;Rural;3-002-217853;C;0;90;0;0;0;0;0;0;;2018-12-19;90;171;315;598.5;0-99;0-99
33;Región Pacífico Central;2507;00338-2014;6-1-3;PUNTARENAS;PUNTARENAS;601;CHOMES;OROCU DE CHOMES, PUNTARENAS;ASADA;Costera;3-002-274198;D;0;96;0;2;0;0;0;0;1;2018-12-19;98;186.2;343;651.7;0-99;0-99
33;Región Pacífico Central;2508;00340-2014;6-1-4;PUNTARENAS;PUNTARENAS;601;LEPANTO;SAN PEDRO DE LEPANTO, PUNTARENAS;ASADA;Rural;3-002-574742;B;0;226;0;0;0;0;0;0;1;2019-11-27;226;429.4;791;1502.9;100-299;100-400
33;Región Pacífico Central;2509;00342-2014;6-1-3;PUNTARENAS;PUNTARENAS;601;CHOMES;COYOLITO Y JARQUIN DE CHOMES, PUNTARENAS;ASADA;Rural;3-002-211672;C;0;312;0;0;0;0;0;0;4;2018-12-19;312;592.8;1092;2074.8;300-799;100-400
33;Región Pacífico Central;2510;00344-2014;6-1-5;PUNTARENAS;PUNTARENAS;601;PAQUERA;VALLE AZUL DE PAQUERA, PUNTARENAS;ASADA;Costera;3-002-684144;B;0;118;0;0;0;0;0;0;;2018-12-19;118;224.2;413;784.7;100-299;100-400
33;Región Pacífico Central;2511;00349-2014;6-1-4;PUNTARENAS;PUNTARENAS;601;LEPANTO;SAN BLAS DE LEPANTO, PUNTARENAS;ASADA;Rural;3-002-683111;C;0;170;0;0;0;0;0;0;;2019-12-03;170;323;595;1130.5;100-299;100-400
33;Región Pacífico Central;2512;00351-2014;6-1-4;PUNTARENAS;PUNTARENAS;601;LEPANTO;RÍO BLANCO DE JICARAL;ASADA;Rural;3-002-695017;B;0;124;0;0;0;0;0;0;;2019-12-02;124;235.6;434;824.6;100-299;100-400
33;Región Pacífico Central;2514;00353-2014;6-1-5;PUNTARENAS;PUNTARENAS;601;PAQUERA;SANTA CECILIA Y SAN RAFAEL DE PAQUERA, PUNTARENAS;ASADA;Rural;3-002-228643;A;0;290;0;28;0;0;0;0;3;2021-03-16;318;604.2;1113;2114.7;300-799;100-400
33;Región Pacífico Central;2516;00356-2014;6-1-11;PUNTARENAS;PUNTARENAS;601;COBANO;CABUYA DE COBANO, PUNTARENAS;ASADA;Costera;3002275289;C;0;320;0;0;0;10;0;0;;2018-12-19;330;627;1155;2194.5;300-799;100-400
33;Región Pacífico Central;2517;00358-2014;6-1-11;PUNTARENAS;PUNTARENAS;601;COBANO;EL MOLINO DE COBANO;ASADA;Costera;3-002-669345;B;0;246;0;68;0;3;0;0;1;2021-03-02;317;602.3;1109.5;2108.05;300-799;100-400
33;Región Pacífico Central;2518;00359-2014;6-1-4;PUNTARENAS;PUNTARENAS;601;LEPANTO;DOMINICAS DE JICARAL DE LEPANTO, PUNTARENAS;ASADA;Rural;3-002-268434;B;0;164;0;12;0;0;0;0;1;2021-03-17;176;334.4;616;1170.4;100-299;100-400
33;Región Pacífico Central;2519;00360-2014;6-1-4;PUNTARENAS;PUNTARENAS;601;LEPANTO;EL COTO DE LEPANTO, PUNTARENAS;ASADA;Rural;3-002-680180;C;0;34;0;0;0;0;0;0;;2018-12-19;34;64.6;119;226.1;0-99;0-99
33;Región Pacífico Central;2520;00361-2014;6-1-5;PUNTARENAS;PUNTARENAS;601;PAQUERA;GUARIAL DE PAQUERA, PUNTARENAS;ASADA;Costera;3-002-513029;B;0;200;0;0;0;0;0;0;;2021-04-16;200;380;700;1330;100-299;100-400
33;Región Pacífico Central;2521;00362-2014;6-1-13;PUNTARENAS;PUNTARENAS;601;CHIRA;ISLA CHIRA DE PUNTARENAS;ASADA;Costera;3-002-264445;C;0;477;0;0;0;0;0;0;;2018-12-19;477;906.3;1669.5;3172.05;300-799;401-799
33;Región Pacífico Central;2522;00366-2014;6-1-4;PUNTARENAS;PUNTARENAS;601;LEPANTO;LA FRESCA DE LEPANTO, PUNTARENAS;ASADA;Rural;3-002-228700;C;0;68;0;0;0;0;0;0;;2018-12-19;68;129.2;238;452.2;0-99;0-99
33;Región Pacífico Central;2523;00369-2014;6-1-4;PUNTARENAS;PUNTARENAS;601;LEPANTO;LA TIGRA DE LEPANTO, PUNTARENAS;ASADA;Rural;3-002-418218;C;33;0;0;0;0;0;0;0;;2018-12-19;33;62.7;115.5;219.45;0-99;0-99
33;Región Pacífico Central;2524;00370-2014;6-1-4;PUNTARENAS;PUNTARENAS;601;LEPANTO;MONTAÑA GRANDE E ISLA VENADO DE LEPANTO PUNTARENAS;ASADA;Costera;3-002-242457;B;0;487;0;45;0;0;0;0;4;2019-12-02;532;1010.8;1862;3537.8;300-799;401-799
33;Región Pacífico Central;2525;00372-2014;6-1-5;PUNTARENAS;PUNTARENAS;601;PAQUERA;PAQUERA DE PUNTARENAS;ASADA;Costera;3-002-202763;A;0;996;0;104;0;13;0;18;;2021-02-22;1131;2148.9;3958.5;7521.15;800 a más;800 a más
33;Región Pacífico Central;2526;00377-2014;6-1-5;PUNTARENAS;PUNTARENAS;601;PAQUERA;BAJO NEGROS DE PAQUERA, PUNTARENAS;ASADA;Costera;3-002-261990;B;0;199;0;0;0;0;0;0;;2019-12-02;199;378.1;696.5;1323.35;100-299;100-400
33;Región Pacífico Central;2527;00380-2014;6-1-5;PUNTARENAS;PUNTARENAS;601;PAQUERA;PANICA DE PAQUERA, PUNTARENAS;ASADA;Costera;3-002-383932;B;0;116;0;0;0;0;0;0;2;2018-12-19;116;220.4;406;771.4;100-299;100-400
33;Región Pacífico Central;2528;00382-2014;6-1-11;PUNTARENAS;PUNTARENAS;601;COBANO;RIO FRIO DE COBANO, PUNTARENAS ;ASADA;Rural;3-002-699011;C;0;17;0;0;0;0;0;0;;2018-12-19;17;32.3;59.5;113.05;0-99;0-99
33;Región Pacífico Central;2529;00387-2014;6-1-4;PUNTARENAS;PUNTARENAS;601;LEPANTO;COROZAL DE LEPANTO, PUNTARENAS;ASADA;Costera;3-002-309051;C;0;175;0;0;0;0;0;0;1;2018-12-19;175;332.5;612.5;1163.75;100-299;100-400
33;Región Pacífico Central;2530;00389-2014;6-1-4;PUNTARENAS;PUNTARENAS;601;LEPANTO;EL GOLFO DE LEPANTO, PUNTARENAS;ASADA;Costera;3-002-554689;A;0;191;0;15;0;0;0;0;1;2018-12-19;206;391.4;721;1369.9;100-299;100-400
33;Región Pacífico Central;2531;00392-2014;6-1-5;PUNTARENAS;PUNTARENAS;601;PAQUERA;CONCEPCION DE VAINILLA;ASADA;Costera;3-002-542946;A;0;84;0;0;0;0;0;0;;2018-12-19;84;159.6;294;558.6;0-99;0-99
33;Región Pacífico Central;2532;00398-2014;6-1-4;PUNTARENAS;PUNTARENAS;601;LEPANTO;CAMARONAL DE LEPANTO, PUNTARENAS;ASADA;Rural;3-002-268666;C;0;135;0;0;0;0;0;0;1;2019-11-27;135;256.5;472.5;897.75;100-299;100-400
33;Región Pacífico Central;2533;00399-2014;6-1-4;PUNTARENAS;PUNTARENAS;601;LEPANTO;LEPANTO DE PUNTARENAS;ASADA;Costera;3-002-304333;B;0;322;0;8;0;4;0;0;3;2021-03-17;334;634.6;1169;2221.1;300-799;100-400
33;Región Pacífico Central;2534;00401-2014;6-1-5;PUNTARENAS;PUNTARENAS;601;PAQUERA;GIGANTE DE PAQUERA, PUNTARENAS;ASADA;Costera;3-002-238325;B;0;35;0;0;0;0;0;0;;2021-04-19;35;66.5;122.5;232.75;0-99;0-99
33;Región Pacífico Central;2535;00402-2014;6-1-4;PUNTARENAS;PUNTARENAS;601;LEPANTO;CABO BLANCO DEL GOLFO DE LEPANTO, PUNTARENAS;ASADA;Costera;3-002-549967;B;0;259;0;17;0;0;0;0;2;2020-04-06;276;524.4;966;1835.4;100-299;100-400
33;Región Pacífico Central;2536;00407-2014;6-1-5;PUNTARENAS;PUNTARENAS;601;PAQUERA;RIO GRANDE DE PAQUERA, PUNTARENAS;ASADA;Costera;3-002-212280;C;15;365;0;0;0;0;0;0;1;2018-12-19;380;722;1330;2527;300-799;100-400
33;Región Pacífico Central;2537;00409-2014;6-1-5;PUNTARENAS;PUNTARENAS;601;PAQUERA;PUEBLO NUEVO DE PAQUERA, PUNTARENAS;ASADA;Costera;3002458332;B;0;42;0;0;0;0;0;0;;2018-12-19;42;79.8;147;279.3;0-99;0-99
33;Región Pacífico Central;2571;00586-2014;6-1-11;PUNTARENAS;PUNTARENAS;601;COBANO;ZONA SUR PENINSULA DE NICOYA;ASADA;Costera;3-002-680783;A;0;310;0;0;0;0;0;0;1;2021-03-05;310;589;1085;2061.5;300-799;100-400
33;Región Pacífico Central;2576;00608-2014;6-1-6;PUNTARENAS;PUNTARENAS;601;MANZANILLO;COSTA DE PAJAROS DE MANZANILLO, PUNTARENAS;ASADA;Costera;3-002-212696;C;0;940;0;250;0;0;0;0;9;2018-12-19;1190;2261;4165;7913.5;800 a más;800 a más
33;Región Pacífico Central;2582;00621-2014;6-1-16;PUNTARENAS;PUNTARENAS;601;ARANCIBIA;BAJO CALIENTE DE ARANCIBIA;ASADA;Rural;3-002-360458;C;0;132;0;0;0;0;0;0;;2019-12-02;132;250.8;462;877.8;100-299;100-400
33;Región Pacífico Central;2585;00627-2014;6-1-16;PUNTARENAS;PUNTARENAS;601;ARANCIBIA;CORAZON DE JESUS DE ARANCIBIA, PUNTARENAS;ASADA;Rural;3-002-299560;C;75;0;0;0;0;0;0;0;;2018-12-19;75;142.5;262.5;498.75;0-99;0-99
33;Región Pacífico Central;2589;00639-2014;6-1-3;PUNTARENAS;PUNTARENAS;601;CHOMES;CHOMES DE PUNTARENAS;ASADA;Costera;3-002-547916;C;0;340;0;20;0;0;0;0;3;2018-12-19;360;684;1260;2394;300-799;100-400
33;Región Pacífico Central;2590;00640-2014;6-1-3;PUNTARENAS;PUNTARENAS;601;CHOMES;COLINA DE CHOMES, PUNTARENAS;ASADA;Rural;3-002-315836;D;0;82;0;3;0;0;0;0;1;2018-12-19;85;161.5;297.5;565.25;0-99;0-99
33;Región Pacífico Central;2591;00641-2014;6-1-14;PUNTARENAS;PUNTARENAS;601;ACAPULCO;COYOLAR DE ACAPULCO, PUNTARENAS;ASADA;Rural;3-002-366977;C;0;56;0;0;0;0;0;0;;2020-05-11;56;106.4;196;372.4;0-99;0-99
33;Región Pacífico Central;2592;00649-2014;6-1-3;PUNTARENAS;PUNTARENAS;601;CHOMES;JUDAS DE CHOMES, PUNTARENAS;ASADA;Rural;3-002-350546;C;0;378;0;24;0;0;0;0;2;2018-12-19;402;763.8;1407;2673.3;300-799;401-799
33;Región Pacífico Central;2595;00654-2014;6-1-9;PUNTARENAS;PUNTARENAS;601;MONTE VERDE;MONTEVERDE DE PUNTARENAS (ASADACRUMO);ASADA;Rural;3-002-396321;B;0;84;0;17;0;0;0;1;;2021-05-20;102;193.8;357;678.3;100-299;100-400
33;Región Pacífico Central;2597;00666-2014;6-1-14;PUNTARENAS;PUNTARENAS;601;ACAPULCO;SARDINAL DE ACAPULCO PUNTARENAS;ASADA;Rural;3-002-239333;C;0;385;0;0;0;0;0;0;2;2018-12-19;385;731.5;1347.5;2560.25;300-799;100-400
33;Región Pacífico Central;2664;04329-2014;6-1-16;PUNTARENAS;PUNTARENAS;601;ARANCIBIA;OJO DE AGUA DE ARANCIBIA, PUNTARENAS;ASADA;Rural;3-002-391853;C;0;57;0;0;0;0;0;0;1;2018-12-19;57;108.3;199.5;379.05;0-99;0-99
33;Región Pacífico Central;2665;04332-2014;6-1-6;PUNTARENAS;PUNTARENAS;601;MANZANILLO;MANZANILLO DE PUNTARENAS;ASADA;Costera;3-002-231782;C;0;146;0;5;0;0;0;0;;2018-12-19;151;286.9;528.5;1004.15;100-299;100-400
33;Región Pacífico Central;2666;04439-2014;6-1-4;PUNTARENAS;PUNTARENAS;601;LEPANTO;CANJEL DE JICARAL;ASADA;Rural;3-002-658216;B;0;167;0;15;0;0;0;0;2;2018-12-19;182;345.8;637;1210.3;100-299;100-400
33;Región Pacífico Central;2667;04441-2014;6-1-4;PUNTARENAS;PUNTARENAS;601;LEPANTO;LOS CEDROS DE JICARAL DE LEPANTO, PUNTARENAS;ASADA;Costera;3002658292;C;0;67;0;0;0;0;0;0;;2018-12-19;67;127.3;234.5;445.55;0-99;0-99
33;Región Pacífico Central;2668;04463-2014;6-1-11;PUNTARENAS;PUNTARENAS;601;COBANO;SAN ISIDRO DE COBANO, PUNTARENAS;ASADA;Rural;3-002-390324;D;0;253;0;0;0;0;0;0;;2018-12-19;253;480.7;885.5;1682.45;100-299;100-400
33;Región Pacífico Central;2669;04477-2014;6-1-7;PUNTARENAS;PUNTARENAS;601;GUACIMAL;GUACIMAL DE PUNTARENAS;ASADA;Rural;3-002-272029;B;0;380;0;0;0;0;0;0;3;2018-12-19;380;722;1330;2527;300-799;100-400
33;Región Pacífico Central;2697;04673-2014;6-1-4;PUNTARENAS;PUNTARENAS;601;LEPANTO;VAINILLA DE LEPANTO, PUNTARENAS;ASADA;Rural;3-002-664686;D;0;49;0;0;0;0;0;0;;2018-12-19;49;93.1;171.5;325.85;0-99;0-99
33;Región Pacífico Central;2702;04727-2014;6-1-5;PUNTARENAS;PUNTARENAS;601;PAQUERA;LA ESPERANZA DE PAQUERA, PUNTARENAS;ASADA;Rural;3-002-339578;D;0;94;0;0;0;0;0;0;;2018-12-19;94;178.6;329;625.1;0-99;0-99
33;Región Pacífico Central;2703;04728-2014;6-1-9;PUNTARENAS;PUNTARENAS;601;MONTE VERDE;BAJO TIGRE DE MONTEVERDE DE PUNTARENAS;ASADA;Rural;3-002-524318;D;24;0;0;0;0;0;0;0;;2018-12-19;24;45.6;84;159.6;0-99;0-99
33;Región Pacífico Central;2714;04792-2014;6-1-11;PUNTARENAS;PUNTARENAS;601;COBANO;VILLAS DEL MAR DE LA ABUELA,  COBANO DE PUNTARENAS;ASADA;Costera;3-002-304589;D;0;50;0;0;0;0;0;0;;2018-12-19;50;95;175;332.5;0-99;0-99
33;Región Pacífico Central;3001;00341-2014;6-1-16;PUNTARENAS;PUNTARENAS;601;ARANCIBIA;SAN RAFAEL, MIRAMAR DE ARANCIBIA, PUNTARENAS;CAAR;Rural;;D;28;0;0;0;0;0;0;0;;2018-12-19;28;53.2;98;186.2;0-99;0-99
33;Región Pacífico Central;4161;04958-2017;6-1-4;PUNTARENAS;PUNTARENAS;601;LEPANTO;BARRIO LOS ÁNGELES DE JICARAL;ASADA;Rural;3-002-727353;D;24;0;0;0;0;0;0;0;;2018-12-19;24;45.6;84;159.6;0-99;0-99
33;Región Pacífico Central;4235;05054-2018;6-1-8;PUNTARENAS;PUNTARENAS;601;BARRANCA;SAN MIGUELITO DE BARRANCA;ASADA;Rural;3002695698;D;;;;;;;;;;;;;;;800 a más;800 a más
30;Región Metropolitana;2717;00645-2014;1-4-1;SAN JOSE;PURISCAL;104;SANTIAGO;CARIT DE SANTIAGO DE PURISCAL, SAN JOSE;ASADA;Rural;3-002-399614;B;0;283;0;0;0;0;0;0;7;2018-12-19;283;537.7;990.5;1881.95;100-299;100-400
30;Región Metropolitana;2794;00972-2014;1-4-1;SAN JOSE;PURISCAL;104;SANTIAGO;JUNQUILLO ABAJO DE SANTIAGO DE PURISCAL, SAN JOSE;ASADA;Rural;3-002-251174;D;80;0;0;0;0;0;0;0;1;2018-12-19;80;152;280;532;0-99;0-99
30;Región Metropolitana;2795;00975-2014;1-4-2;SAN JOSE;PURISCAL;104;MERCEDES SUR;TUFARES DE MERCEDES SUR DE PURISCAL, SAN JOSE;ASADA;Rural;3-002-349244;D;23;0;0;0;0;0;0;0;;2018-12-19;23;43.7;80.5;152.95;0-99;0-99
30;Región Metropolitana;2796;00977-2014;1-4-2;SAN JOSE;PURISCAL;104;MERCEDES SUR;SALITRALES DE MERCEDES SUR DE PURISCAL, SAN JOSE;ASADA;Rural;3-002-361420;C;0;62;0;0;0;0;0;0;1;2019-03-05;62;117.8;217;412.3;0-99;0-99
30;Región Metropolitana;2797;00978-2014;1-4-2;SAN JOSE;PURISCAL;104;MERCEDES SUR;JILGUERAL DE MERCEDES SUR DE PURISCAL, SAN JOSE;ASADA;Rural;3002-330043;D;1;69;0;0;0;0;0;0;;2021-03-08;70;133;245;465.5;0-99;0-99
30;Región Metropolitana;2798;00979-2014;1-4-2;SAN JOSE;PURISCAL;104;MERCEDES SUR;BOCANA DE MERCEDES SUR DE PURISCAL, SAN JOSE;ASADA;Rural;3-002-670364;D;35;0;0;0;0;0;0;0;;2018-12-19;35;66.5;122.5;232.75;0-99;0-99
30;Región Metropolitana;2799;00983-2014;1-4-2;SAN JOSE;PURISCAL;104;MERCEDES SUR;ALTO LA PALMA DE MERCEDES SUR DE PURISCAL, SAN JOSE;ASADA;Rural;3-002-301804;C;0;97;0;0;0;0;0;0;;2018-12-19;97;184.3;339.5;645.05;0-99;0-99
30;Región Metropolitana;2800;00984-2014;1-4-2;SAN JOSE;PURISCAL;104;MERCEDES SUR;SANTA MARTA DE MERCEDES SUR DE PURISCAL, SAN JOSE;ASADA;Rural;3-002-311479;C;140;0;0;0;0;0;0;0;1;2018-12-19;140;266;490;931;100-299;100-400
30;Región Metropolitana;2801;00987-2014;1-4-3;SAN JOSE;PURISCAL;104;BARBACOAS;CORTEZAL DE BARBACOAS DE PURISCAL, SAN JOSE;ASADA;Rural;3-002-193956;D;135;0;0;0;0;0;0;0;2;2018-12-19;135;256.5;472.5;897.75;100-299;100-400
30;Región Metropolitana;2802;00989-2014;1-4-3;SAN JOSE;PURISCAL;104;BARBACOAS;BAJO BURGOS DE BARBACOAS DE PURISCAL, SAN JOSE;ASADA;Rural;3-002-490568;D;55;40;0;0;0;0;0;0;;2018-12-19;95;180.5;332.5;631.75;0-99;0-99
30;Región Metropolitana;2803;00990-2014;1-4-4;SAN JOSE;PURISCAL;104;GRIFO ALTO;GRIFO ALTO DE PURISCAL, SAN JOSE;ASADA;Rural;3-002-406465;C;0;132;0;0;0;0;0;0;2;2018-12-19;132;250.8;462;877.8;100-299;100-400
30;Región Metropolitana;2804;00991-2014;1-4-4;SAN JOSE;PURISCAL;104;GRIFO ALTO;PUEBLO NUEVO Y EL PORO DE GRIFO ALTO DE PURISCAL, SAN JOSE;ASADA;Rural;3-002-223678;D;0;0;0;0;0;0;0;0;;2018-12-19;0;0;0;0;0-99;0-99
30;Región Metropolitana;2805;00992-2014;1-4-4;SAN JOSE;PURISCAL;104;GRIFO ALTO;CALLE SALITRILLO DEL GRIFO DE PURISCAL, SAN JOSE;ASADA;Rural;3-002-187221;C;0;75;0;0;0;0;0;0;1;2018-12-19;75;142.5;262.5;498.75;0-99;0-99
30;Región Metropolitana;2806;00994-2014;1-4-5;SAN JOSE;PURISCAL;104;SAN RAFAEL;FLORALIA DE SAN RAFAEL DE PURISCAL, SAN JOSE;ASADA;Rural;3-002-280714;D;0;83;0;0;0;0;0;0;;2018-12-19;83;157.7;290.5;551.95;0-99;0-99
30;Región Metropolitana;2807;00995-2014;1-4-5;SAN JOSE;PURISCAL;104;SAN RAFAEL;SAN RAFAEL ABAJO (BELLAVISTA) DE PURISCAL, SAN JOSE;ASADA;Rural;3-002-590191;C;0;280;0;0;0;0;0;0;4;2018-12-19;280;532;980;1862;100-299;100-400
30;Región Metropolitana;2808;00996-2014;1-4-5;SAN JOSE;PURISCAL;104;SAN RAFAEL;SAN RAFAEL ARRIBA DE PURISCAL, SAN JOSE;ASADA;Rural;3-002-371600;B;0;155;0;0;0;0;0;0;3;2019-04-04;155;294.5;542.5;1030.75;100-299;100-400
30;Región Metropolitana;2809;00998-2014;1-4-7;SAN JOSE;PURISCAL;104;DESAMPARADITOS;DESAMPARADITOS DE PURISCAL, SAN JOSE;ASADA;Rural;3-002-196285;C;0;225;0;0;0;0;0;0;3;2018-12-19;225;427.5;787.5;1496.25;100-299;100-400
30;Región Metropolitana;2810;00999-2014;1-4-9;SAN JOSE;PURISCAL;104;CHIRES;GAMALOTILLO 1 DE CHIRES DE PURISCAL, SAN JOSE;ASADA;Rural;3-002-654312;D;0;54;0;0;0;0;0;0;;2018-10-19;54;102.6;189;359.1;0-99;0-99
30;Región Metropolitana;2811;01000-2014;1-4-9;SAN JOSE;PURISCAL;104;CHIRES;MASTATAL, SAN MIGUEL Y LA FILA DE MERCEDES SUR DE PURISCAL, ;ASADA;Rural;3-002-193954;D;0;170;0;0;0;0;0;0;1;2018-12-19;170;323;595;1130.5;100-299;100-400
30;Región Metropolitana;2812;01001-2014;1-4-9;SAN JOSE;PURISCAL;104;CHIRES;GAMALOTILLO 2 Y 3 DE CHIRES DE PURISCAL, SAN JOSE;ASADA;Rural;3-002-534362;D;70;0;0;0;0;0;0;0;;2018-12-19;70;133;245;465.5;0-99;0-99
30;Región Metropolitana;2813;01002-2014;1-4-9;SAN JOSE;PURISCAL;104;CHIRES;SAN VICENTE DE CHIRES DE PURISCAL, SAN JOSE;ASADA;Rural;3-002-756809;D;0;18;0;0;0;0;0;0;;2018-12-19;18;34.2;63;119.7;0-99;0-99
30;Región Metropolitana;2814;01003-2014;1-4-9;SAN JOSE;PURISCAL;104;CHIRES;GUARUMAL DE CHIRES DE PURISCAL, SAN JOSE;ASADA;Rural;3-002-263778;D;0;43;0;0;0;0;0;0;;2018-12-19;43;81.7;150.5;285.95;0-99;0-99
30;Región Metropolitana;2815;01004-2014;1-4-9;SAN JOSE;PURISCAL;104;CHIRES;MANANTIAL DE VIDA DE CHIRES DE PURISCAL SJ.;ASADA;Rural;3-002-656319;C;0;381;0;0;0;0;0;0;;2019-04-03;381;723.9;1333.5;2533.65;300-799;100-400
30;Región Metropolitana;2816;01005-2014;1-4-9;SAN JOSE;PURISCAL;104;CHIRES;ZAPATON DE CHIRES  DE PURISCAL, SAN JOSE;ASOCIACION DE DESARROLLO INDIGENA;Rural Indígena;3-002-666012;D;0;200;0;0;0;0;0;0;;2020-10-29;200;380;700;1330;100-299;100-400
30;Región Metropolitana;2817;01006-2014;1-4-9;SAN JOSE;PURISCAL;104;CHIRES;NARANJAL DE CHIRES PURISCAL, ALAJUELA;ASADA;Rural;3-002-249282;D;0;48;0;0;0;0;0;0;;2018-12-19;48;91.2;168;319.2;0-99;0-99
30;Región Metropolitana;2907;04147-2014;1-4-4;SAN JOSE;PURISCAL;104;GRIFO ALTO;GRIFO BAJO DE GRIFO ALTO DE PURISCAL, SAN JOSE;ASADA;Rural;3-002-620114;C;60;0;0;0;0;0;0;0;1;2018-12-19;60;114;210;399;0-99;0-99
30;Región Metropolitana;2908;04148-2014;1-4-6;SAN JOSE;PURISCAL;104;CANDELARIA;PEDERNAL DE CANDELARIA DE PURISCAL, SAN JOSE.;ASADA;Rural;3-002-571260;C;0;105;0;0;0;0;0;0;;2018-12-19;105;199.5;367.5;698.25;100-299;100-400
30;Región Metropolitana;2909;04149-2014;1-4-9;SAN JOSE;PURISCAL;104;CHIRES;PUEBLO NUEVO Y LA GLORIA MERCEDES SUR DE CHIRES DEPURISCAL;ASADA;Rural;;D;14;0;0;0;0;0;0;0;;2018-12-19;14;26.6;49;93.1;0-99;0-99
30;Región Metropolitana;2948;04648-2014;1-4-9;SAN JOSE;PURISCAL;104;CHIRES;ARENAL DE LOS CHIRES DE PURISCAL, SAN JOSE;ASADA;Rural;3-002-339154;D;0;58;0;0;0;0;0;0;;2018-12-19;58;110.2;203;385.7;0-99;0-99
30;Región Metropolitana;2949;04670-2014;1-4-2;SAN JOSE;PURISCAL;104;MERCEDES SUR;LANAS DE MERCEDES SUR DE PURISCAL, SAN JOSE;ASADA;Rural;3002588737;D;40;0;0;0;0;0;0;0;;2018-12-19;40;76;140;266;0-99;0-99
30;Región Metropolitana;3148;00970-2016;1-4-1;SAN JOSE;PURISCAL;104;SANTIAGO;SAN JUAN DE BARBACOAS;ASADA;Sin Selección;3-002-209934;D;;;;;;;;;;;;;;;800 a más;800 a más
30;Región Metropolitana;4254;05119-2018;1-4-2;SAN JOSE;PURISCAL;104;MERCEDES SUR;ACUEDUCTO Y ALCANTARILLADO SANITARIO DE SAN RAMON DEL SUR DE PURISCAL;ASADA;Rural;3-002-699622;D;35;0;0;0;0;0;0;0;;2018-09-17;35;66.5;122.5;232.75;0-99;0-99
30;Región Metropolitana;4299;05162-2019;1-4-1;SAN JOSE;PURISCAL;104;SANTIAGO;SAN MARTÍN;CAAR;Rural;;D;;;;;;;;;;;;;;;800 a más;800 a más
33;Región Pacífico Central;2546;00475-2014;6-6-2;PUNTARENAS;QUEPOS;606;SAVEGRE;HATILLO DE SAVEGRE DE QUEPOS, PUNTARENAS;ASADA;Costera;3-002-326042;D;214;0;6;0;0;0;0;0;;2018-12-19;220;418;770;1463;100-299;100-400
33;Región Pacífico Central;2548;00478-2014;6-6-2;PUNTARENAS;QUEPOS;606;SAVEGRE;COOPESILENCIO Y SAN CRISTOBAL DE SAVEGRE;ASADA;Rural;3-002-470190;C;0;172;0;1;0;0;0;0;2;2018-12-19;173;328.7;605.5;1150.45;100-299;100-400
33;Región Pacífico Central;2551;00491-2014;6-6-2;PUNTARENAS;QUEPOS;606;SAVEGRE;PORTALON DE SAVEGRE QUEPOS, PUNTARENAS;ASADA;Costera;3-002-568063;C;0;135;0;0;0;0;0;0;;2018-12-19;135;256.5;472.5;897.75;100-299;100-400
33;Región Pacífico Central;2553;00503-2014;6-6-3;PUNTARENAS;QUEPOS;606;NARANJITO;LONDRES DE NARANJITO;ASADA;Rural;3-002-210596;B;0;427;0;0;0;0;0;0;5;2020-04-21;427;811.3;1494.5;2839.55;300-799;401-799
33;Región Pacífico Central;2556;00515-2014;6-6-3;PUNTARENAS;QUEPOS;606;NARANJITO;NARANJITO DE QUEPOS, PUNTARENAS;ASADA;Rural;3-002-303859;B;121;671;0;0;0;0;0;0;9;2018-12-19;792;1504.8;2772;5266.8;300-799;401-799
33;Región Pacífico Central;2557;00517-2014;6-6-1;PUNTARENAS;QUEPOS;606;QUEPOS;SAN RAFAEL DE QUEPOS DE AGUIRRE PUNTARENAS;ASADA;Rural;3-002-197773;B;18;413;0;7;0;0;0;0;5;2018-12-19;438;832.2;1533;2912.7;300-799;401-799
1277;Región Brunca;2558;00520-2014;6-6-2;PUNTARENAS;QUEPOS;606;SAVEGRE;LAGUNA DE NARANJITO DE AGUIRRE, PUNTARENAS;ASADA;Costera;3-002-394443;C;0;80;0;0;0;0;0;0;;2018-12-19;80;152;280;532;0-99;0-99
33;Región Pacífico Central;2588;00637-2014;6-6-1;PUNTARENAS;QUEPOS;606;QUEPOS;CERRITOS DE QUEPOS;ASADA;Rural;3-002-328141;C;0;131;0;1;0;0;0;0;2;2020-04-14;132;250.8;462;877.8;100-299;100-400
33;Región Pacífico Central;2594;00652-2014;6-6-2;PUNTARENAS;QUEPOS;606;SAVEGRE;MATAPALO DE SAVEGRE;ASADA;Costera;3-002-357597;A;28;291;0;0;0;0;1;40;7;2018-12-19;360;684;1260;2394;300-799;100-400
33;Región Pacífico Central;2670;04482-2014;6-6-2;PUNTARENAS;QUEPOS;606;SAVEGRE;PASITO DE SAVEGRE;ASADA;Costera;3-002-403325;B;0;197;0;0;0;0;0;0;;2021-04-27;197;374.3;689.5;1310.05;100-299;100-400
33;Región Pacífico Central;2671;04493-2014;6-6-2;PUNTARENAS;QUEPOS;606;SAVEGRE;SANTO DOMINGO DE SAVEGRE DE AGUIRRE, PUNTARENAS;ASADA;Rural;3-002-557294;D;56;0;0;0;0;0;0;0;;2018-12-19;56;106.4;196;372.4;0-99;0-99
33;Región Pacífico Central;2713;04791-2014;6-6-2;PUNTARENAS;QUEPOS;606;SAVEGRE;FINCA GUAPIL DE QUEPOS DE PUNTARENAS;ASADA;Costera;3-002-387553;D;0;6;0;3;0;0;0;0;;2018-12-19;9;17.1;31.5;59.85;0-99;0-99
1277;Región Brunca;3014;00667-2014;6-6-2;PUNTARENAS;QUEPOS;606;SAVEGRE;TIERRAS MORENAS DE SAVEGRE DE AGUIRRE, PUNTARENAS;ASADA;Rural;3-002-506812;D;42;0;0;0;0;0;6;0;;2018-12-19;48;91.2;168;319.2;0-99;0-99
33;Región Pacífico Central;3147;04850-2017;6-6-1;PUNTARENAS;QUEPOS;606;QUEPOS;ASENTAMIENTO SAVEGRE DE NARANJITO DE QUEPOS;ASADA;Rural;3002349475;D;0;92;0;0;0;0;0;0;;2018-12-19;92;174.8;322;611.8;0-99;0-99
33;Región Pacífico Central;4234;05053-2018;6-6-2;PUNTARENAS;QUEPOS;606;SAVEGRE;HACIENDA BARÚ DE SAAVEGRE;ASADA;Rural;3002387553;D;0;9;0;0;0;0;0;0;;2019-03-14;9;17.1;31.5;59.85;0-99;0-99
154;Región Huetar Norte;1645;01390-2014;2-10-1;ALAJUELA;SAN CARLOS;210;QUESADA;ASADA LA ABUNDANCIA ;ASADA;Rural;3002-560732;A;0;563;0;0;0;0;0;0;11;2020-05-18;563;1069.7;1970.5;3743.95;300-799;401-799
154;Región Huetar Norte;1646;01391-2014;2-10-1;ALAJUELA;SAN CARLOS;210;QUESADA;ASOCIACION ADMINISTRATIVA DEL ACUEDUCYO SAN JUAN CIUDAD QUESADA;ASADA;Rural;3-002-267755;B;0;782;0;18;0;0;0;0;7;2020-01-01;800;1520;2800;5320;800 a más;800 a más
154;Región Huetar Norte;1647;01392-2014;2-10-1;ALAJUELA;SAN CARLOS;210;QUESADA;ASADA SAN VICENTE ;ASADA;Rural;3002574570;C;0;107;0;10;0;0;0;3;4;2020-01-01;120;228;420;798;100-299;100-400
154;Región Huetar Norte;1648;01393-2014;2-10-1;ALAJUELA;SAN CARLOS;210;QUESADA;ASADA SAN GERARDO  ;ASADA;Rural;3002376071;B;0;430;1;8;0;0;0;0;13;2020-01-01;439;834.1;1536.5;2919.35;300-799;401-799
154;Región Huetar Norte;1649;01397-2014;2-10-2;ALAJUELA;SAN CARLOS;210;FLORENCIA;ASADA PENJAMO  ;ASADA;Urbana;3-002-377037;B;0;432;0;0;0;0;0;0;4;2021-06-14;432;820.8;1512;2872.8;300-799;401-799
154;Región Huetar Norte;1650;01398-2014;2-10-2;ALAJUELA;SAN CARLOS;210;FLORENCIA;ASADA DE FLORENCIA ;ASADA;Rural;3002207720;A;2;671;0;0;0;0;0;0;15;2021-04-23;673;1278.7;2355.5;4475.45;300-799;401-799
154;Región Huetar Norte;1651;01400-2014;2-10-2;ALAJUELA;SAN CARLOS;210;FLORENCIA;ACUEDUCTO ADMINISTRADOR DEL AGUA SANTA RITA ;ASADA;Rural;3002249280;B;0;428;0;0;0;0;0;0;6;2021-06-14;428;813.2;1498;2846.2;300-799;401-799
154;Región Huetar Norte;1652;01401-2014;2-10-2;ALAJUELA;SAN CARLOS;210;FLORENCIA;ASADA MUELLE ;ASADA;Rural;3002310968;B;0;703;0;0;0;0;0;0;7;2021-04-26;703;1335.7;2460.5;4674.95;300-799;401-799
154;Región Huetar Norte;1653;01402-2014;2-10-2;ALAJUELA;SAN CARLOS;210;FLORENCIA;ASADA PEJE  VIEJO  ;ASADA;Rural;3002397963;D;0;139;0;0;0;0;0;0;;2020-04-06;139;264.1;486.5;924.35;100-299;100-400
154;Región Huetar Norte;1654;01403-2014;2-10-2;ALAJUELA;SAN CARLOS;210;FLORENCIA;ASOCIACION ADMINISTRADORA DEL ACUEDUCTO DE SAN JUAN FLORENCIA;ASADA;Rural;3002232761;B;0;1108;0;0;0;0;0;0;15;2021-06-08;1108;2105.2;3878;7368.2;800 a más;800 a más
154;Región Huetar Norte;1655;01404-2014;2-10-2;ALAJUELA;SAN CARLOS;210;FLORENCIA;ACUEDUCTO ADMINISTRADOR DEL AGUA SAN LUIS, CAIMITOS ;ASADA;Rural;3002207713;C;0;275;0;0;0;0;0;0;5;2021-06-11;275;522.5;962.5;1828.75;100-299;100-400
154;Región Huetar Norte;1656;01406-2014;2-10-7;ALAJUELA;SAN CARLOS;210;LA FORTUNA;ASOCIACION ADMINISTRADORA DEL ACUEDUCTO Y ALACANTARILLADO DEK TANQUE LA FORTUNA;ASADA;Rural;3002186422;A;1;2777;0;0;0;0;0;0;63;2021-05-25;2778;5278.2;9723;18473.7;800 a más;800 a más
154;Región Huetar Norte;1657;01408-2014;2-10-2;ALAJUELA;SAN CARLOS;210;FLORENCIA;ACUEDUCTO ADMINISTRADOR DEL AGUA DE SAN RAFAEL ;ASADA;Rural;3002259288;D;30;40;0;0;0;0;0;0;;2020-06-16;70;133;245;465.5;0-99;0-99
154;Región Huetar Norte;1658;01409-2014;2-10-2;ALAJUELA;SAN CARLOS;210;FLORENCIA;ASADA SANTA CLARA ;ASADA;Rural;3002252049;B;0;759;0;0;0;0;0;0;24;2021-06-11;759;1442.1;2656.5;5047.35;300-799;401-799
154;Región Huetar Norte;1659;01410-2014;2-10-4;ALAJUELA;SAN CARLOS;210;AGUAS ZARCAS;ASADA MONTECRISTO  ;ASADA;Rural;3-002-668591;B;0;310;0;0;0;0;0;0;;2020-01-01;310;589;1085;2061.5;300-799;100-400
154;Región Huetar Norte;1660;01413-2014;2-10-3;ALAJUELA;SAN CARLOS;210;BUENAVISTA;ASADA BUENA VISTA;ASADA;Rural;3002561377;C;0;115;0;19;0;0;0;0;1;2020-01-01;134;254.6;469;891.1;100-299;100-400
154;Región Huetar Norte;1661;01414-2014;2-10-4;ALAJUELA;SAN CARLOS;210;AGUAS ZARCAS;ACUEDUCTO ADMINISTRADOR DEL AGUA DE MANANTIAL ;ASADA;Rural;3002224914;C;0;245;0;0;0;0;0;0;4;2020-01-01;245;465.5;857.5;1629.25;100-299;100-400
154;Región Huetar Norte;1662;01416-2014;2-10-4;ALAJUELA;SAN CARLOS;210;AGUAS ZARCAS;ACUEDUCTO ADMINISTRADOR DEL AGUA DE PITALITO Y ESQUIPULAS ;ASADA;Rural;3-002-223596;C;0;450;0;0;0;0;0;0;9;2020-01-01;450;855;1575;2992.5;300-799;401-799
154;Región Huetar Norte;1663;01417-2014;2-10-4;ALAJUELA;SAN CARLOS;210;AGUAS ZARCAS;CONCEPCION Y LOS NEGRITOS AGUAS ZARCAS DE SAN CARLOS, ;ASADA;Rural;3002566866;D;0;255;0;0;0;0;0;0;;2018-12-19;255;484.5;892.5;1695.75;100-299;100-400
154;Región Huetar Norte;1665;01420-2014;2-10-4;ALAJUELA;SAN CARLOS;210;AGUAS ZARCAS;ACUEDUCTO ADMINISTRADOR DEL AGUA DE LAS DELICIAS ;ASADA;Rural;3-002-214356;B;0;716;12;0;0;0;0;0;14;2020-01-01;728;1383.2;2548;4841.2;300-799;401-799
154;Región Huetar Norte;1666;01421-2014;2-10-4;ALAJUELA;SAN CARLOS;210;AGUAS ZARCAS;LOS CHILES DE AGUAS ZARCAS DE SAN CARLOS, ALAJUELA;ASADA;Rural;3002198352;D;0;1053;0;0;0;0;0;0;7;2018-12-19;1053;2000.7;3685.5;7002.45;800 a más;800 a más
154;Región Huetar Norte;1667;01424-2014;2-10-4;ALAJUELA;SAN CARLOS;210;AGUAS ZARCAS;VIENTO FRESCO DE AGUAS ZARCAS DE SAN CARLOS, ALAJUELA;ASADA;Rural;3002259249;D;490;0;0;0;0;0;0;0;;2018-12-19;490;931;1715;3258.5;300-799;401-799
154;Región Huetar Norte;1668;01425-2014;2-10-4;ALAJUELA;SAN CARLOS;210;AGUAS ZARCAS;ASOCIACION ADMINISTRADORA DEL ACUEDUCTO RURAL Y SERVICIOS DE GARABITO;ASADA;Rural;3002272669;B;0;495;0;0;0;0;0;0;6;2020-01-01;495;940.5;1732.5;3291.75;300-799;401-799
154;Región Huetar Norte;1669;01426-2014;2-10-5;ALAJUELA;SAN CARLOS;210;VENECIA;ASADA DE MARSELLAS ;ASADA;Rural;3002219651;B;0;565;0;0;0;0;0;35;9;2020-01-01;600;1140;2100;3990;300-799;401-799
154;Región Huetar Norte;1670;01427-2014;2-10-5;ALAJUELA;SAN CARLOS;210;VENECIA;ACUEDUCTO ADMINISTRADOR DEL AGUA DE UNION CECTOR CENTRO ;ASADA;Rural;3002251003;D;0;0;0;14;0;0;0;0;3;2020-01-01;14;26.6;49;93.1;0-99;0-99
154;Región Huetar Norte;1671;01428-2014;2-10-5;ALAJUELA;SAN CARLOS;210;VENECIA;ACUEDUCTO ADMINISTRADOR DEL AGUA DE LAS NUBES ;ASADA;Rural;3002408229;B;0;589;0;51;0;0;0;0;6;2020-01-01;640;1216;2240;4256;300-799;401-799
154;Región Huetar Norte;1672;01429-2014;2-10-5;ALAJUELA;SAN CARLOS;210;VENECIA;ASADA LAS  BRISAS;ASADA;Rural;3002405848;D;0;127;0;0;0;0;0;0;1;2020-01-01;127;241.3;444.5;844.55;100-299;100-400
154;Región Huetar Norte;1673;01430-2014;2-10-5;ALAJUELA;SAN CARLOS;210;VENECIA;ACUEDUCTO ADMINISTRADOR DEL AGUA DE VENECIA ;ASADA;Rural;3002219649;B;1;1778;0;0;0;0;0;0;46;2021-02-10;1779;3380.1;6226.5;11830.35;800 a más;800 a más
154;Región Huetar Norte;1674;01431-2014;2-10-5;ALAJUELA;SAN CARLOS;210;VENECIA;ACUEDUCTO ADMINISTRADOR DEL AGUA DE BUENOS AIRES ;ASADA;Rural;3002300168;D;0;405;0;10;0;0;0;5;2;2018-12-19;420;798;1470;2793;300-799;401-799
154;Región Huetar Norte;1675;01432-2014;2-10-5;ALAJUELA;SAN CARLOS;210;VENECIA;ASOCIACION ADMINISTRADORA DEL ACUEDUCTO RURAL DE LOS ALPES DE VENECIA;ASADA;Rural;3002341573;D;0;96;0;0;0;0;0;0;;2020-01-01;96;182.4;336;638.4;0-99;0-99
154;Región Huetar Norte;1677;01435-2014;2-10-6;ALAJUELA;SAN CARLOS;210;PITAL;ASADA PITAL  ;ASADA;Urbana;3-002-195024;A;0;3700;0;0;0;0;0;0;65;2020-05-13;3700;7030;12950;24605;800 a más;800 a más
154;Región Huetar Norte;1678;01436-2014;2-10-6;ALAJUELA;SAN CARLOS;210;PITAL;ASOCIACIO  ADMINISTRADORA DEL ACUEDUCTO RURAL DE BOCA TAPADA;ASADA;Rural;3002597919;D;0;0;0;3;0;0;0;0;;2018-12-19;3;5.7;10.5;19.95;0-99;0-99
154;Región Huetar Norte;1682;01442-2014;2-10-6;ALAJUELA;SAN CARLOS;210;PITAL;ASADA VERACRUZ;ASADA;Rural;3002247594;B;0;990;0;0;0;0;0;0;17;2021-02-10;990;1881;3465;6583.5;800 a más;800 a más
154;Región Huetar Norte;1684;01445-2014;2-10-7;ALAJUELA;SAN CARLOS;210;LA FORTUNA;LA FORTUNA DE SAN CARLOS, ALAJUELA;ASADA;Urbana;3002194811;A;0;2793;0;0;0;0;0;0;46;2021-06-14;2793;5306.7;9775.5;18573.45;800 a más;800 a más
154;Región Huetar Norte;1685;01450-2014;2-10-7;ALAJUELA;SAN CARLOS;210;LA FORTUNA;ASOCIACION ADMINISTRADORA DEL ACUEDUCTO RURAL DE SONAFLUC;ASADA;Rural;3002243990;B;0;1180;0;0;0;0;0;0;10;2021-04-26;1180;2242;4130;7847;800 a más;800 a más
154;Región Huetar Norte;1686;01452-2014;2-10-8;ALAJUELA;SAN CARLOS;210;LA TIGRA;ASADA LA LUCHA  Y  VEGA  ;ASADA;Rural;3002254101;A;0;1782;0;0;0;0;0;0;45;2021-06-15;1782;3385.8;6237;11850.3;800 a más;800 a más
154;Región Huetar Norte;1687;01453-2014;2-10-8;ALAJUELA;SAN CARLOS;210;LA TIGRA;ASOCIACIÓN  ADMINISTRADORA  DEL  ACUEDUCTO  Y  ALCANTARILLADO  SANITARIO  CONCEPCION  DE  LA  TIGRA  ;ASADA;Rural;3002203788;C;0;128;0;0;0;0;0;0;2;2020-04-07;128;243.2;448;851.2;100-299;100-400
154;Región Huetar Norte;1688;01454-2014;2-10-8;ALAJUELA;SAN CARLOS;210;LA TIGRA;ASADA  EL FUTURO  ;ASADA;Rural;3002578423;D;0;400;0;0;0;0;0;0;;2020-05-21;400;760;1400;2660;300-799;100-400
154;Región Huetar Norte;1689;01456-2014;2-10-8;ALAJUELA;SAN CARLOS;210;LA TIGRA;COOPERRENACER;COOPERATIVA;Rural;3004654220;D;0;313;0;14;0;0;0;0;5;2020-01-01;327;621.3;1144.5;2174.55;300-799;100-400
154;Región Huetar Norte;1690;01457-2014;2-10-8;ALAJUELA;SAN CARLOS;210;LA TIGRA;ACUEDUCTO ADMINISTRADOR DEL AGUA DE SAN ISIDRO ;ASADA;Rural;3002348069;B;0;237;0;0;0;0;0;0;3;2020-04-08;237;450.3;829.5;1576.05;100-299;100-400
154;Región Huetar Norte;1691;01459-2014;2-10-9;ALAJUELA;SAN CARLOS;210;LA PALMERA;ACUEDUCTO ADMINISTRADOR DEL AGUA DE LA PALMERA ;ASADA;Rural;3002209390;C;0;1031;0;145;0;0;0;0;7;2020-01-01;1176;2234.4;4116;7820.4;800 a más;800 a más
154;Región Huetar Norte;1692;01461-2014;2-10-9;ALAJUELA;SAN CARLOS;210;LA PALMERA;ACUEDUCTO ADMINISTRADOR DEL AGUA DE CALLE DAMAS. ;ASADA;Rural;3002678136;B;0;74;52;0;0;0;0;0;2;2020-01-01;126;239.4;441;837.9;100-299;100-400
154;Región Huetar Norte;1693;01462-2014;2-10-9;ALAJUELA;SAN CARLOS;210;LA PALMERA;ASADA LA MARINA  ;ASADA;Urbana;3002282562;B;0;207;0;6;0;0;0;0;4;2020-01-01;213;404.7;745.5;1416.45;100-299;100-400
154;Región Huetar Norte;1694;01465-2014;2-10-10;ALAJUELA;SAN CARLOS;210;VENADO;ASADA JICARITO  ;ASADA;Rural;;D;0;100;0;0;0;0;0;0;;2020-01-01;100;190;350;665;100-299;100-400
154;Región Huetar Norte;1695;01473-2014;2-10-11;ALAJUELA;SAN CARLOS;210;CUTRIS;ACUEDUCTO ADMINISTRADOR DEL AGUA DE BOCA SAN CARLOS ;ASADA;Rural;3002410076;D;0;50;0;0;0;0;0;0;;2020-01-01;50;95;175;332.5;0-99;0-99
154;Región Huetar Norte;1696;01474-2014;2-10-11;ALAJUELA;SAN CARLOS;210;CUTRIS;EL ROBLE CHAMORRO DE CUTRIS DE SAN CARLOS, ALAJUELA;CAAR;Rural;;D;0;25;0;0;0;0;0;0;;2018-12-19;25;47.5;87.5;166.25;0-99;0-99
154;Región Huetar Norte;1697;01475-2014;2-10-11;ALAJUELA;SAN CARLOS;210;CUTRIS;ASOCIACION ADMINISTRADORA DEL ACUEDUCTO DE BOCA DE ARENAL;ASADA;Rural;3002202649;C;0;2336;0;202;0;0;0;0;12;2020-01-01;2538;4822.2;8883;16877.7;800 a más;800 a más
154;Región Huetar Norte;1698;01477-2014;2-10-11;ALAJUELA;SAN CARLOS;210;CUTRIS;ASOCIACION ADMINISTRADORA DEL ACUEDUCTO Y ALCANTARILLADO SANITARIO DE COOPEVEGA ;ASADA;Rural;3-002-589783;C;0;194;0;9;0;0;0;0;1;2020-01-01;203;385.7;710.5;1349.95;100-299;100-400
154;Región Huetar Norte;1699;01479-2014;2-10-11;ALAJUELA;SAN CARLOS;210;CUTRIS;ASOCIACION ADMINISTRADORA DEL ACUEDUCTO Y ALCANTARILLADO SANITARIO DE SAN JOAQUIN DE CUTRIS SAN CARLOS;ASADA;Rural;3002231076;D;0;284;0;2;0;0;0;0;4;2020-01-01;286;543.4;1001;1901.9;100-299;100-400
154;Región Huetar Norte;1700;01482-2014;2-10-12;ALAJUELA;SAN CARLOS;210;MONTERREY;ASOCIACIÓN  ADMINISTRADORA  DE  ACUEDUCTO  DE MONTERREY  DE  SAN  CARLOS  ;ASADA;Rural;3002234918;C;0;297;0;0;0;0;0;0;4;2020-04-30;297;564.3;1039.5;1975.05;100-299;100-400
154;Región Huetar Norte;1701;01484-2014;2-10-12;ALAJUELA;SAN CARLOS;210;MONTERREY;ASOCIACIÓN  ADMINISTRATIVA  DEL  ACUEDUCTO  CHAMBACÚ  Y LA ORQUÍDEA  ;ASADA;Rural;3-002-188411;B;0;805;0;0;0;0;0;0;7;2021-05-25;805;1529.5;2817.5;5353.25;800 a más;800 a más
154;Región Huetar Norte;1702;01486-2014;2-10-12;ALAJUELA;SAN CARLOS;210;MONTERREY;OCALIDADES DE SAN JUAN Y SAN  ANTONIO  DE MONTERREY  DE  SAN  CARLOS  DE  LA PROVINCIA DE ALAJUELA  ;ASADA;Rural;3-002-380670;C;0;430;0;0;0;0;0;0;3;2021-05-25;430;817;1505;2859.5;300-799;401-799
154;Región Huetar Norte;1703;01491-2014;2-10-12;ALAJUELA;SAN CARLOS;210;MONTERREY;ASOCIACIÓN  ADMINISTRADORA  DEL  ACUEDUCTO  RURAL  Y ALCANTARILLADO  SANITARIO  DE  LA  UNIÓN  Y MIRADOR  DE  MONTERREY  DE  SAN  CARLOS  DE  ALAJUELA  ;ASADA;Rural;3002352221;C;0;278;0;0;0;0;0;0;2;2021-05-25;278;528.2;973;1848.7;100-299;100-400
154;Región Huetar Norte;1704;01496-2014;2-10-13;ALAJUELA;SAN CARLOS;210;POCOSOL;ASOCIACION ADMINISTRADORA DEL ACUEDUCTO RURAL INTEGRADO ALTOS DE CEDROS MONTERREY SANTA ROSA DE POCOSOL, SAN CARLOS;ASADA;Rural;3002188412;B;0;3872;0;525;0;20;0;80;86;2020-01-01;4497;8544.3;15739.5;29905.05;800 a más;800 a más
154;Región Huetar Norte;1768;04140-2014;2-10-1;ALAJUELA;SAN CARLOS;210;QUESADA;ASOCIACION ADMINISTRADORA DEL ACUEDUCTO Y ALCANTARILLADO SANITARIO DE LINDA VISTA DE CIUDAD QUESADA.;ASADA;Rural;3-002-763686;D;0;350;0;0;0;0;0;0;1;2020-01-01;350;665;1225;2327.5;300-799;100-400
154;Región Huetar Norte;1784;04211-2014;2-10-1;ALAJUELA;SAN CARLOS;210;QUESADA;ACUEDUCTO ADMINISTRADOR DEL AGUA DE CEDRAL Y DULCE NOMBRÉ ;ASADA;Rural;3002219653;B;0;1600;0;0;0;0;0;0;3;2020-03-10;1600;3040;5600;10640;800 a más;800 a más
154;Región Huetar Norte;1785;04212-2014;2-10-1;ALAJUELA;SAN CARLOS;210;QUESADA;ACUEDUCTO ADMINISTRADOR DEL AGUA DE CORAZÓN DE JESÚS;ASADA;Urbana;3-002-311085;C;0;486;0;0;0;0;0;0;9;2020-09-28;486;923.4;1701;3231.9;300-799;401-799
154;Región Huetar Norte;1786;04214-2014;2-10-1;ALAJUELA;SAN CARLOS;210;QUESADA;ASADA LA SELVA SAN RAMON;ASADA;Rural;3002689273;C;0;130;0;0;0;0;0;0;3;2020-01-01;130;247;455;864.5;100-299;100-400
154;Región Huetar Norte;1787;04215-2014;2-10-1;ALAJUELA;SAN CARLOS;210;QUESADA;SANTA FE DE CIUDAD QUESADA, SAN CARLOS ALAJUELA;ASADA;Rural;3002216421;A;0;220;0;0;0;0;0;0;;2018-12-19;220;418;770;1463;100-299;100-400
154;Región Huetar Norte;1788;04216-2014;2-10-1;ALAJUELA;SAN CARLOS;210;QUESADA;SUCRE DE QUESADA DE SAN CARLOS, ALAJUELA;ASADA;Rural;3002245416;D;0;487;0;0;0;0;0;0;15;2020-10-15;487;925.3;1704.5;3238.55;300-799;401-799
154;Región Huetar Norte;1789;04217-2014;2-10-2;ALAJUELA;SAN CARLOS;210;FLORENCIA;ACUEDUCTO ADMINISTRADOR DEL AGUA DE LA VIEJA ;ASADA;Rural;3002438811;D;0;98;0;0;0;0;0;0;2;2020-06-19;98;186.2;343;651.7;0-99;0-99
154;Región Huetar Norte;1790;04218-2014;2-10-2;ALAJUELA;SAN CARLOS;210;FLORENCIA;ASADA CUESTILLAS ;ASADA;Rural;3-002-230548;B;0;400;0;0;0;0;0;0;9;2021-06-10;400;760;1400;2660;300-799;100-400
154;Región Huetar Norte;1791;04219-2014;2-10-4;ALAJUELA;SAN CARLOS;210;AGUAS ZARCAS;ASADA AGUAS ZARCAS;ASADA;Urbana;3002194936;B;0;1900;0;0;0;0;0;0;36;2020-05-14;1900;3610;6650;12635;800 a más;800 a más
154;Región Huetar Norte;1792;04220-2014;2-10-4;ALAJUELA;SAN CARLOS;210;AGUAS ZARCAS;ACUEDUCTO ADMINISTRADOR DEL AGUA DE SAN JOSE, CERRO CORTEZ,  LOS LLANOS, SANTA FE Y LA GLORIA. (ASA 5);ASADA;Rural;3002211309;C;0;737;0;42;0;0;0;0;6;2020-01-01;779;1480.1;2726.5;5180.35;300-799;401-799
154;Región Huetar Norte;1793;04222-2014;2-10-7;ALAJUELA;SAN CARLOS;210;LA FORTUNA;ASOCIACION ADMINISTRADORA DEL ACUEDUCTO Y ALCANTARILLADO SANITARIO MANANTIAL AGUA AZUL DE LA FORTUNA DE SAN CARLOS ALAJUELA;ASADA;Rural;3002771731;D;0;176;0;0;0;0;0;0;2;2020-05-18;176;334.4;616;1170.4;100-299;100-400
154;Región Huetar Norte;1794;04223-2014;2-10-9;ALAJUELA;SAN CARLOS;210;LA PALMERA;ASOCIACION ADMINISTRADORA DEL ACUEDUCTO DE SAN FRANCISCO;ASADA;Rural;3002207257;B;0;1002;0;163;0;0;0;0;24;2020-01-01;1165;2213.5;4077.5;7747.25;800 a más;800 a más
154;Región Huetar Norte;1795;04224-2014;2-10-10;ALAJUELA;SAN CARLOS;210;VENADO;ASADA VENADO;ASADA;Rural;3002682337;C;0;178;0;0;0;0;0;0;2;2020-05-18;178;338.2;623;1183.7;100-299;100-400
154;Región Huetar Norte;1807;04383-2014;2-10-13;ALAJUELA;SAN CARLOS;210;POCOSOL;ASOCIACION ADMINISTRADORA DEL ACUEDUCTO Y ALCANTARILLO SANITARIO LA LUISA, SAN CARLOS FUENTE DE VIDA;ASADA;Rural;3002313789;C;0;312;0;0;0;0;0;0;4;2021-01-11;312;592.8;1092;2074.8;300-799;100-400
154;Región Huetar Norte;1829;04610-2014;2-10-2;ALAJUELA;SAN CARLOS;210;FLORENCIA;ASADA CAIMITOS SAN FRANCISCO ;ASADA;Rural;3002497101;A;0;674;0;0;0;0;0;0;9;2021-04-26;674;1280.6;2359;4482.1;300-799;401-799
154;Región Huetar Norte;1844;04657-2014;2-10-1;ALAJUELA;SAN CARLOS;210;QUESADA;ASOCIACION ADMINISTRADORA DEL ACUEDUCTO RURAL DE PORVENIR ABAJO;ASADA;Rural;3002233409;D;0;47;0;0;0;0;0;0;;2020-01-01;47;89.3;164.5;312.55;0-99;0-99
154;Región Huetar Norte;1845;04658-2014;2-10-1;ALAJUELA;SAN CARLOS;210;QUESADA;RON RON ARRIBA DE QUESADA DE SAN CARLOS, ALAJUELA;ASADA;Rural;3002594132;D;94;0;0;0;0;0;0;0;;2018-12-19;94;178.6;329;625.1;0-99;0-99
154;Región Huetar Norte;1846;04659-2014;2-10-12;ALAJUELA;SAN CARLOS;210;MONTERREY;ASADA EL ALTO Y LA TORRE  ;ASADA;Rural;;C;0;283;0;0;0;0;0;0;4;2021-06-04;283;537.7;990.5;1881.95;100-299;100-400
154;Región Huetar Norte;1853;04684-2014;2-10-1;ALAJUELA;SAN CARLOS;210;QUESADA;SAN LUIS Y TESALIA DE QUESADA DE SAN CARLOS, ALAJUELA;ASADA;Rural;3002540315;D;5;59;0;0;0;0;0;0;;2019-12-13;64;121.6;224;425.6;0-99;0-99
154;Región Huetar Norte;1855;04686-2014;2-10-5;ALAJUELA;SAN CARLOS;210;VENECIA;ACUEDUCTO ADMINISTRADOR DEL AGUA DE LA UNION ESTE ;ASADA;Rural;3002259871;C;0;101;0;0;0;0;0;0;4;2020-01-01;101;191.9;353.5;671.65;100-299;100-400
154;Región Huetar Norte;1856;04687-2014;2-10-8;ALAJUELA;SAN CARLOS;210;LA TIGRA;SAN MIGUEL DE LA TIGRA DE SAN CARLOS, ALAJUELA;ASADA;Rural;3002425745;C;0;40;0;0;0;0;0;0;;2020-06-18;40;76;140;266;0-99;0-99
154;Región Huetar Norte;1857;04688-2014;2-10-10;ALAJUELA;SAN CARLOS;210;VENADO;ASOCIACIÓN  DE DESARROLLO ASADA PUERTO  SECO;ASADA;Rural;3-002-346599;D;0;40;0;0;0;0;0;0;;2018-12-19;40;76;140;266;0-99;0-99
154;Región Huetar Norte;1858;04689-2014;2-10-11;ALAJUELA;SAN CARLOS;210;CUTRIS;ASADA BELLAVISTA  ;ASADA;Rural;3002611442;D;0;156;0;14;0;0;0;0;3;2020-01-01;170;323;595;1130.5;100-299;100-400
154;Región Huetar Norte;1862;04697-2014;2-10-11;ALAJUELA;SAN CARLOS;210;CUTRIS;ASADA  HEBRON  ;ASADA;Rural;3-002-600201;D;0;0;0;0;0;0;0;0;;2020-01-01;0;0;0;0;0-99;0-99
154;Región Huetar Norte;1868;04722-2014;2-10-11;ALAJUELA;SAN CARLOS;210;CUTRIS;ASADA LA CANGREJA, SAN VITO ;ASADA;Rural;3002690611;D;0;60;0;0;0;0;0;0;;2020-01-01;60;114;210;399;0-99;0-99
154;Región Huetar Norte;1870;04731-2014;2-10-8;ALAJUELA;SAN CARLOS;210;LA TIGRA;ASOCIACIÓN  DE ACUEDUCTO  RURAL LA TIGRA;ASADA;Rural;3002309055;B;0;630;0;0;0;0;0;0;5;2021-06-14;630;1197;2205;4189.5;300-799;401-799
154;Región Huetar Norte;1874;04752-2014;2-10-10;ALAJUELA;SAN CARLOS;210;VENADO;ASADA LA  TIGRA  DE  VENADO  ;ASADA;Rural;3-002-682460;C;62;0;0;0;0;0;0;0;;2021-05-11;62;117.8;217;412.3;0-99;0-99
154;Región Huetar Norte;1876;04754-2014;2-10-8;ALAJUELA;SAN CARLOS;210;LA TIGRA;ASADA BARRIO  SAN  MARCOS  ;ASADA;Rural;3002399934;D;0;105;0;0;0;0;0;0;;2020-05-28;105;199.5;367.5;698.25;100-299;100-400
154;Región Huetar Norte;1879;04764-2014;2-10-12;ALAJUELA;SAN CARLOS;210;MONTERREY;ASADA SAN JUAN  Y  SABALITO  ;ASADA;Rural;3-002-683744;C;0;189;0;0;0;0;0;0;;2020-04-08;189;359.1;661.5;1256.85;100-299;100-400
154;Región Huetar Norte;1880;04774-2014;2-10-10;ALAJUELA;SAN CARLOS;210;VENADO;ASADA ASENTAMIENTO  LA  MINA  ;ASADA;Rural;3002374825;C;0;48;0;0;0;0;0;0;;2020-06-30;48;91.2;168;319.2;0-99;0-99
154;Región Huetar Norte;3020;00624-2014;2-10-1;ALAJUELA;SAN CARLOS;210;QUESADA;SAN JUAN DE  QUESADA, SAN CARLOS ALAJUELA;ASADA;Rural;3002267755;C;700;0;0;0;0;0;0;0;12;2018-12-19;700;1330;2450;4655;300-799;401-799
154;Región Huetar Norte;4315;05178-2020;2-10-8;ALAJUELA;SAN CARLOS;210;LA TIGRA;SAN JOSÉ LA TIGRA;COOPERATIVA;Rural;;C;0;346;0;0;0;0;0;0;4;2021-04-27;346;657.4;1211;2300.9;300-799;100-400
30;Región Metropolitana;2336;00967-2014;4-6-2;HEREDIA;SAN ISIDRO;406;SAN JOSE;RESIDENCIAL LOMAS DEL ZURQUI DE SAN JOSECITO DE SAN ISIDRO ;ASADA;Rural;3002297158;A;2;366;0;3;0;0;0;0;;2020-05-08;371;704.9;1298.5;2467.15;300-799;100-400
30;Región Metropolitana;2355;04750-2014;4-6-3;HEREDIA;SAN ISIDRO;406;CONCEPCION;PUENTE DE TIERRA DE CONCEPCION DE SAN ISIDRO, HEREDIA;ASADA;Rural;3-002-609624;D;0;300;0;0;0;0;0;0;;2018-12-19;300;570;1050;1995;300-799;100-400
33;Región Pacífico Central;1558;00643-2014;2-4-2;ALAJUELA;SAN MATEO;204;DESMONTE;DESMONTE DE SAN MATEO, ALAJUELA;ASADA;Rural;3-002-462153;C;0;168;0;0;0;0;0;0;2;2018-12-19;168;319.2;588;1117.2;100-299;100-400
33;Región Pacífico Central;1560;00651-2014;2-4-1;ALAJUELA;SAN MATEO;204;SAN MATEO;MADERAL DE SAN MATEO, ALAJUELA;ASADA;Rural;3-002-248603;B;0;77;0;0;0;0;0;0;1;2018-12-19;77;146.3;269.5;512.05;0-99;0-99
33;Región Pacífico Central;1601;01129-2014;2-4-1;ALAJUELA;SAN MATEO;204;SAN MATEO;DULCE NOMBRE DE SAN MATEO DE ALAJUELA;ASADA;Rural;3-002-309717;C;0;36;0;0;0;0;0;0;;2018-12-19;36;68.4;126;239.4;0-99;0-99
33;Región Pacífico Central;1603;01131-2014;2-4-3;ALAJUELA;SAN MATEO;204;JESUS MARIA;LABRADOR ASENTAMIENTO ORICUAJO DE JESUS MARIA DE SAN MATEO, ;ASADA;Rural;3-002-262824;C;840;0;7;0;5;0;0;0;8;2018-12-19;852;1618.8;2982;5665.8;800 a más;800 a más
33;Región Pacífico Central;1863;04698-2014;2-4-1;ALAJUELA;SAN MATEO;204;SAN MATEO;ROMACRI DE SAN MATEO, ALAJUELA;ASADA;Rural;3-002-607031;D;0;113;0;0;0;0;0;0;;2020-03-16;113;214.7;395.5;751.45;100-299;100-400
30;Región Metropolitana;1865;04703-2014;2-4-2;ALAJUELA;SAN MATEO;204;DESMONTE;ZAPOTE Y ESTANQUILLOS DE JESUS DE ATENAS, ALAJUELA;ASADA;Rural;3-002-586132;D;0;46;0;0;0;0;0;0;;2018-12-19;46;87.4;161;305.9;0-99;0-99
33;Región Pacífico Central;1538;00029-2014;2-2-5;ALAJUELA;SAN RAMON;202;PIEDADES SUR;SAN MIGUEL DE PIEDADES SUR DE SAN RAMON, ALAJUELA;ASADA;Rural;3-002-228019;B;0;231;0;4;0;0;0;0;;2018-12-19;235;446.5;822.5;1562.75;100-299;100-400
33;Región Pacífico Central;1539;00334-2014;2-2-2;ALAJUELA;SAN RAMON;202;SANTIAGO;SAN JOSE DEL HIGUERON, LA ANGOSTURA DE SANTIAGO DE SAN RAMON;ASADA;Rural;3-002-361003;B;0;96;0;9;0;0;0;0;2;2020-03-30;105;199.5;367.5;698.25;100-299;100-400
33;Región Pacífico Central;1540;00337-2014;2-2-2;ALAJUELA;SAN RAMON;202;SANTIAGO;CALLE LEON EMPALME DE MAGALLANES DE SANTIAGO, SAN RAMON ALAJUELA;ASADA;Rural;3-002-232607;B;0;737;0;43;0;0;0;0;5;2019-12-16;780;1482;2730;5187;300-799;401-799
33;Región Pacífico Central;1542;00383-2014;2-2-5;ALAJUELA;SAN RAMON;202;PIEDADES SUR;QUEBRADILLA, SAN FRANCISCO LA GUARIA PIEDADES SUR;ASADA;Rural;3-002-204924;A;0;370;0;0;0;0;0;0;2;2020-02-05;370;703;1295;2460.5;300-799;100-400
33;Región Pacífico Central;1543;00388-2014;2-2-6;ALAJUELA;SAN RAMON;202;SAN RAFAEL;CALLE ZAMORA DE SAN RAFAEL DE SAN RAMON, ALAJUELA;ASADA;Rural;3-002-597877;B;0;441;0;21;0;0;0;0;6;2020-04-07;462;877.8;1617;3072.3;300-799;401-799
33;Región Pacífico Central;1544;00391-2014;2-2-6;ALAJUELA;SAN RAMON;202;SAN RAFAEL;LLANO BRENES DE SAN RAMON, ALAJUELA;ASADA;Rural;3-002-593960;B;0;205;0;0;0;0;0;0;1;2018-12-19;205;389.5;717.5;1363.25;100-299;100-400
33;Región Pacífico Central;1545;00396-2014;2-2-12;ALAJUELA;SAN RAMON;202;ZAPOTAL;SAN ANTONIO DE ZAPOTAL;ASADA;Rural;3-002-652983;D;65;0;0;0;0;0;0;0;;2018-12-19;65;123.5;227.5;432.25;0-99;0-99
33;Región Pacífico Central;1546;00397-2014;2-2-5;ALAJUELA;SAN RAMON;202;PIEDADES SUR;POTRERILLOS DE PIEDADES SUR DE SAN RAMON, ALAJUELA;ASADA;Rural;3-002-385483;C;0;75;0;0;0;0;0;0;;2020-02-06;75;142.5;262.5;498.75;0-99;0-99
33;Región Pacífico Central;1547;00404-2014;2-2-8;ALAJUELA;SAN RAMON;202;ANGELES;ANGELES SUR DE SAN RAMON, ALAJUELA ;ASADA;Rural;3-002-203268;B;0;282;0;0;0;0;0;0;8;2020-03-09;282;535.8;987;1875.3;100-299;100-400
33;Región Pacífico Central;1548;00405-2014;2-2-11;ALAJUELA;SAN RAMON;202;CONCEPCION;CONCEPCION DE SAN RAMON, ALAJUELA;ASADA;Rural;3002319720;A;0;935;0;0;0;0;0;0;9;2020-02-05;935;1776.5;3272.5;6217.75;800 a más;800 a más
154;Región Huetar Norte;1549;00434-2014;2-2-13;ALAJUELA;SAN RAMON;202;PENAS BLANCAS;VALLE AZUL Y LOS CRIQUES DE PEÑAS BLANCAS,SAN RAMON ALAJUELA;ASADA;Rural;3-002-231783;A;0;1379;0;0;0;0;0;0;23;2021-06-16;1379;2620.1;4826.5;9170.35;800 a más;800 a más
33;Región Pacífico Central;1550;00436-2014;2-2-10;ALAJUELA;SAN RAMON;202;VOLIO;VOLIO DE SAN RAMON, ALAJUELA;ASADA;Rural;3-002-240359;B;0;822;0;0;0;0;0;0;9;2020-01-17;822;1561.8;2877;5466.3;800 a más;800 a más
33;Región Pacífico Central;1551;00437-2014;2-2-7;ALAJUELA;SAN RAMON;202;SAN ISIDRO;SAN ISIDRO DE SAN RAMON ALAJUELA;ASADA;Rural;3-002-608150;B;0;736;0;18;0;0;0;0;17;2018-12-19;754;1432.6;2639;5014.1;300-799;401-799
33;Región Pacífico Central;1552;00440-2014;2-2-5;ALAJUELA;SAN RAMON;202;PIEDADES SUR;BARRIO EL CARMEN DE PIEDADES SUR, SAN RAMON ALAJUELA;ASADA;Rural;3-002-624660;D;1;54;0;0;0;0;0;0;1;2021-02-11;55;104.5;192.5;365.75;0-99;0-99
33;Región Pacífico Central;1553;00455-2014;2-2-5;ALAJUELA;SAN RAMON;202;PIEDADES SUR;BAJO BARRANTES DE PIEDADES SUR DE SAN RAMON, ALAJUELA;ASADA;Rural;3-002-658077;C;0;103;0;0;0;0;0;0;3;2020-02-07;103;195.7;360.5;684.95;100-299;100-400
154;Región Huetar Norte;1554;00461-2014;2-2-13;ALAJUELA;SAN RAMON;202;PENAS BLANCAS;JAURI DE PEÑAS BLANCAS, SAN RAMON ALAJUELA;ASADA;Rural;3-002-196602;B;0;374;0;0;0;0;0;0;5;2020-05-21;374;710.6;1309;2487.1;300-799;100-400
33;Región Pacífico Central;1555;00465-2014;2-2-5;ALAJUELA;SAN RAMON;202;PIEDADES SUR;EL SALVADOR DE PIEDADES SUR DE SAN RAMON ALAJUELA;ASADA;Rural;3-002-616270;C;0;85;0;0;0;0;0;0;1;2018-12-19;85;161.5;297.5;565.25;0-99;0-99
154;Región Huetar Norte;1557;00638-2014;2-2-13;ALAJUELA;SAN RAMON;202;PENAS BLANCAS;CHACHAGUA, PEÑAS BLANCAS SAN RAMON DE ALAJUELA;ASADA;Rural;3-002-194690;A;0;2801;0;0;0;0;0;0;25;2021-06-16;2801;5321.9;9803.5;18626.65;800 a más;800 a más
33;Región Pacífico Central;1643;01381-2014;2-2-6;ALAJUELA;SAN RAMON;202;SAN RAFAEL;RINCON OROZCO DE SAN RAFAEL DE SAN RAMON ALAJUELA;ASADA;Rural;3-002-209202;D;0;232;0;20;0;0;0;3;5;2018-12-19;255;484.5;892.5;1695.75;100-299;100-400
33;Región Pacífico Central;1644;01383-2014;2-2-6;ALAJUELA;SAN RAMON;202;SAN RAFAEL;SAN RAFAEL DE SAN RAMON, ALAJUELA;ASADA;Rural;3-002-367758;A;0;574;0;0;0;0;0;0;7;2019-10-31;574;1090.6;2009;3817.1;300-799;401-799
33;Región Pacífico Central;1770;04174-2014;2-2-2;ALAJUELA;SAN RAMON;202;SANTIAGO;SANTIAGO CENTRO DE SAN RAMON, ALAJUELA;ASADA;Rural;3-002-318021;B;466;0;0;0;0;0;0;0;8;2018-12-19;466;885.4;1631;3098.9;300-799;401-799
154;Región Huetar Norte;1800;04289-2014;2-2-13;ALAJUELA;SAN RAMON;202;PENAS BLANCAS;SANTA GERTRUDIS DE PEÑAS BLANCAS, SAN RAMON ALAJUELA;ASADA;Rural;3-002-220555;B;0;89;0;0;0;0;0;0;3;2020-05-21;89;169.1;311.5;591.85;0-99;0-99
33;Región Pacífico Central;1812;04468-2014;2-2-5;ALAJUELA;SAN RAMON;202;PIEDADES SUR;BUREAL DE PIEDADES DE SAN RAMON, ALAJUELA;ASADA;Rural;3-002-642563;C;0;80;0;0;0;0;0;0;;2019-04-05;80;152;280;532;0-99;0-99
33;Región Pacífico Central;1813;04469-2014;2-2-6;ALAJUELA;SAN RAMON;202;SAN RAFAEL;CALLE VARGAS Y CALLE CHAVARRIA DE BERLIN DE SAN RAMON, ALAJU;ASADA;Rural;3-002-376294;C;0;259;0;0;0;0;0;0;;2020-04-20;259;492.1;906.5;1722.35;100-299;100-400
154;Región Huetar Norte;1814;04472-2014;2-2-13;ALAJUELA;SAN RAMON;202;PENAS BLANCAS;CERRO ALEGRE DE PEÑAS BLANCAS DE SAN RAMON, ALAJUIELA;ASADA;Rural;3-002-609107;C;0;106;0;0;0;0;0;0;2;2020-05-08;106;201.4;371;704.9;100-299;100-400
154;Región Huetar Norte;1815;04475-2014;2-2-13;ALAJUELA;SAN RAMON;202;PENAS BLANCAS;EL CARMEN, LA BRUJA DE PEÑAS BLANCAS DE SAN RAMON, ALAJUELA;ASADA;Rural;3-002-617692;B;0;120;0;0;0;0;0;0;3;2021-05-05;120;228;420;798;100-299;100-400
154;Región Huetar Norte;1816;04476-2014;2-2-13;ALAJUELA;SAN RAMON;202;PENAS BLANCAS;EL CASTILLO DE PEÑAS BLANCAS DE SAN RAMON, ALAJUELA;ASADA;Rural;3002700962;C;0;112;0;0;0;0;0;0;;2020-05-28;112;212.8;392;744.8;100-299;100-400
33;Región Pacífico Central;1817;04478-2014;2-2-7;ALAJUELA;SAN RAMON;202;SAN ISIDRO;LA GUARIA DE SAN ISIDRO DE SAN RAMON, ALAJUELA;ASADA;Rural;3-002-302785;B;0;455;0;0;0;0;0;0;3;2019-03-18;455;864.5;1592.5;3025.75;300-799;401-799
154;Región Huetar Norte;1818;04480-2014;2-2-13;ALAJUELA;SAN RAMON;202;PENAS BLANCAS;LAS DELICIAS DE PEÑAS BLANCAS SAN RAMON, ALAJUELA;ASADA;Rural;3-002-205849;B;0;498;0;0;0;0;0;0;;2020-04-23;498;946.2;1743;3311.7;300-799;401-799
33;Región Pacífico Central;1819;04483-2014;2-2-5;ALAJUELA;SAN RAMON;202;PIEDADES SUR;PIEDADES SUR DE SAN RAMON, ALAJUELA;ASADA;Rural;3-002-302163;B;0;437;0;0;0;0;0;0;1;2020-07-22;437;830.3;1529.5;2906.05;300-799;401-799
33;Región Pacífico Central;1820;04486-2014;2-2-2;ALAJUELA;SAN RAMON;202;SANTIAGO;RIO JESUS DE SANTIAGO DE SAN RAMON, ALAJUELA;ASADA;Rural;3-002-566015;C;0;132;0;0;0;0;0;0;1;2018-12-19;132;250.8;462;877.8;100-299;100-400
154;Región Huetar Norte;1821;04487-2014;2-2-13;ALAJUELA;SAN RAMON;202;PENAS BLANCAS;SAN FRANCISCO DE PEÑAS BLANCAS DE SAN RAMON (BURRITO), ALAJU;ASADA;Rural;3-002-404411;B;0;107;0;0;0;0;0;0;3;2020-04-23;107;203.3;374.5;711.55;100-299;100-400
154;Región Huetar Norte;1822;04488-2014;2-2-13;ALAJUELA;SAN RAMON;202;PENAS BLANCAS;SAN ISIDRO SAN RAFAEL INVU DE PEÑAS BLANCAS DE SAN RAMON, A;ASADA;Rural;3-002-205858;A;0;1120;0;0;0;0;0;0;14;2021-06-15;1120;2128;3920;7448;800 a más;800 a más
154;Región Huetar Norte;1823;04490-2014;2-2-13;ALAJUELA;SAN RAMON;202;PENAS BLANCAS;SAN MARTIN DE PEÑAS BLANCAS DE SAN RAMON, ALAJUELA;ASADA;Rural;3-002-306043;B;0;211;0;0;0;0;0;0;3;2020-04-24;211;400.9;738.5;1403.15;100-299;100-400
33;Región Pacífico Central;1824;04492-2014;2-2-2;ALAJUELA;SAN RAMON;202;SANTIAGO;SANTIAGO SUR DE SAN RAMON, ALAJUELA;ASADA;Rural;3-002-189927;D;176;0;0;0;0;0;0;0;3;2018-12-19;176;334.4;616;1170.4;100-299;100-400
33;Región Pacífico Central;1825;04494-2014;2-2-8;ALAJUELA;SAN RAMON;202;ANGELES;ANGELES NORTE Y ALTO VILLEGAS DE VOLIO, DE SAN RAMON, ALAJUELA;ASADA;Rural;3-002-203772;B;0;600;0;0;0;0;0;0;2;2020-01-17;600;1140;2100;3990;300-799;401-799
33;Región Pacífico Central;1826;04497-2014;2-2-8;ALAJUELA;SAN RAMON;202;ANGELES;BAJO RODRIGUEZ;ASADA;Rural;3-002-273237;A;0;932;0;0;0;0;0;0;5;2020-03-09;932;1770.8;3262;6197.8;800 a más;800 a más
33;Región Pacífico Central;1827;04498-2014;2-2-8;ALAJUELA;SAN RAMON;202;ANGELES;BAJO ZUÑIGA DE ANGELES DE SAN RAMON, ALAJUELA;ASADA;Rural;3-002-316073;B;1;269;0;0;0;0;0;0;;2021-02-11;270;513;945;1795.5;100-299;100-400
33;Región Pacífico Central;1881;04775-2014;2-2-2;ALAJUELA;SAN RAMON;202;SANTIAGO;BALBOA DE SAN RAMON, ALAJUELA;ASADA;Rural;3-002-659020;D;0;28;0;0;0;0;0;0;;2020-02-07;28;53.2;98;186.2;0-99;0-99
30;Región Metropolitana;2791;00939-2014;1-9-3;SAN JOSE;SANTA ANA;109;POZOS;VALLE DEL SOL DE POZOS DE SANTA ANA, SAN JOSE ;ASADA;Rural;3-002-231615;B;0;398;0;0;0;0;0;0;23;2018-12-19;398;756.2;1393;2646.7;300-799;100-400
30;Región Metropolitana;4313;05176-2020;1-9-2;SAN JOSE;SANTA ANA;109;SALITRAL;BARRIO LOS MONTOYA;ASADA;Rural;;D;;;;;;;;;;;;;;;800 a más;800 a más
30;Región Metropolitana;2323;00535-2014;4-4-3;HEREDIA;SANTA BARBARA;404;SAN JUAN;URBANIZACION SAN MARCANDA DE SAN JUAN DE SANTA BARBARA, HDIA;ASADA;Urbana;3-002-466978;B;0;230;0;0;0;0;0;0;3;2018-12-19;230;437;805;1529.5;100-299;100-400
30;Región Metropolitana;2332;00959-2014;4-4-2;HEREDIA;SANTA BARBARA;404;SAN PEDRO;MARBELLA DE SAN PEDRO DE SANTA BARBARA, HEREDIA;ASADA;Urbana;3-002-395256;C;0;101;0;0;0;0;0;0;3;2018-12-19;101;191.9;353.5;671.65;100-299;100-400
30;Región Metropolitana;2334;00963-2014;4-4-5;HEREDIA;SANTA BARBARA;404;SANTO DOMINGO DEL ROBLE;LOS CARTAGOS DE SANTO DOMINGO DE SANTA BARBARA, HEREDIA;ASADA;Rural;3-002-259520;D;0;97;0;0;0;0;0;0;3;2018-12-19;97;184.3;339.5;645.05;0-99;0-99
30;Región Metropolitana;2335;00964-2014;4-4-6;HEREDIA;SANTA BARBARA;404;PURABA;CALLE LAJAS Y SAN BOSCO DE SANTA BARBARA, HEREDIA;ASADA;Rural;3-002-300167;B;0;770;0;0;0;0;0;0;11;2018-12-19;770;1463;2695;5120.5;300-799;401-799
30;Región Metropolitana;2351;04377-2014;4-4-4;HEREDIA;SANTA BARBARA;404;JESUS;CIFUENTES DE JESUS DE SANTA BARBARA, HEREDIA;ASADA;Rural;3-002-334121;B;0;255;0;0;0;0;0;0;2;2018-12-19;255;484.5;892.5;1695.75;100-299;100-400
30;Región Metropolitana;2352;04717-2014;4-4-2;HEREDIA;SANTA BARBARA;404;SAN PEDRO;RESIDENCIAL MEDINA DEL CAMPO DE SANTA BARBARA, HEREDIA;ASADA;Urbana;3-002-538469;C;0;77;0;0;0;0;0;0;1;2018-12-19;77;146.3;269.5;512.05;0-99;0-99
30;Región Metropolitana;2354;04747-2014;4-4-4;HEREDIA;SANTA BARBARA;404;JESUS;GRANO DE ORO BIBRI DE SANTA BARBARA, HEREDIA;ASADA;Rural;3002382958;D;;;;;;;;;;;;;;;800 a más;800 a más
30;Región Metropolitana;3144;04813-2016;4-4-3;HEREDIA;SANTA BARBARA;404;SAN JUAN;CONJUNTO HABITACIONAL KATSI;ASADA;Urbana;3-002-689344;C;0;71;0;0;0;0;0;0;5;2018-12-19;71;134.9;248.5;472.15;0-99;0-99
30;Región Metropolitana;4293;05156-2019;4-4-1;HEREDIA;SANTA BARBARA;404;SANTA BARBARA;RESIDENCIAL VISTAS DE SANTA BÁRBARA;ASADA;Rural;;D;;;;;;;;;;;;;;;800 a más;800 a más
30;Región Metropolitana;4297;05160-2019;4-4-2;HEREDIA;SANTA BARBARA;404;SAN PEDRO;VISTA FLOR;ASADA;Rural;;D;;;;;;;;;;;;;;;800 a más;800 a más
1276;Región Chorotega;2089;00098-2014;5-3-1;GUANACASTE;SANTA CRUZ;503;SANTA CRUZ;ARADO DE SANTA CRUZ, GUANACASTE;ASADA;Rural;3002247745;C;0;703;0;4;0;0;0;0;9;2020-01-01;707;1343.3;2474.5;4701.55;300-799;401-799
1276;Región Chorotega;2090;00099-2014;5-3-1;GUANACASTE;SANTA CRUZ;503;SANTA CRUZ;BARRIO LIMON DE SANTA CRUZ, GUANACASTE;ASADA;Rural;3002215876;C;0;481;0;15;0;0;0;0;5;2020-01-01;496;942.4;1736;3298.4;300-799;401-799
1276;Región Chorotega;2091;00100-2014;5-3-1;GUANACASTE;SANTA CRUZ;503;SANTA CRUZ;BERNABELA DE SANTA CRUZ, GUANACASTE ;ASADA;Rural;3002680716;C;0;179;0;6;0;0;0;0;1;2020-01-01;185;351.5;647.5;1230.25;100-299;100-400
1276;Región Chorotega;2092;00101-2014;5-3-3;GUANACASTE;SANTA CRUZ;503;VEINTISIETE DE ABRIL;LA FLORIDA DE VEINTISIETE DE ABRIL DE SANTA CRUZ, GUANACASTE;ASADA;Rural;3002669917;D;0;53;0;2;0;0;0;0;;2020-01-01;55;104.5;192.5;365.75;0-99;0-99
1276;Región Chorotega;2093;00102-2014;5-3-3;GUANACASTE;SANTA CRUZ;503;VEINTISIETE DE ABRIL;ASADA LAS PARCELAS DE VENADO;ASADA;Costera;3-002-671034;D;0;48;0;0;0;0;0;0;;2018-12-19;48;91.2;168;319.2;0-99;0-99
1276;Región Chorotega;2094;00103-2014;5-3-1;GUANACASTE;SANTA CRUZ;503;SANTA CRUZ;GUAYABAL DE SANTA CRUZ, GUANACASTE;ASADA;Rural;3002216936;B;0;265;0;9;0;0;0;0;5;2020-01-01;274;520.6;959;1822.1;100-299;100-400
1276;Región Chorotega;2095;00104-2014;5-3-3;GUANACASTE;SANTA CRUZ;503;VEINTISIETE DE ABRIL;SAN JOSE DE LA MONTAÑA DE VEINTISIETE DE ABIRL DE SANTA CRUZ;ASADA;Rural;3002447853;D;0;40;0;2;0;0;0;0;;2020-01-01;42;79.8;147;279.3;0-99;0-99
1276;Región Chorotega;2096;00105-2014;5-3-3;GUANACASTE;SANTA CRUZ;503;VEINTISIETE DE ABRIL;CEIBA 27 DE ABRIL DE SANTA CRUZ, GUANACASTE;ASADA;Rural;3-002-730858;D;0;69;0;0;0;0;0;0;;2018-12-19;69;131.1;241.5;458.85;0-99;0-99
1276;Región Chorotega;2097;00106-2014;5-3-1;GUANACASTE;SANTA CRUZ;503;SANTA CRUZ;MANCHON DE SANTA CRUZ, GUANACASTE ;ASADA;Rural;3002206338;D;0;178;0;0;0;0;0;0;3;2020-01-01;178;338.2;623;1183.7;100-299;100-400
1276;Región Chorotega;2098;00107-2014;5-3-1;GUANACASTE;SANTA CRUZ;503;SANTA CRUZ;SAN JUAN DE SANTA CRUZ, GUANACASTE;ASADA;Rural;3002375975;D;0;348;0;0;0;0;0;0;1;2020-10-06;348;661.2;1218;2314.2;300-799;100-400
1276;Región Chorotega;2099;00108-2014;5-3-1;GUANACASTE;SANTA CRUZ;503;SANTA CRUZ;SAN PEDRO DE SANTA CRUZ GUANACASTE;ASADA;Rural;3002193920;B;0;253;0;7;0;0;0;0;3;2020-01-01;260;494;910;1729;100-299;100-400
1276;Región Chorotega;2100;00109-2014;5-3-3;GUANACASTE;SANTA CRUZ;503;VEINTISIETE DE ABRIL;HATILLO DE VEINTISIETE DE ABRIL DE SANTA CRUZ, GUANACASTE ;ASADA;Rural; 3-002-572087;C;0;290;0;0;0;0;0;0;3;2020-03-10;290;551;1015;1928.5;100-299;100-400
1276;Región Chorotega;2101;00110-2014;5-3-9;GUANACASTE;SANTA CRUZ;503;TAMARINDO;HERNANDEZ DE TAMARINDO DE SANTA CRUZ, GUANACASTE;ASADA;Rural;3002466355;C;0;155;0;0;0;0;0;0;1;2020-01-01;155;294.5;542.5;1030.75;100-299;100-400
1276;Región Chorotega;2102;00111-2014;5-3-3;GUANACASTE;SANTA CRUZ;503;VEINTISIETE DE ABRIL;LOS RANCHOS DE VEINTISIETE DE ABRIL DE SANTA CRUZ, GUANACAST;ASADA;Rural;;D;0;128;0;0;0;0;0;0;;2020-01-01;128;243.2;448;851.2;100-299;100-400
1276;Región Chorotega;2103;00112-2014;5-3-3;GUANACASTE;SANTA CRUZ;503;VEINTISIETE DE ABRIL;PARAISO VEINTISIETE DE ABRIL DE SAN CRUZ GUANACASTE;ASADA;Costera;3002204923;C;0;571;0;17;0;3;0;2;4;2018-12-19;593;1126.7;2075.5;3943.45;300-799;401-799
1276;Región Chorotega;2104;00113-2014;5-3-3;GUANACASTE;SANTA CRUZ;503;VEINTISIETE DE ABRIL;PASO HONDO DE VEINTISIETE DE ABRIL DE SANTA CRUZ, GUANACASTE;ASADA;Rural;3002239950;D;0;0;4;0;0;0;0;0;1;2020-01-01;4;7.6;14;26.6;0-99;0-99
1276;Región Chorotega;2105;00114-2014;5-3-9;GUANACASTE;SANTA CRUZ;503;TAMARINDO;PLAYA TAMARINDO DE SANTA CRUZ, GUANACASTE;ASADA;Costera;3-002-248845;B;0;196;0;1450;0;0;0;11;28;2018-12-19;1657;3148.3;5799.5;11019.05;800 a más;800 a más
1276;Región Chorotega;2106;00115-2014;5-3-3;GUANACASTE;SANTA CRUZ;503;VEINTISIETE DE ABRIL;RIO SECO DE VEINTISIETE DE ABRIL DE SANTA CRUZ, GUANACASTE ;ASADA;Rural;3-002-307633;D;80;22;0;0;0;0;0;0;1;2018-12-19;102;193.8;357;678.3;100-299;100-400
1276;Región Chorotega;2107;00116-2014;5-3-3;GUANACASTE;SANTA CRUZ;503;VEINTISIETE DE ABRIL;SAN FRANCISCO DE VEINTISIETE DE ABRIL DE SANTA CRUZ, GUANACA;ASADA;Rural;3002670378;C;0;242;0;0;0;0;0;0;4;2020-01-01;242;459.8;847;1609.3;100-299;100-400
1276;Región Chorotega;2108;00117-2014;5-3-9;GUANACASTE;SANTA CRUZ;503;TAMARINDO;SAN JOSE PINILLA DE TAMARINDO DE SANTA CRUZ, GUANACASTE;ASADA;Costera;3002316074;C;0;194;0;30;0;0;0;0;;2020-01-01;224;425.6;784;1489.6;100-299;100-400
1276;Región Chorotega;2109;00118-2014;5-3-9;GUANACASTE;SANTA CRUZ;503;TAMARINDO;SANTA ROSA DE TAMARINDO DE SANTA CRUZ, GUANACASTE;ASADA;Rural;3002361224;A;0;644;0;23;0;0;0;0;15;2020-01-01;667;1267.3;2334.5;4435.55;300-799;401-799
1276;Región Chorotega;2110;00120-2014;5-3-3;GUANACASTE;SANTA CRUZ;503;VEINTISIETE DE ABRIL;SONCOYO DE VEINTISIETE DE ABRIL DE SANTA CRUZ, GUANACASTE;ASADA;Rural;3002360375;C;0;80;0;0;0;0;0;0;1;2020-01-01;80;152;280;532;0-99;0-99
1276;Región Chorotega;2111;00121-2014;5-3-3;GUANACASTE;SANTA CRUZ;503;VEINTISIETE DE ABRIL;TRAPICHE DE VEINTISIETE DE ABRIL DE SANTA CRUZ GUANACASTE;ASADA;Rural;3002325046;D;0;100;0;0;0;0;0;0;;2020-01-01;100;190;350;665;100-299;100-400
1276;Región Chorotega;2112;00122-2014;5-3-9;GUANACASTE;SANTA CRUZ;503;TAMARINDO;VILLARREAL DE TAMARINDO DE SANTA CRUZ, GUANACASTE;ASADA;Costera;3002292778;A;0;1197;0;68;0;0;0;0;19;2020-01-01;1265;2403.5;4427.5;8412.25;800 a más;800 a más
1276;Región Chorotega;2113;00123-2014;5-3-8;GUANACASTE;SANTA CRUZ;503;CABO VELAS;PLAYA BRASILITO DE CABO VELAS DE SANTA CRUZ GUANACASTE;ASADA;Costera;3-002-359310;B;0;229;0;130;0;0;0;0;5;2018-12-19;359;682.1;1256.5;2387.35;300-799;100-400
1276;Región Chorotega;2114;00124-2014;5-3-4;GUANACASTE;SANTA CRUZ;503;TEMPATE;LLANO EL CHORRO DE TEMPATE DE SANTA CRUZ GUANACASTE;ASADA;Rural;3-002-480205;C;0;485;0;15;0;0;0;0;5;2020-01-01;500;950;1750;3325;300-799;401-799
1276;Región Chorotega;2115;00126-2014;5-3-9;GUANACASTE;SANTA CRUZ;503;TAMARINDO;GARITA, LAJAS Y MANGOS DE CABO VELAS DE SANTA CRUZ, GUANACAS;ASADA;Rural;3002474212;B;0;784;0;27;0;0;0;0;7;2020-01-01;811;1540.9;2838.5;5393.15;800 a más;800 a más
1276;Región Chorotega;2116;00127-2014;5-3-4;GUANACASTE;SANTA CRUZ;503;TEMPATE;HUACAS DE TEMPATE DE SANTA CRUZ, GUANACASTE;ASADA;Rural;3002304741;B;0;377;0;109;0;0;0;0;2;2018-12-19;486;923.4;1701;3231.9;300-799;401-799
1276;Región Chorotega;2117;00128-2014;5-3-8;GUANACASTE;SANTA CRUZ;503;CABO VELAS;LOMAS DE MATAPALO DE CABO VELAS, SANTA CRUZ GUANACASTE ;ASADA;Rural;3-002-230450;C;0;520;0;0;0;0;0;0;5;2018-12-19;520;988;1820;3458;300-799;401-799
1276;Región Chorotega;2118;00129-2014;5-3-8;GUANACASTE;SANTA CRUZ;503;CABO VELAS;MATAPALO DE CABO VELAS DE SANTA CRUZ, GUANACASTE ;ASADA;Rural;3002349325;C;0;500;0;87;0;0;0;0;7;2020-01-01;587;1115.3;2054.5;3903.55;300-799;401-799
1276;Región Chorotega;2119;00130-2014;5-3-8;GUANACASTE;SANTA CRUZ;503;CABO VELAS;PLAYA GRANDE DE CABO VELAS DE SANTA CRUZ, GUANACASTE;ASADA;Costera;3002223050;B;0;160;0;121;0;0;0;0;15;2020-01-01;281;533.9;983.5;1868.65;100-299;100-400
1276;Región Chorotega;2120;00131-2014;5-3-5;GUANACASTE;SANTA CRUZ;503;CARTAGENA;LORENA DE CARTAGENA DE SANTA CRUZ, GUANACASTE;ASADA;Rural;3-002-469935;C;0;157;0;0;0;0;0;0;2;2018-12-19;157;298.3;549.5;1044.05;100-299;100-400
1276;Región Chorotega;2121;00135-2014;5-3-4;GUANACASTE;SANTA CRUZ;503;TEMPATE;SURF SIDE ASAPOTRERO DE TEMPATE DE SANTA CRUZ, GUANACASTE;ASADA;Costera;3-002-211310;A;0;354;0;41;0;0;0;0;7;2018-12-19;395;750.5;1382.5;2626.75;300-799;100-400
1276;Región Chorotega;2123;00138-2014;5-3-6;GUANACASTE;SANTA CRUZ;503;CUAJINIQUIL;OSTIONAL DE CUAJINIQUIL DE SANTA CRUZ, GUANACASTE ;ASADA;Costera;3002292328;C;0;143;0;12;0;0;0;0;8;2020-01-01;155;294.5;542.5;1030.75;100-299;100-400
1276;Región Chorotega;2124;00139-2014;5-3-6;GUANACASTE;SANTA CRUZ;503;CUAJINIQUIL;SAN JUANILLO DE CUAJINIQUIL DE SANTA CRUZ, GUANACASTE;ASADA;Costera;3002344578;D;0;140;0;0;0;0;0;0;1;2020-01-01;140;266;490;931;100-299;100-400
1276;Región Chorotega;2125;00140-2014;5-3-7;GUANACASTE;SANTA CRUZ;503;DIRIA;CHUMICO DE DIRIA DE SANTA CRUZ, GUANACASTE;ASADA;Rural;3002655347;D;0;113;0;4;0;0;0;0;2;2020-01-01;117;222.3;409.5;778.05;100-299;100-400
1276;Región Chorotega;2126;00141-2014;5-3-3;GUANACASTE;SANTA CRUZ;503;VEINTISIETE DE ABRIL;CAÑA FISTULA DE VEINTISIETE DE ABRIL DE SANTA CRUZ, GUANACAS;CAAR;Rural;;D;0;0;0;0;0;0;0;0;;2020-01-01;0;0;0;0;0-99;0-99
1276;Región Chorotega;2128;00143-2014;5-3-1;GUANACASTE;SANTA CRUZ;503;SANTA CRUZ;RIO CAÑAS VIEJO DE SANTA CRUZ, GUANACASTE;CAAR;Rural;3002650455;D;0;88;0;0;0;0;0;0;;2020-01-01;88;167.2;308;585.2;0-99;0-99
1276;Región Chorotega;2129;00145-2014;5-3-7;GUANACASTE;SANTA CRUZ;503;DIRIA;DIRIA DE SANTA CRUZ, GUANACASTE;ASADA;Rural;3002352220;C;0;150;0;0;0;0;0;0;1;2020-01-01;150;285;525;997.5;100-299;100-400
1276;Región Chorotega;2130;00147-2014;5-3-7;GUANACASTE;SANTA CRUZ;503;DIRIA;ESPAVELAR DE DIRIA DE SANTA CRUZ, GUANACASTE;CAAR;Rural;;D;0;0;0;0;0;0;0;0;;2020-01-01;0;0;0;0;0-99;0-99
1276;Región Chorotega;2131;00148-2014;5-3-7;GUANACASTE;SANTA CRUZ;503;DIRIA;GUAITIL DE DIRIA DE SANTA CRUZ GUANACASTE;ASADA;Rural;3002385208;C;0;209;0;0;0;0;0;0;;2020-01-01;209;397.1;731.5;1389.85;100-299;100-400
1276;Región Chorotega;2289;04437-2014;5-3-1;GUANACASTE;SANTA CRUZ;503;SANTA CRUZ;LOS ANGELES DE ARADO DE SANTA CRUZ, GUANACASTE;ASADA;Rural;3002501614;D;0;0;0;0;0;0;0;0;;2020-01-01;0;0;0;0;0-99;0-99
1276;Región Chorotega;2302;04597-2014;5-3-9;GUANACASTE;SANTA CRUZ;503;TAMARINDO;LOMAS, LA JOSEFINA Y LOS ROBLES DE TAMARINDO DE SANTA CRUZ,;ASADA;Rural;3002483894;D;96;18;0;0;0;0;0;0;6;2018-12-19;114;216.6;399;758.1;100-299;100-400
1276;Región Chorotega;2303;04624-2014;5-3-3;GUANACASTE;SANTA CRUZ;503;VEINTISIETE DE ABRIL;RIO TABACO DE 27 DE ABRIL DE SANTA CRUZ GUANACASTE;CAAR;Rural;;D;10;0;0;0;0;0;0;0;;2018-12-19;10;19;35;66.5;0-99;0-99
1276;Región Chorotega;2304;04674-2014;5-3-9;GUANACASTE;SANTA CRUZ;503;TAMARINDO;ALTOS DE PINILLA DE VEINTISIETE DE ABRIL DE SANTA CRUZ;ASADA;Rural;3002583839;C;0;68;0;15;0;0;0;0;2;2020-01-01;83;157.7;290.5;551.95;0-99;0-99
1276;Región Chorotega;2308;04682-2014;5-3-3;GUANACASTE;SANTA CRUZ;503;VEINTISIETE DE ABRIL;LA GUARIA DE VEINTISIETE DE ABRIL DESANTA CRUZ, GUANACASTE;CAAR;Rural;;D;0;49;0;0;0;0;0;0;;2020-01-01;49;93.1;171.5;325.85;0-99;0-99
1276;Región Chorotega;2310;04729-2014;5-3-8;GUANACASTE;SANTA CRUZ;503;CABO VELAS;FLAMINGO MAR VISTA ESTATES BRASILITO CABO VELAS DE STA CRUZ;ASADA;Costera;3002407015;C;0;103;0;1;0;0;0;0;1;2020-01-01;104;197.6;364;691.6;100-299;100-400
1276;Región Chorotega;2311;04766-2014;5-3-6;GUANACASTE;SANTA CRUZ;503;CUAJINIQUIL;PLAYA AZUL(SANTUARIO) DE CUAJINIQUIL DE SANTA CRUZ GUANACAST;ASADA;Costera;3-002-631999;C;36;0;0;0;0;0;0;0;;2018-12-19;36;68.4;126;239.4;0-99;0-99
1276;Región Chorotega;2312;04767-2014;5-3-6;GUANACASTE;SANTA CRUZ;503;CUAJINIQUIL;FINCA LOS SUEÑOS DE CUANIJINIQUIL DE SANTA CRUZ GUANACASTE;ASADA;Costera;3002620225;B;0;33;0;14;0;0;0;0;2;2020-01-01;47;89.3;164.5;312.55;0-99;0-99
1276;Región Chorotega;2315;04787-2014;5-3-3;GUANACASTE;SANTA CRUZ;503;VEINTISIETE DE ABRIL;CEBADILLA DE 27 ABRIL SANTA CRUZ TAMARINDO;CAAR;Rural;;D;0;52;0;0;0;0;0;0;3;2019-11-18;52;98.8;182;345.8;0-99;0-99
1276;Región Chorotega;2316;04790-2014;5-3-8;GUANACASTE;SANTA CRUZ;503;CABO VELAS;LAS PALMAS DE BRASILITO DE CABO VELAS DE SANTA CRUZ, GUANACA;ASADA;Costera;3-002-406021;C;0;37;0;0;0;0;0;0;5;2018-12-19;37;70.3;129.5;246.05;0-99;0-99
1276;Región Chorotega;2320;04803-2014;5-3-9;GUANACASTE;SANTA CRUZ;503;TAMARINDO;MALINCHES DE PINILLA;ASADA;Costera;3002619611;A;1;2890;0;0;0;0;0;0;106;2021-05-17;2891;5492.9;10118.5;19225.15;800 a más;800 a más
1276;Región Chorotega;2973;00132-2014;5-3-3;GUANACASTE;SANTA CRUZ;503;VEINTISIETE DE ABRIL;VENADO, LAGARTO Y CONGO NEGRO DE CUAJINIQUIL DE SANTA CRUZ, GUANACA;ASADA;Costera;3002510843;C;0;91;0;4;0;0;0;0;;2020-01-01;95;180.5;332.5;631.75;0-99;0-99
1276;Región Chorotega;2996;00136-2014;5-3-4;GUANACASTE;SANTA CRUZ;503;TEMPATE;PLAYA POTRERO DE TEMPATE DE SANTA CRUZ, GUANACASTE;ASADA;Costera;3-002-512128;C;0;325;0;0;0;0;0;0;12;2018-12-19;325;617.5;1137.5;2161.25;300-799;100-400
1276;Región Chorotega;4160;00119-2017;5-3-7;GUANACASTE;SANTA CRUZ;503;DIRIA;ASADA POLTA;ASADA;Rural;3-002-658471;D;0;175;0;0;0;0;0;0;;2018-12-19;175;332.5;612.5;1163.75;100-299;100-400
1276;Región Chorotega;4253;05118-2018;5-3-3;GUANACASTE;SANTA CRUZ;503;VEINTISIETE DE ABRIL;ASOCIACION ADMINISTRADORA DEL ACUEDUCTO RURAL CENTRO DE POBLACIÓN LA FLORCITA DE PARAISO DE SANTA CR;ASADA;Costera;3-002-407063;D;0;50;0;0;0;0;0;0;;2020-05-27;50;95;175;332.5;0-99;0-99
1276;Región Chorotega;4261;05126-2018;5-3-4;GUANACASTE;SANTA CRUZ;503;TEMPATE;LOMAS DEL PACIFICO;ASADA;Costera;3-002-707836;C;0;40;0;0;0;0;0;0;;2020-05-18;40;76;140;266;0-99;0-99
1276;Región Chorotega;4264;05129-2018;5-3-1;GUANACASTE;SANTA CRUZ;503;SANTA CRUZ;LAS TECAS, SANTA CRUZ;CAAR;Urbana;;D;0;61;0;0;0;0;0;0;;2020-01-01;61;115.9;213.5;405.65;0-99;0-99
1276;Región Chorotega;4265;05130-2018;5-3-1;GUANACASTE;SANTA CRUZ;503;SANTA CRUZ;PLAYA LAGARTO;ASADA;Costera;3-002-510843;D;0;0;0;0;0;0;0;0;;2020-01-01;0;0;0;0;0-99;0-99
1276;Región Chorotega;4308;00146-2020;5-3-7;GUANACASTE;SANTA CRUZ;503;DIRIA;ASADA DE SAN JUAN;ASADA;Rural;;D;0;26;0;0;0;0;0;0;;2020-01-01;26;49.4;91;172.9;0-99;0-99
30;Región Metropolitana;4294;05157-2019;4-3-2;HEREDIA;SANTO DOMINGO;403;SAN VICENTE;URBANIZACIÓN MONTE CARLO;ASADA;Rural;;D;;;;;;;;;;;;;;;800 a más;800 a más
30;Región Metropolitana;4295;05158-2019;4-3-3;HEREDIA;SANTO DOMINGO;403;SAN MIGUEL;CONDOMINIO EL SOCORRO;ASADA;Rural;;D;;;;;;;;;;;;;;;800 a más;800 a más
154;Región Huetar Norte;2338;01613-2014;4-10-1;HEREDIA;SARAPIQUI;410;PUERTO VIEJO;ACUEDUCTO ADMINISTRADOR DEL AGUA DE COLONIA JOSE ;ASADA;Rural;3002350042;B;0;241;0;0;0;0;0;0;2;2020-11-09;241;457.9;843.5;1602.65;100-299;100-400
154;Región Huetar Norte;2340;01624-2014;4-10-2;HEREDIA;SARAPIQUI;410;LA VIRGEN;ASADA LA VIRGEN  SARAPIQUI  ;ASADA;Rural;3002255845;D;200;1400;0;0;0;8;0;0;;2018-12-19;1608;3055.2;5628;10693.2;800 a más;800 a más
154;Región Huetar Norte;2341;01625-2014;4-10-2;HEREDIA;SARAPIQUI;410;LA VIRGEN;ASADA CHILAMATE;ASADA;Urbana;3002219677;B;0;2673;0;0;0;0;0;0;9;2020-10-22;2673;5078.7;9355.5;17775.45;800 a más;800 a más
154;Región Huetar Norte;2342;01626-2014;4-10-2;HEREDIA;SARAPIQUI;410;LA VIRGEN;ASOCIACIÓN  ADMINISTRADORA  DE  ACUEDUCTO  RURAL  DE  SAN RAMÓN  LA VIRGEN  ;ASADA;Rural;3002375468;B;210;157;0;28;0;0;0;3;;2018-12-19;398;756.2;1393;2646.7;300-799;100-400
154;Región Huetar Norte;2343;01632-2014;4-10-3;HEREDIA;SARAPIQUI;410;LAS HORQUETAS;ACUEDUCTO ADMINISTRADOR DEL AGUA DE FINCA 5 ;ASADA;Rural;3002594170;C;0;205;0;0;0;0;0;0;;2020-01-01;205;389.5;717.5;1363.25;100-299;100-400
154;Región Huetar Norte;2344;01633-2014;4-10-3;HEREDIA;SARAPIQUI;410;LAS HORQUETAS;ASOCIACIÓN  ADMINISTRADORA  ACUEDUCTO  DISTRITO HORQUETAS ;ASADA;Rural;3002167719;B;0;4882;0;349;0;0;0;0;45;2020-01-01;5231;9938.9;18308.5;34786.15;800 a más;800 a más
154;Región Huetar Norte;2345;01636-2014;4-10-1;HEREDIA;SARAPIQUI;410;PUERTO VIEJO;ASADA PABLO PRESBERE;ASADA;Rural;3002215877;B;0;2211;0;0;0;0;0;0;17;2020-06-16;2211;4200.9;7738.5;14703.15;800 a más;800 a más
154;Región Huetar Norte;2346;01637-2014;4-10-3;HEREDIA;SARAPIQUI;410;LAS HORQUETAS;ASOCIACIÓN  ADMINISTRADORA  DE ACUEDUCTO  Y ALCANTARIYADO  SANITARIO  DE SAN BERNARDINO;ASADA;Rural;3002356202;B;3;367;0;0;0;0;0;0;;2020-06-24;370;703;1295;2460.5;300-799;100-400
154;Región Huetar Norte;2347;01638-2014;4-10-3;HEREDIA;SARAPIQUI;410;LAS HORQUETAS;ACUEDUCTO ADMINISTRADOR DEL AGUA DE FINCA 1,2 Y 3.;ASADA;Urbana;3002396478;C;0;0;2;0;0;0;0;0;1;2020-01-01;2;3.8;7;13.3;0-99;0-99
154;Región Huetar Norte;2348;01640-2014;4-10-3;HEREDIA;SARAPIQUI;410;LAS HORQUETAS;ASOCIACIÓN  ADMINISTRADORA  DE  ACUEDUCTO  Y ALCANTARIYADO  LA LLORONA  ;ASADA;Rural;3002355543;B;0;273;0;33;0;0;0;0;;2020-01-01;306;581.4;1071;2034.9;300-799;100-400
154;Región Huetar Norte;2350;04265-2014;4-10-5;HEREDIA;SARAPIQUI;410;CURENA;ASOCIACION ADMINISTRADORA ALCANTARILLADO SANITARIO DE CUREÑA;CAAR;Rural;;D;0;51;0;0;0;0;0;0;;2020-01-01;51;96.9;178.5;339.15;0-99;0-99
154;Región Huetar Norte;2353;04724-2014;4-10-3;HEREDIA;SARAPIQUI;410;LAS HORQUETAS;ACUEDUCTO RURAL COLONIA  HUETARES;ASADA;Rural;3002376296;B;0;651;0;0;0;0;0;0;;2020-01-01;651;1236.9;2278.5;4329.15;300-799;401-799
154;Región Huetar Norte;2356;04798-2014;4-10-1;HEREDIA;SARAPIQUI;410;PUERTO VIEJO;ASADA DE JERUSALÉN DE SARAPIQUÍ;ASADA;Rural;3002623544;D;;;;;;;;;;;;;;;800 a más;800 a más
154;Región Huetar Norte;3021;01635-2014;4-10-3;HEREDIA;SARAPIQUI;410;LAS HORQUETAS;RESIDENCIAL ORNAMENTALES DE HORQUETAS DE SARAPIQUI, HEREDIA;ASADA;Rural;3002329702;D;0;52;0;0;0;0;0;1;2;2020-01-01;53;100.7;185.5;352.45;0-99;0-99
154;Región Huetar Norte;3146;04943-2017;4-10-2;HEREDIA;SARAPIQUI;410;LA VIRGEN;INTEGRADA SARAPIQUI;ASADA;Urbana;3-002-694003;B;0;3342;0;308;0;0;0;0;25;2020-01-01;3650;6935;12775;24272.5;800 a más;800 a más
37;Región Huetar Caribe;2391;01277-2014;7-3-1;LIMON;SIQUIRRES;703;SIQUIRRES;COCO Y MORAVIA DE SIQUIRRES, LIMON;ASADA;Rural;3-002-247148;A;0;526;0;0;0;0;0;0;8;2021-04-26;526;999.4;1841;3497.9;300-799;401-799
37;Región Huetar Caribe;2392;01281-2014;7-3-1;LIMON;SIQUIRRES;703;SIQUIRRES;MERYLAND, LOS ANGELES Y NUEVA VIRGINIA DE SIQUIRRES, LIMON;ASADA;Rural;3-002-305232;B;0;502;0;0;0;0;0;0;14;2021-05-26;502;953.8;1757;3338.3;300-799;401-799
37;Región Huetar Caribe;2393;01283-2014;7-3-1;LIMON;SIQUIRRES;703;SIQUIRRES;SANTO DOMINGO Y EL CARMEN DE SIQUIRRES, LIMON;ASADA;Rural;3-002-216589;A;0;287;0;0;0;0;0;0;3;2018-12-19;287;545.3;1004.5;1908.55;100-299;100-400
37;Región Huetar Caribe;2394;01286-2014;7-3-1;LIMON;SIQUIRRES;703;SIQUIRRES;NUEVA ESPERANZA DE SIQUIRRES, LIMON;ASADA;Rural;3-002-243538;C;0;205;0;0;0;0;0;1;1;2018-12-19;206;391.4;721;1369.9;100-299;100-400
37;Región Huetar Caribe;2395;01288-2014;7-3-1;LIMON;SIQUIRRES;703;SIQUIRRES;BARRAS DE PARISMINA DE SIQUIRRES, LIMON;ASADA;Costera;3-002-305436;D;0;156;0;0;0;0;0;6;;2018-12-19;162;307.8;567;1077.3;100-299;100-400
37;Región Huetar Caribe;2397;01294-2014;7-3-2;LIMON;SIQUIRRES;703;PACUARITO;SAN CARLOS DE PACUARITO DE SIQUIRRES, LIMON;ASADA;Rural;3-002-393536;B;0;181;0;3;0;0;0;0;2;2018-12-19;184;349.6;644;1223.6;100-299;100-400
37;Región Huetar Caribe;2398;01296-2014;7-3-3;LIMON;SIQUIRRES;703;FLORIDA;PASCUA DE LA FLORIDA DE SIQUIRRES, LIMON;CAAR;Rural;;D;30;0;0;0;0;0;0;0;;2018-12-19;30;57;105;199.5;0-99;0-99
37;Región Huetar Caribe;2399;01299-2014;7-3-3;LIMON;SIQUIRRES;703;FLORIDA;FLORIDA DE SIQUIRRES LIMON;ASADA;Rural;3-002-319750;C;106;479;0;0;0;0;0;0;12;2019-02-08;585;1111.5;2047.5;3890.25;300-799;401-799
37;Región Huetar Caribe;2401;01302-2014;7-3-4;LIMON;SIQUIRRES;703;GERMANIA;HEREDIANA DE GERMANIA DE SIQUIRRES, LIMON;ASADA;Rural;3-002-368392;A;1;2198;0;0;0;0;0;0;19;2021-05-28;2199;4178.1;7696.5;14623.35;800 a más;800 a más
37;Región Huetar Caribe;2402;01303-2014;7-3-4;LIMON;SIQUIRRES;703;GERMANIA;MILANO DE GERMANIA DE SIQUIRRES, LIMON;ASADA;Rural;3-002-330755;A;0;345;0;3;0;1;0;0;3;2020-09-11;349;663.1;1221.5;2320.85;300-799;100-400
37;Región Huetar Caribe;2404;01310-2014;7-3-6;LIMON;SIQUIRRES;703;LA ALEGRIA;PORTON IBERIA DE LA ALEGRIA DE SIQUIRRES, LIMON;ASADA;Rural;3-002-260350;C;75;174;1;0;0;0;0;0;;2018-12-19;250;475;875;1662.5;100-299;100-400
37;Región Huetar Caribe;2433;01351-2014;7-3-1;LIMON;SIQUIRRES;703;SIQUIRRES;SANTA MARTA DE SIQUIRRES, LIMON;CAAR;Rural;3-002-375095;D;0;120;0;0;0;0;0;0;;2018-12-19;120;228;420;798;100-299;100-400
37;Región Huetar Caribe;2450;04350-2014;7-3-1;LIMON;SIQUIRRES;703;SIQUIRRES;LINDA VISTA DE SIQUIRRES, LIMON;ASADA;Rural;3-002-330058;C;0;363;0;0;0;0;0;0;;2019-09-11;363;689.7;1270.5;2413.95;300-799;100-400
37;Región Huetar Caribe;2451;04351-2014;7-3-1;LIMON;SIQUIRRES;703;SIQUIRRES;LA LUCHA DE SAN ALBERTO DE SIQUIRRES, LIMON;ASADA;Rural;3-002-481000;B;112;0;0;0;0;0;1;0;;2018-12-19;113;214.7;395.5;751.45;100-299;100-400
37;Región Huetar Caribe;2452;04353-2014;7-3-1;LIMON;SIQUIRRES;703;SIQUIRRES;LAS PALMIRAS DE SIQUIRRES, LIMON;ASADA;Rural;3-002-373638;C;0;204;0;0;0;0;0;0;1;2018-12-19;204;387.6;714;1356.6;100-299;100-400
37;Región Huetar Caribe;2454;04356-2014;7-3-3;LIMON;SIQUIRRES;703;FLORIDA;SAN ANTONIO DE FLORIDA DE SIQUIRRES, LIMON;ASADA;Rural;3-002-638641;D;50;0;0;0;0;0;0;0;;2018-12-19;50;95;175;332.5;0-99;0-99
37;Región Huetar Caribe;2458;04397-2014;7-3-6;LIMON;SIQUIRRES;703;LA ALEGRIA;LA ALEGRIA DE SIQUIRRES, LIMON;ASADA;Rural;3-002-273603;B;0;864;0;0;0;0;0;0;8;2019-05-31;864;1641.6;3024;5745.6;800 a más;800 a más
37;Región Huetar Caribe;2475;04591-2014;7-3-2;LIMON;SIQUIRRES;703;PACUARITO;PUEBLO NUEVO DE PACUARITO DE SIQUIRRES, LIMON;ASADA;Rural;3-002-373379;B;85;71;0;2;0;0;0;0;4;2018-12-19;158;300.2;553;1050.7;100-299;100-400
37;Región Huetar Caribe;2477;04607-2014;7-3-1;LIMON;SIQUIRRES;703;SIQUIRRES;SAN JOAQUIN DE SIQUIRRES, LIMON;ASADA;Rural;3-002-212677;D;84;0;0;0;0;0;0;0;;2018-12-19;84;159.6;294;558.6;0-99;0-99
37;Región Huetar Caribe;2489;04718-2014;7-3-2;LIMON;SIQUIRRES;703;PACUARITO;LA PERLA DE PACUARITO DE SIQUIRRES, LIMON;ASADA;Rural;3-002-202758;A;0;238;0;0;0;0;0;0;3;2020-04-06;238;452.2;833;1582.7;100-299;100-400
37;Región Huetar Caribe;2495;04797-2014;7-3-2;LIMON;SIQUIRRES;703;PACUARITO;CULTIVEZ;ASADA;Rural;3-002-350043;C;99;0;0;0;0;0;0;0;;2018-12-19;99;188.1;346.5;658.35;0-99;0-99
37;Región Huetar Caribe;3032;04663-2014;7-3-1;LIMON;SIQUIRRES;703;SIQUIRRES;SAN LORENZO GUAYACAN DE SIQUIRRRES, LIMON;ASADA;Rural;3-002-678149;A;0;126;0;4;0;0;0;0;1;2020-07-23;130;247;455;864.5;100-299;100-400
37;Región Huetar Caribe;3140;04809-2016;7-3-5;LIMON;SIQUIRRES;703;EL CAIRO;ASADA INTEGRADA DISTRITO EL CAIRO DE SIQUIRRES;ASADA;Rural;3-002-722618;A;1;1282;0;0;0;0;0;0;;2021-06-01;1283;2437.7;4490.5;8531.95;800 a más;800 a más
37;Región Huetar Caribe;4275;05138-2019;7-3-1;LIMON;SIQUIRRES;703;SIQUIRRES;LA LEONA;CAAR;Rural;;D;;;;;;;;;;;;;;;800 a más;800 a más
37;Región Huetar Caribe;2405;01312-2014;7-4-1;LIMON;TALAMANCA;704;BRATSI;BRI BRI DE BRATSI DE TALAMANCA, LIMON;ASADA;Rural;3-002-194409;A;0;679;0;81;0;13;0;25;7;2018-12-19;798;1516.2;2793;5306.7;300-799;401-799
37;Región Huetar Caribe;2406;01313-2014;7-4-1;LIMON;TALAMANCA;704;BRATSI;SHIROLES DE BRATSI DE TALAMANCA, LIMON;ASOCIACION DE DESARROLLO INDIGENA;Rural Indígena;;C;0;216;0;0;0;4;0;0;;2018-12-19;220;418;770;1463;100-299;100-400
37;Región Huetar Caribe;2409;01317-2014;7-4-1;LIMON;TALAMANCA;704;BRATSI;SURETKA DE BRATSI DE TALAMANCA, LIMON;ASOCIACION DE DESARROLLO INDIGENA;Rural Indígena;;C;0;355;0;0;0;0;0;0;;2021-02-10;355;674.5;1242.5;2360.75;300-799;100-400
37;Región Huetar Caribe;2410;01318-2014;7-4-1;LIMON;TALAMANCA;704;BRATSI;CHASE DE BRATSI DE TALAMANCA, LIMON;ASOCIACION DE DESARROLLO INDIGENA;Rural;;D;96;0;0;0;0;0;0;0;;2018-12-19;96;182.4;336;638.4;0-99;0-99
37;Región Huetar Caribe;2411;01320-2014;7-4-1;LIMON;TALAMANCA;704;BRATSI;RANCHO GRANDE DE BRATSI DE TALAMANCA, LIMON;ASOCIACION DE DESARROLLO INDIGENA;Rural Indígena;;D;0;66;0;0;0;0;0;0;;2020-05-14;66;125.4;231;438.9;0-99;0-99
37;Región Huetar Caribe;2412;01321-2014;7-4-1;LIMON;TALAMANCA;704;BRATSI;BAMBU DE BRATSI DE TALAMANCA, LIMON;ASOCIACION DE DESARROLLO INDIGENA;Rural Indígena;;D;91;0;0;0;0;0;0;0;;2018-12-19;91;172.9;318.5;605.15;0-99;0-99
37;Región Huetar Caribe;2415;01325-2014;7-4-2;LIMON;TALAMANCA;704;SIXAOLA;GANDOCA DE SIXAOLA DE TALAMANCA, LIMON;ASADA;Costera;3-002-258251;C;0;88;0;0;0;0;0;0;;2019-05-24;88;167.2;308;585.2;0-99;0-99
37;Región Huetar Caribe;2417;01328-2014;7-4-2;LIMON;TALAMANCA;704;SIXAOLA;MARGARITA DE SIXAOLA DE TALAMANCA, LIMON;CAAR;Rural;;D;115;215;0;0;0;0;0;0;;2018-12-19;330;627;1155;2194.5;300-799;100-400
37;Región Huetar Caribe;2419;01330-2014;7-4-3;LIMON;TALAMANCA;704;CAHUITA;SAN RAFAEL Y BORDON DE CAHUITA DE TALAMANCA, LIMON;ASADA;Rural;3-002-374240;D;5;58;0;0;0;0;0;0;;2020-12-14;63;119.7;220.5;418.95;0-99;0-99
37;Región Huetar Caribe;2420;01332-2014;7-4-3;LIMON;TALAMANCA;704;CAHUITA;COCLES DE CAHUITA DE TALAMANCA, LIMON;ASADA;Costera;3-002-348043;D;0;370;0;0;0;0;0;0;;2018-12-19;370;703;1295;2460.5;300-799;100-400
37;Región Huetar Caribe;2421;01333-2014;7-4-3;LIMON;TALAMANCA;704;CAHUITA;BORDON DE CAHUITA DE TALAMANCA, LIMON;ASADA;Rural;3-002-333488;C;0;102;0;0;0;0;0;0;;2020-10-29;102;193.8;357;678.3;100-299;100-400
37;Región Huetar Caribe;2424;01338-2014;7-4-4;LIMON;TALAMANCA;704;TELIRE;SEPECUE Y MOJONCITO DE BRATSI DE TALAMANCA, LIMON;ASOCIACION DE DESARROLLO INDIGENA;Rural Indígena;3-002-616886;D;360;0;0;0;0;0;0;0;;2020-05-13;360;684;1260;2394;300-799;100-400
37;Región Huetar Caribe;2425;01340-2014;7-4-4;LIMON;TALAMANCA;704;TELIRE;KATSI DE BRATSI DE TALAMANCA, LIMON;ASOCIACION DE DESARROLLO INDIGENA;Rural Indígena;;D;0;22;0;0;0;3;0;0;;2018-12-19;25;47.5;87.5;166.25;0-99;0-99
37;Región Huetar Caribe;2426;01341-2014;7-4-1;LIMON;TALAMANCA;704;BRATSI;AMUBRI-CACHABRI-SUIRRI DE BRATSI DE TALAMANCA, LIMON;ASOCIACION DE DESARROLLO INDIGENA;Rural Indígena;3002663876;D;570;0;0;0;0;0;0;0;;2019-10-08;570;1083;1995;3790.5;300-799;401-799
37;Región Huetar Caribe;2465;04454-2014;7-4-4;LIMON;TALAMANCA;704;TELIRE;DURURPE Y SANTA ELENA DE BRATSI DE TALAMANCA, LIMON;ASOCIACION DE DESARROLLO INDIGENA;Rural Indígena;;D;27;0;0;0;0;0;0;0;;2018-12-19;27;51.3;94.5;179.55;0-99;0-99
37;Región Huetar Caribe;2474;04590-2014;7-4-3;LIMON;TALAMANCA;704;CAHUITA;LIMONAL Y EL GUAYABO DE CAHUITA DE TALAMANCA, LIMON;ASADA;Costera;3-002-359653;B;0;120;0;4;0;0;0;0;;2018-12-19;124;235.6;434;824.6;100-299;100-400
37;Región Huetar Caribe;2482;04649-2014;7-4-3;LIMON;TALAMANCA;704;CAHUITA;CARBON DOS Y DINDIRI DE CAHUITA DE TALAMANCA, LIMON;ASADA;Costera;3-002-692806;C;50;0;0;0;0;0;0;0;;2018-12-19;50;95;175;332.5;0-99;0-99
37;Región Huetar Caribe;2483;04654-2014;7-4-1;LIMON;TALAMANCA;704;BRATSI;AKBERIE Y PIEDRA GRANDE DE BRATSI DE TALAMANCA, LIMON;ASOCIACION DE DESARROLLO INDIGENA;Rural Indígena;;D;16;0;0;0;0;0;0;0;;2018-12-19;16;30.4;56;106.4;0-99;0-99
37;Región Huetar Caribe;2484;04655-2014;7-4-1;LIMON;TALAMANCA;704;BRATSI;GABILAN CANTA DE BRATSI DE TALAMANCA, LIMON;ASOCIACION DE DESARROLLO INDIGENA;Rural Indígena;;D;24;0;0;0;0;0;0;0;;2018-12-19;24;45.6;84;159.6;0-99;0-99
37;Región Huetar Caribe;2485;04656-2014;7-4-1;LIMON;TALAMANCA;704;BRATSI;CHINA KICHA DE BRATSI DE TALAMANCA, LIMON;ASOCIACION DE DESARROLLO INDIGENA;Rural Indígena;;D;47;0;0;0;0;0;0;0;;2018-12-19;47;89.3;164.5;312.55;0-99;0-99
37;Región Huetar Caribe;2486;04662-2014;7-4-1;LIMON;TALAMANCA;704;BRATSI;BAJO BLEY DE DE BRATSI DE TALAMANCA, LIMON;ASOCIACION DE DESARROLLO INDIGENA;Rural Indígena;;D;;;;;;;;;;;;;;;800 a más;800 a más
37;Región Huetar Caribe;2492;04783-2014;7-4-1;LIMON;TALAMANCA;704;BRATSI;YORKIN DE BRATSI DE TALAMANCA, LIMON;ASOCIACION DE DESARROLLO INDIGENA;Rural Indígena;3002314914;D;27;0;0;0;0;0;0;0;;2018-12-19;27;51.3;94.5;179.55;0-99;0-99
37;Región Huetar Caribe;4223;05041-2018;7-4-1;LIMON;TALAMANCA;704;BRATSI;COMITÉ MINIACUEDUCTO SANTA FE;ASOCIACION DE DESARROLLO INDIGENA;Rural Indígena;;D;46;0;0;0;0;0;0;0;;2018-12-19;46;87.4;161;305.9;0-99;0-99
37;Región Huetar Caribe;4224;05042-2018;7-4-4;LIMON;TALAMANCA;704;TELIRE;COMITE DE COROMA Y BAJO CUEON;ASOCIACION DE DESARROLLO INDIGENA;Rural Indígena;;D;0;70;0;0;0;0;0;0;;2020-09-25;70;133;245;465.5;0-99;0-99
37;Región Huetar Caribe;4226;05044-2018;7-4-4;LIMON;TALAMANCA;704;TELIRE;COMITE DE AGUA DE SIBODI;ASOCIACION DE DESARROLLO INDIGENA;Rural Indígena;;D;0;5;0;0;0;0;0;0;;2018-12-19;5;9.5;17.5;33.25;0-99;0-99
37;Región Huetar Caribe;4312;05175-2020;7-4-1;LIMON;TALAMANCA;704;BRATSI;ASOCIACIÓN DE DESARROLLARLO INDÍGENA INTEGRAL RESERVA INDÍGENA CABECAR DE TALAMANCA;ASOCIACION DE DESARROLLO INDIGENA;Rural;3-002-071502;D;0;46;0;0;0;0;0;0;;2020-04-06;46;87.4;161;305.9;0-99;0-99
34;Región Central Este;2719;00781-2014;1-5-1;SAN JOSE;TARRAZU;105;SAN MARCOS;LA PASTORA Y TARRAZU DE SAN MARCOS DE TARRAZU, SAN JOSE;ASADA;Rural;3-002-212663;D;0;74;0;0;0;0;0;0;;2018-12-19;74;140.6;259;492.1;0-99;0-99
34;Región Central Este;2721;00826-2014;1-5-1;SAN JOSE;TARRAZU;105;SAN MARCOS;EL RODEO DE SAN MARCOS DE TARRUZU, SAN JOSE;ASADA;Rural;3-002-236767;C;0;687;0;13;0;0;0;0;11;2020-04-30;700;1330;2450;4655;300-799;401-799
34;Región Central Este;2722;00833-2014;1-5-1;SAN JOSE;TARRAZU;105;SAN MARCOS;SAN PEDRO Y SAN LUIS DE SAN MARCOS DE TARRAZU, SAN JOSE;ASADA;Rural;3-002-295452;C;0;203;0;7;0;0;0;0;2;2018-12-19;210;399;735;1396.5;100-299;100-400
34;Región Central Este;2723;00834-2014;1-5-1;SAN JOSE;TARRAZU;105;SAN MARCOS;EL LLANO DE LA PIEDRA DE SAN MARCOS DE TARRAZU SAN JOSE;ASADA;Rural;3-002-206195;C;0;101;0;3;0;0;0;0;6;2018-12-19;104;197.6;364;691.6;100-299;100-400
34;Región Central Este;2724;00836-2014;1-5-2;SAN JOSE;TARRAZU;105;SAN LORENZO;NAPOLES DE SAN LORENZO DE TARRAZU, SAN JOSE;ASADA;Rural;3-002-493764;D;0;53;0;2;0;0;0;0;;2018-12-19;55;104.5;192.5;365.75;0-99;0-99
34;Región Central Este;2726;00838-2014;1-5-2;SAN JOSE;TARRAZU;105;SAN LORENZO;ZAPOTAL DE SAN LORENZO DE TARRAZU, SAN JOSE;ASADA;Rural;3-002-616971;C;0;63;0;0;0;0;0;0;;2018-12-19;63;119.7;220.5;418.95;0-99;0-99
34;Región Central Este;2727;00839-2014;1-5-2;SAN JOSE;TARRAZU;105;SAN LORENZO;SAN MARTIN DE SAN LORENZO DE TARRAZU, SAN JOSE;ASADA;Rural;3-002-545175;C;0;37;0;0;0;0;0;4;;2018-12-19;41;77.9;143.5;272.65;0-99;0-99
34;Región Central Este;2728;00840-2014;1-5-2;SAN JOSE;TARRAZU;105;SAN LORENZO;QUEBRADA ARROYO DE SAN LORENZO DE TARRAZU, SAN JOSE;ASADA;Rural;3-002-510815;D;38;0;0;0;0;0;0;0;1;2018-12-19;38;72.2;133;252.7;0-99;0-99
34;Región Central Este;2729;00841-2014;1-5-2;SAN JOSE;TARRAZU;105;SAN LORENZO;SAN LORENZO DE TARRAZU, SAN JOSE;ASADA;Rural;3-002-223993;B;0;1022;0;66;0;0;0;0;5;2020-03-30;1088;2067.2;3808;7235.2;800 a más;800 a más
34;Región Central Este;2730;00842-2014;1-5-2;SAN JOSE;TARRAZU;105;SAN LORENZO;SAN BERNARDO DE TARRAZU, SAN JOSE;ASADA;Rural;3-002-536976;D;32;0;0;0;0;0;0;0;;2018-12-19;32;60.8;112;212.8;0-99;0-99
34;Región Central Este;2731;00844-2014;1-5-3;SAN JOSE;TARRAZU;105;SAN CARLOS;QUEBRADA SECA DE SAN CARLOS DE TARRAZU, SAN JOSE;CAAR;Rural;;D;40;0;0;0;0;0;0;0;;2018-12-19;40;76;140;266;0-99;0-99
34;Región Central Este;2732;00845-2014;1-5-3;SAN JOSE;TARRAZU;105;SAN CARLOS;SAN JERONIMO DE SAN CARLOS, TARRAZU SAN JOSE;ASADA;Rural;3-002-234557;C;7;105;0;0;0;0;0;0;;2018-12-19;112;212.8;392;744.8;100-299;100-400
34;Región Central Este;2733;00846-2014;1-5-3;SAN JOSE;TARRAZU;105;SAN CARLOS;SAN CARLOS DE TARRAZU, SAN JOSE;ASADA;Rural;3-002-308973;C;0;142;0;12;0;6;0;0;3;2018-12-19;160;304;560;1064;100-299;100-400
34;Región Central Este;2925;04426-2014;1-5-1;SAN JOSE;TARRAZU;105;SAN MARCOS;SANTA CECILIA DE SAN MARCOS DE TARRAZÚ, SAN JOSE;ASADA;Rural;3-002-274866;B;0;488;0;0;0;0;0;0;7;2018-12-19;488;927.2;1708;3245.2;300-799;401-799
34;Región Central Este;2926;04427-2014;1-5-3;SAN JOSE;TARRAZU;105;SAN CARLOS;BAJO SAN JOSÉ Y SAN FRANCISCO DE SAN LORENZO DE TARRAZÚ S.J;ASADA;Rural;3-002-308685;D;0;99;0;0;0;0;0;0;;2018-12-19;99;188.1;346.5;658.35;0-99;0-99
34;Región Central Este;2940;04602-2014;1-5-3;SAN JOSE;TARRAZU;105;SAN CARLOS;ALTO SAN JUAN DE SAN CARLOS DE TARRAZU, SAN JOSE;ASADA;Rural;3-002-658494;D;40;0;0;0;0;0;0;0;;2018-12-19;40;76;140;266;0-99;0-99
34;Región Central Este;2941;04603-2014;1-5-2;SAN JOSE;TARRAZU;105;SAN LORENZO;SANTA JUANA DE SAN LORENZO DE TARRAZU, SAN JOSE;ASADA;Rural;3-002-545482;D;0;13;0;6;0;0;0;0;;2018-12-19;19;36.1;66.5;126.35;0-99;0-99
1276;Región Chorotega;2201;00245-2014;5-8-1;GUANACASTE;TILARAN;508;TILARAN;ASENTAMIENTO MONSEÑOR MORERA DE TILARAN, GUANACASTE;ASADA;Rural;3-002-291122;D;0;163;0;0;0;0;0;0;1;2018-12-19;163;309.7;570.5;1083.95;100-299;100-400
1276;Región Chorotega;2202;00246-2014;5-8-1;GUANACASTE;TILARAN;508;TILARAN;EL SILENCIO DE TILARAN, GUANACASTE;ASADA;Rural;3-002-406500;D;45;0;0;0;0;0;0;0;;2018-12-19;45;85.5;157.5;299.25;0-99;0-99
1276;Región Chorotega;2203;00247-2014;5-8-1;GUANACASTE;TILARAN;508;TILARAN;SAN LUIS DE TILARAN, GUANACASTE;ASADA;Rural;3-002-224001;C;0;199;0;7;0;0;0;0;4;2021-05-14;206;391.4;721;1369.9;100-299;100-400
1276;Región Chorotega;2204;00248-2014;5-8-2;GUANACASTE;TILARAN;508;QUEBRADA GRANDE;CABECERAS DE QUEBRADA GRANDE DE TILARAN, GUANACASTE;ASADA;Rural;3-002-238627;C;0;263;0;5;0;3;0;0;;2018-12-19;271;514.9;948.5;1802.15;100-299;100-400
1276;Región Chorotega;2205;00249-2014;5-8-5;GUANACASTE;TILARAN;508;LIBANO;DOS SAN RAMON DEL LIBANO DE TILARAN, GUANACASTE;ASADA;Rural;3002565328;D;2;70;0;0;0;0;0;0;;2018-12-19;72;136.8;252;478.8;0-99;0-99
1276;Región Chorotega;2206;00250-2014;5-8-2;GUANACASTE;TILARAN;508;QUEBRADA GRANDE;FLORIDA Y PATIOS DE QUEBRADA GRANDE DE TILARAN, GUANACASTE;ASADA;Rural;3-002-582086;C;0;70;0;18;0;0;0;0;;2018-12-19;88;167.2;308;585.2;0-99;0-99
1276;Región Chorotega;2207;00252-2014;5-8-3;GUANACASTE;TILARAN;508;TRONADORA;RIO CHIQUITO ABAJO DE TRONADORA DE TILARAN, GUANACASTE;CAAR;Rural;;D;30;0;0;0;0;0;0;0;;2018-12-19;30;57;105;199.5;0-99;0-99
1276;Región Chorotega;2208;00253-2014;5-8-2;GUANACASTE;TILARAN;508;QUEBRADA GRANDE;SAN MIGUEL Y QUEBRADA GRANDE DE TILARAN, GUANACASTE ;ASADA;Rural;3-002-694913;D;0;40;0;0;0;0;0;0;;2018-12-19;40;76;140;266;0-99;0-99
1276;Región Chorotega;2209;00254-2014;5-8-3;GUANACASTE;TILARAN;508;TRONADORA;TRONADORA DE TILARAN, GUANACASTE;ASADA;Rural;3-002-311430;B;1;649;0;0;0;0;0;0;3;2021-02-16;650;1235;2275;4322.5;300-799;401-799
1276;Región Chorotega;2210;00255-2014;5-8-2;GUANACASTE;TILARAN;508;QUEBRADA GRANDE;ASOCIACION ADMINISTRADORA DE ACUEDUCTO Y ALCANTARILLADO SANITARIO DE LA ESPERANZA DE TILARAN;ASADA;Rural;3-002-603507;C;0;66;0;0;0;1;0;0;;2018-12-19;67;127.3;234.5;445.55;0-99;0-99
1276;Región Chorotega;2211;00256-2014;5-8-1;GUANACASTE;TILARAN;508;TILARAN;PARCELAS, QUEBRADA AZUL DE TILARAN GUANACASTE;ASADA;Rural;3-002-353053;B;0;380;0;0;0;0;0;0;1;2021-02-25;380;722;1330;2527;300-799;100-400
1276;Región Chorotega;2212;00257-2014;5-8-5;GUANACASTE;TILARAN;508;LIBANO;CERRO SAN JOSE DE LIBANO DE TILARAN, GUANACASTE;CAAR;Rural;;D;10;0;0;0;0;0;0;0;;2018-12-19;10;19;35;66.5;0-99;0-99
1276;Región Chorotega;2213;00258-2014;5-8-5;GUANACASTE;TILARAN;508;LIBANO;MARAVILLA DE LIBANO DE TILARAN, GUANACASTE ;ASADA;Rural;3-002-454433;D;22;0;0;0;0;0;4;0;;2018-12-19;26;49.4;91;172.9;0-99;0-99
1276;Región Chorotega;2214;00259-2014;5-8-5;GUANACASTE;TILARAN;508;LIBANO;SOLANIA LIBANO DE TILARAN GUANACASTE;ASADA;Rural;3-002-311744;D;0;115;0;0;0;0;0;0;;2020-04-13;115;218.5;402.5;764.75;100-299;100-400
1276;Región Chorotega;2215;00260-2014;5-8-2;GUANACASTE;TILARAN;508;QUEBRADA GRANDE;LAS NUBES DE QUEBRADA GRANDE DE TILARAN, GUANACASTE;ASADA;Rural;3-002-598740;C;0;50;0;0;0;0;0;1;;2021-05-24;51;96.9;178.5;339.15;0-99;0-99
1276;Región Chorotega;2216;00261-2014;5-8-6;GUANACASTE;TILARAN;508;TIERRAS MORENAS;EL AGUACATE DE TIERRAS MORENAS DE TILARAN, GUANACASTE;ASADA;Rural;3-002-611579;D;631;1;0;0;0;0;0;0;1;2021-04-28;632;1200.8;2212;4202.8;300-799;401-799
1276;Región Chorotega;2217;00262-2014;5-8-6;GUANACASTE;TILARAN;508;TIERRAS MORENAS;RIO PIEDRAS DE TIERRAS MORENAS DE TILARAN GUANACASTE;ASADA;Rural;3-002-321031;B;123;0;0;7;0;0;0;0;1;2018-12-19;130;247;455;864.5;100-299;100-400
1276;Región Chorotega;2218;00263-2014;5-8-6;GUANACASTE;TILARAN;508;TIERRAS MORENAS;SABALITO DE TIERRAS MORENAS DE TILARAN, GUANACASTE ;ASADA;Rural;3-002-342791;D;78;0;0;0;0;0;0;0;1;2018-12-19;78;148.2;273;518.7;0-99;0-99
1276;Región Chorotega;2219;00264-2014;5-8-7;GUANACASTE;TILARAN;508;ARENAL;NUEVO ARENAL DE TILARAN GUANACASTE;ASADA;Rural;3-002-343611;B;0;1133;0;107;0;10;0;0;8;2020-06-08;1250;2375;4375;8312.5;800 a más;800 a más
1276;Región Chorotega;2220;00265-2014;5-8-3;GUANACASTE;TILARAN;508;TRONADORA;VIEJO ARENAL DE TRONADORA DE TILARAN, GUANACASTE;ASADA;Rural;3002222025;D;0;33;0;0;0;0;0;1;;2018-12-19;34;64.6;119;226.1;0-99;0-99
1276;Región Chorotega;2300;04584-2014;5-8-2;GUANACASTE;TILARAN;508;QUEBRADA GRANDE;SAN RAMON DE QUEBRADA GRANDE DE TILARAN, GUANACASTE;ASADA;Rural;3-002-408724;D;0;46;0;4;1;0;1;0;;2018-12-19;52;98.8;182;345.8;0-99;0-99
1276;Región Chorotega;3000;00251-2014;5-8-2;GUANACASTE;TILARAN;508;QUEBRADA GRANDE;QUEBRADA GRANDE DE TILARAN, GUANACASTE;ASADA;Rural;3-002-228237;D;20;224;0;42;0;0;0;10;5;2018-12-19;296;562.4;1036;1968.4;100-299;100-400
34;Región Central Este;1919;00721-2014;3-5-1;CARTAGO;TURRIALBA;305;TURRIALBA;OJO DE AGUA DE SICTAYA, TURRIALBA CARTAGO ;ASADA;Rural;3-002-203775;C;0;525;0;9;0;0;0;0;14;2018-12-19;534;1014.6;1869;3551.1;300-799;401-799
34;Región Central Este;1920;00722-2014;3-5-1;CARTAGO;TURRIALBA;305;TURRIALBA;RESIDENCIAL EL COYOL DE TURRIALBA, CARTAGO;ASADA;Urbana;3-002-324544;D;0;657;0;0;0;0;0;0;11;2020-07-14;657;1248.3;2299.5;4369.05;300-799;401-799
34;Región Central Este;1921;00723-2014;3-5-1;CARTAGO;TURRIALBA;305;TURRIALBA;SAN JUAN NORTE Y SUR DE TURRIALBA, CARTAGO  ;ASADA;Rural;3-002-202761;B;0;1204;0;0;0;0;0;0;12;2020-08-20;1204;2287.6;4214;8006.6;800 a más;800 a más
34;Región Central Este;1922;00725-2014;3-5-1;CARTAGO;TURRIALBA;305;TURRIALBA;NUEVOS HORIZONTES DE TURRIALBA, CARTAGO  ;ASADA;Rural;3-002-302784;C;79;0;0;0;0;0;0;0;3;2018-12-19;79;150.1;276.5;525.35;0-99;0-99
34;Región Central Este;1923;00728-2014;3-5-1;CARTAGO;TURRIALBA;305;TURRIALBA;COLORADO Y LA ESMERALDA DE TURRILABA CARTAGO;ASADA;Rural;3-002-299889;C;0;378;0;2;0;0;0;0;2;2020-06-03;380;722;1330;2527;300-799;100-400
34;Región Central Este;1924;00730-2014;3-5-1;CARTAGO;TURRIALBA;305;TURRIALBA;CHIZ Y MURCIA DE TURRIALBA, CARTAGO ;ASADA;Rural;3-002-661484;D;20;0;3;0;0;0;0;0;;2018-12-19;23;43.7;80.5;152.95;0-99;0-99
34;Región Central Este;1925;00732-2014;3-5-11;CARTAGO;TURRIALBA;305;LA ISABEL;URBANIZACION TORREALBA DE LA ISABEL DE TURRIALBA, CARTAGO;ASADA;Urbana;3-002-277924;C;160;392;0;22;0;0;0;0;11;2018-12-19;574;1090.6;2009;3817.1;300-799;401-799
34;Región Central Este;1926;00733-2014;3-5-2;CARTAGO;TURRIALBA;305;LA SUIZA;LAS GOLONDRINAS DE LA SUIZA DE TURRIALBA, CARTAGO;ASADA;Urbana;3-002-577292;C;66;0;0;0;0;0;0;0;;2018-12-19;66;125.4;231;438.9;0-99;0-99
34;Región Central Este;1927;00737-2014;3-5-2;CARTAGO;TURRIALBA;305;LA SUIZA;EL PROGRESO DE LA SUIZA DE TURRIALBA, CARTAGO;ASADA;Rural;3-002-275513;D;0;30;0;0;0;0;0;0;;2018-12-19;30;57;105;199.5;0-99;0-99
34;Región Central Este;1928;00738-2014;3-5-2;CARTAGO;TURRIALBA;305;LA SUIZA;PACAYITAS DE LA SUIZA DE TURRIALBA, CARTAGO;ASADA;Rural;3002199205;D;200;0;0;0;0;0;0;0;;2018-12-19;200;380;700;1330;100-299;100-400
34;Región Central Este;1929;00740-2014;3-5-2;CARTAGO;TURRIALBA;305;LA SUIZA;LA SUIZA DE TURRIALBA, CARTAGO;ASADA;Rural;3-002-205851;A;0;1982;1;252;0;0;0;0;24;2020-06-04;2235;4246.5;7822.5;14862.75;800 a más;800 a más
34;Región Central Este;1930;00741-2014;3-5-2;CARTAGO;TURRIALBA;305;LA SUIZA;LAS COLONIAS DE LA SUIZA DE TURRIALBA, CARTAGO;ASADA;Rural;3-002-329217;D;75;0;0;0;0;0;0;0;;2018-12-19;75;142.5;262.5;498.75;0-99;0-99
34;Región Central Este;1931;00742-2014;3-5-2;CARTAGO;TURRIALBA;305;LA SUIZA;MOLLEJONES DE LA SUIZA DE TURRIALBA, CARTAGO;ASADA;Rural;3-002-213291;D;78;0;12;0;0;0;0;0;;2018-12-19;90;171;315;598.5;0-99;0-99
34;Región Central Este;1932;00743-2014;3-5-2;CARTAGO;TURRIALBA;305;LA SUIZA;EL CARMEN, EL SILENCIO Y CANADA DE LA SUIZA DE TURRIALBA,CTG;ASADA;Rural;3-002-215635;B;0;251;0;2;0;0;0;0;4;2020-09-01;253;480.7;885.5;1682.45;100-299;100-400
34;Región Central Este;1933;00744-2014;3-5-3;CARTAGO;TURRIALBA;305;PERALTA;PERALTA DE TURRIALBA, CARTAGO;ASADA;Rural;3-002-251103;D;101;0;0;0;0;0;0;0;;2018-12-19;101;191.9;353.5;671.65;100-299;100-400
34;Región Central Este;1934;00745-2014;3-5-3;CARTAGO;TURRIALBA;305;PERALTA;EL SEIS DE PERALTA DE TURRIALBA, CARTAGO;CAAR;Rural;3002292420;D;40;0;0;0;0;0;0;0;;2018-12-19;40;76;140;266;0-99;0-99
34;Región Central Este;1935;00747-2014;3-5-4;CARTAGO;TURRIALBA;305;SANTA CRUZ;LA PASTORA DE SANTA CRUZ DE TURRIALBA, CARTAGO;ASADA;Rural;3-002-313828;D;130;15;23;6;0;0;0;0;;2018-12-19;174;330.6;609;1157.1;100-299;100-400
34;Región Central Este;1936;00748-2014;3-5-4;CARTAGO;TURRIALBA;305;SANTA CRUZ;CALLE VARGAS DE SANTA CRUZ DE TURRIALBA, CARTAGO;ASADA;Rural;3-002-238430;D;76;0;37;0;0;0;0;0;;2018-12-19;113;214.7;395.5;751.45;100-299;100-400
34;Región Central Este;1937;00749-2014;3-5-4;CARTAGO;TURRIALBA;305;SANTA CRUZ;SANTA CRUZ DE TURRIALBA, CARTAGO;ASADA;Rural;3-002-257481;D;818;179;16;0;0;0;62;0;3;2018-12-19;1075;2042.5;3762.5;7148.75;800 a más;800 a más
34;Región Central Este;1938;00750-2014;3-5-4;CARTAGO;TURRIALBA;305;SANTA CRUZ;NUEVO SAN ANTONIO DE SANTA CRUZ, TURRIALBA CARTAGO;ASADA;Rural;3-002-740747;C;149;0;0;16;0;0;0;0;1;2018-12-19;165;313.5;577.5;1097.25;100-299;100-400
34;Región Central Este;1939;00751-2014;3-5-5;CARTAGO;TURRIALBA;305;SANTA TERESITA;GUAYABO ABAJO NUMERO DOS DE SANTA TERESITA DE TURRIALBA,CART;ASADA;Rural;3-002-420378;D;0;0;0;0;0;0;0;0;;2018-12-19;0;0;0;0;0-99;0-99
34;Región Central Este;1940;00752-2014;3-5-4;CARTAGO;TURRIALBA;305;SANTA CRUZ;VIRTUDES DE SANTA CRUZ DE TURRIALBA, CARTAGO;ASADA;Rural;3-002-351029;D;22;0;31;0;0;0;0;0;1;2018-12-19;53;100.7;185.5;352.45;0-99;0-99
34;Región Central Este;1941;00753-2014;3-5-5;CARTAGO;TURRIALBA;305;SANTA TERESITA;EL SAUCE DE SANTA TERESITA DE TURRIALBA, CARTAGO;ASADA;Rural;3-002-214427;D;548;0;0;0;0;0;0;0;2;2018-12-19;548;1041.2;1918;3644.2;300-799;401-799
34;Región Central Este;1942;00754-2014;3-5-5;CARTAGO;TURRIALBA;305;SANTA TERESITA;SANTA TERESITA DE TURRIALBA, CARTAGO;ASADA;Rural;3-002-199204;B;34;0;972;0;0;0;0;0;6;2020-04-16;1006;1911.4;3521;6689.9;800 a más;800 a más
34;Región Central Este;1943;00757-2014;3-5-5;CARTAGO;TURRIALBA;305;SANTA TERESITA;COLONIA GUAYABO DE SANTA TERESITA DE TURRIALBA CARTAGO;ASADA;Rural;3-002-221115;D;302;0;13;0;0;0;0;0;6;2018-12-19;315;598.5;1102.5;2094.75;300-799;100-400
34;Región Central Este;1944;00758-2014;3-5-5;CARTAGO;TURRIALBA;305;SANTA TERESITA;TORITO Y LA ORIETA DE SANTA TERESITA DE TURRIALBA, CARTAGO;ASADA;Rural;3-002-305384;C;98;2;24;0;0;0;0;0;1;2018-12-19;124;235.6;434;824.6;100-299;100-400
34;Región Central Este;1945;00759-2014;3-5-6;CARTAGO;TURRIALBA;305;PAVONES;JABILLOS DE PAVONES DE TURRIALBA, CARTAGO;ASADA;Rural;3-002-213392;D;135;332;5;0;0;4;0;0;2;2018-12-19;476;904.4;1666;3165.4;300-799;401-799
34;Región Central Este;1946;00760-2014;3-5-6;CARTAGO;TURRIALBA;305;PAVONES;ESLABON DE PAVONES DE TURRIALBA, CARTAGO;ASADA;Rural;3-002-229602;C;256;0;14;0;0;0;0;0;2;2020-07-01;270;513;945;1795.5;100-299;100-400
34;Región Central Este;1947;00761-2014;3-5-6;CARTAGO;TURRIALBA;305;PAVONES;PAVONES DE TURRIALBA, CARTAGO;ASADA;Rural;3-002-232101;B;151;386;0;14;0;0;0;0;6;2020-07-01;551;1046.9;1928.5;3664.15;300-799;401-799
34;Región Central Este;1948;00763-2014;3-5-6;CARTAGO;TURRIALBA;305;PAVONES;SITIO DE MATA PAVONES DE TURRIALBA, CARTAGO;ASADA;Rural;3-002-230831;C;287;0;0;0;0;0;0;0;4;2018-12-19;287;545.3;1004.5;1908.55;100-299;100-400
34;Región Central Este;1949;00767-2014;3-5-7;CARTAGO;TURRIALBA;305;TUIS;MATA DE GUINEO DEL TUIS DE TURRIALBA, CARTAGO;CAAR;Rural;;D;22;0;0;0;0;0;0;0;;2018-12-19;22;41.8;77;146.3;0-99;0-99
34;Región Central Este;1951;00769-2014;3-5-7;CARTAGO;TURRIALBA;305;TUIS;CIEN MANZANAS Y SAN MIGUEL DE TUIS DE TURRIALBA, CARTAGO;ASADA;Rural;3-002-318028;D;0;115;0;0;0;0;0;0;;2020-06-08;115;218.5;402.5;764.75;100-299;100-400
34;Región Central Este;1952;00770-2014;3-5-7;CARTAGO;TURRIALBA;305;TUIS;SAN JOAQUIN DEL TUIS DE TURRIALBA, CARTAGO;ASADA;Rural;3-002-575217;D;0;96;0;0;0;0;0;0;;2018-12-19;96;182.4;336;638.4;0-99;0-99
34;Región Central Este;1953;00771-2014;3-5-7;CARTAGO;TURRIALBA;305;TUIS;LAS NUBES DE TUIS DE TURRIALBA, CARTAGO;ASADA;Rural;3-002-286988;D;92;32;0;0;0;0;0;0;;2018-12-19;124;235.6;434;824.6;100-299;100-400
34;Región Central Este;1954;00772-2014;3-5-8;CARTAGO;TURRIALBA;305;TAYUTIC;SANTUBAL Y PIEDRAS REDONDAS DE TAYUTIC, TURRIALBA CARTAGO;ASADA;Rural;3-002-683304;D;20;30;0;0;0;0;0;0;;2018-12-19;50;95;175;332.5;0-99;0-99
34;Región Central Este;1955;00773-2014;3-5-8;CARTAGO;TURRIALBA;305;TAYUTIC;JICOTEA DE TAYUTIC DE TURRIALBA, CARTAGO;ASADA;Rural;3-002-501881;D;93;0;3;0;0;0;0;0;;2018-12-19;96;182.4;336;638.4;0-99;0-99
34;Región Central Este;1956;00774-2014;3-5-8;CARTAGO;TURRIALBA;305;TAYUTIC;SAN MARTIN DE TAYUTIC DE TURRIALBA, CARTAGO;ASADA;Rural;3-002-424085;D;63;0;2;0;0;0;0;0;;2018-12-19;65;123.5;227.5;432.25;0-99;0-99
34;Región Central Este;1957;00775-2014;3-5-8;CARTAGO;TURRIALBA;305;TAYUTIC;SAN ANTONIO DE TAYUTIC DE TURRIALBA, CARTAGO;ASADA;Rural;3-002-647291;C;0;150;0;0;0;0;0;0;;2020-06-17;150;285;525;997.5;100-299;100-400
34;Región Central Este;1958;00776-2014;3-5-8;CARTAGO;TURRIALBA;305;TAYUTIC;BAJO PACUARE DE TAYUTIC DE TURRIALBA, CARTAGO;ASADA;Rural;3-002-639539;C;0;44;0;0;0;0;0;0;;2018-12-19;44;83.6;154;292.6;0-99;0-99
34;Región Central Este;1959;00778-2014;3-5-8;CARTAGO;TURRIALBA;305;TAYUTIC;DULCE NOMBRE DE TAYUTIC DE TURRIALBA, CARTAGO;ASADA;Rural;3-002-674992;D;160;0;0;0;0;0;0;0;;2018-12-19;160;304;560;1064;100-299;100-400
34;Región Central Este;1960;00780-2014;3-5-1;CARTAGO;TURRIALBA;305;TURRIALBA;AQUIARES DE TURRIALBA, CARTAGO;ASADA;Rural;3-002-248591;A;0;491;0;32;0;0;0;0;8;2020-08-15;523;993.7;1830.5;3477.95;300-799;401-799
34;Región Central Este;1961;00784-2014;3-5-9;CARTAGO;TURRIALBA;305;SANTA ROSA;RIO CLARO DE SANTA ROSA DE TURRIALBA, CARTAGO;ASADA;Rural;3-002-337182;B;150;894;0;0;0;0;0;0;1;2020-03-30;1044;1983.6;3654;6942.6;800 a más;800 a más
34;Región Central Este;1962;00785-2014;3-5-10;CARTAGO;TURRIALBA;305;TRES EQUIS;TRES EQUIS DE TURRIALBA CARTAGO;ASADA;Rural;3-002-225052;C;638;15;0;0;11;9;0;0;7;2018-12-19;673;1278.7;2355.5;4475.45;300-799;401-799
34;Región Central Este;1963;00787-2014;3-5-11;CARTAGO;TURRIALBA;305;LA ISABEL;EL MORA DE LA ISABEL DE TURRIALBA, CARTAGO  ;ASADA;Rural;3-002-292665;A;1;546;0;0;0;0;0;0;9;2018-12-19;547;1039.3;1914.5;3637.55;300-799;401-799
34;Región Central Este;1964;00788-2014;3-5-11;CARTAGO;TURRIALBA;305;LA ISABEL;NUEVOS OLIVOS DE LA ISABEL DE TURRIALBA, CARTAGO;ASADA;Rural;3-002-663604;D;99;0;0;0;0;0;0;0;2;2018-12-19;99;188.1;346.5;658.35;0-99;0-99
34;Región Central Este;1965;00791-2014;3-5-11;CARTAGO;TURRIALBA;305;LA ISABEL;ALTO VARAS DE ISABEL DE TURRIALBA, CARTAGO;ASADA;Rural;3-002-578168;C;176;114;0;0;0;0;0;0;;2018-12-19;290;551;1015;1928.5;100-299;100-400
34;Región Central Este;1966;00792-2014;3-5-12;CARTAGO;TURRIALBA;305;CHIRRIPO;GRANO ORO DE CHIRRIPO DE TURRIALBA, CARTAGO;ASADA;Rural;3-002-680933;D;167;0;11;0;0;0;2;0;;2018-12-19;180;342;630;1197;100-299;100-400
34;Región Central Este;1967;00795-2014;3-5-1;CARTAGO;TURRIALBA;305;TURRIALBA;EL RECREO DE TURRIALBA, CARTAGO;ASADA;Rural;3-002-300780;B;1;422;0;17;0;0;0;0;11;2018-12-19;440;836;1540;2926;300-799;401-799
34;Región Central Este;1986;04162-2014;3-5-7;CARTAGO;TURRIALBA;305;TUIS;TUIS DE TURRIALBA, CARTAGO;ASADA;Rural;3-002-245087;D;400;0;0;0;0;0;0;0;;2018-12-19;400;760;1400;2660;300-799;100-400
34;Región Central Este;1990;04247-2014;3-5-1;CARTAGO;TURRIALBA;305;TURRIALBA;CARMEN LYRA DE TURRIALBA, CARTAGO;ASADA;Rural;3-002-358973;B;104;623;2;11;0;0;0;0;11;2018-12-19;740;1406;2590;4921;300-799;401-799
34;Región Central Este;1991;04248-2014;3-5-5;CARTAGO;TURRIALBA;305;SANTA TERESITA;SAN RAMON DE SANTA TERESITA DE TURRIALBA, CARTAGO;ASADA;Rural;3-002-324657;B;0;195;0;19;0;0;0;0;2;2020-04-23;214;406.6;749;1423.1;100-299;100-400
34;Región Central Este;1992;04250-2014;3-5-9;CARTAGO;TURRIALBA;305;SANTA ROSA;SANTA ROSA DE TURRIALBA, CARTAGO;ASADA;Rural;3-002-296855;B;0;860;0;27;0;0;0;0;5;2020-03-05;887;1685.3;3104.5;5898.55;800 a más;800 a más
34;Región Central Este;1993;04251-2014;3-5-8;CARTAGO;TURRIALBA;305;TAYUTIC;PLATANILLO DE TAYUTIC DE TURRIALBA, CARTAGO;ASADA;Rural;3-002-534933;D;200;0;0;0;0;0;0;0;2;2018-12-19;200;380;700;1330;100-299;100-400
34;Región Central Este;1994;04252-2014;3-5-9;CARTAGO;TURRIALBA;305;SANTA ROSA;VERBENA SUR DE SANTA ROSA DE TURRIALBA, CARTAGO;ASADA;Rural;3-002-324542;C;115;32;0;3;0;0;0;0;;2018-12-19;150;285;525;997.5;100-299;100-400
34;Región Central Este;1998;04375-2014;3-5-4;CARTAGO;TURRIALBA;305;SANTA CRUZ;SANTA EDUVIGES, SAN DIEGO Y SAN ANTONIO SANTA CRUZ TURRIALBA;ASADA;Rural;3-002-330512;C;62;0;0;0;0;0;0;0;;2020-02-05;62;117.8;217;412.3;0-99;0-99
34;Región Central Este;2000;04407-2014;3-5-10;CARTAGO;TURRIALBA;305;TRES EQUIS;BAJO PACUARE DE TRES EQUIS DE TURRIALBA, CARTAGO;ASADA;Rural;3-002-213686;C;27;0;0;0;1;0;0;0;;2018-12-19;28;53.2;98;186.2;0-99;0-99
34;Región Central Este;2002;04432-2014;3-5-8;CARTAGO;TURRIALBA;305;TAYUTIC;SANTA ROSA DE TAYUTIC DE TURRIALBA, CARTAGO;CAAR;Rural;;D;21;0;0;0;0;0;0;0;;2018-12-19;21;39.9;73.5;139.65;0-99;0-99
34;Región Central Este;2004;04459-2014;3-5-10;CARTAGO;TURRIALBA;305;TRES EQUIS;LA FLOR TRES EQUIS DE TURRIALBA, CARTAGO;ASADA;Rural;3-002-653670;C;50;1;0;0;0;0;0;0;1;2018-12-19;51;96.9;178.5;339.15;0-99;0-99
34;Región Central Este;2019;04709-2014;3-5-2;CARTAGO;TURRIALBA;305;LA SUIZA;SILENCIO ARRIBA DE LA SUIZA DE TURRIALBA, CARTAGO;ASADA;Rural;3-002-642134;D;22;0;0;0;0;0;0;0;;2018-12-19;22;41.8;77;146.3;0-99;0-99
34;Región Central Este;2021;04772-2014;3-5-12;CARTAGO;TURRIALBA;305;CHIRRIPO;ALTO QUETZAL DE CHIRRIPO DE TURRIALBA, CARTAGO;ASADA;Rural Indígena;3-002-668732;D;0;48;0;0;0;0;0;0;;2018-12-19;48;91.2;168;319.2;0-99;0-99
34;Región Central Este;4218;00739-2014;3-5-2;CARTAGO;TURRIALBA;305;LA SUIZA;SANTA CRISTINA DE LA  SUIZA DE TURRIALBA, CARTAGO;ASADA;Rural;3-002-633270;C;0;36;0;2;0;0;0;0;;2018-12-19;38;72.2;133;252.7;0-99;0-99
30;Región Metropolitana;2839;01041-2014;1-16-3;SAN JOSE;TURRUBARES;116;SAN JUAN DE MATA;PASO AGRES DE SAN JUAN MATA DE TURRUBARES, SAN JOSE;ASADA;Rural;3-002-320743;C;0;168;0;5;0;0;0;0;2;2018-12-19;173;328.7;605.5;1150.45;100-299;100-400
30;Región Metropolitana;2840;01042-2014;1-16-3;SAN JOSE;TURRUBARES;116;SAN JUAN DE MATA;BAJO LAGUNA DE SAN JUAN DE MATA, TURRUBARES, SAN JOSE;ASADA;Rural;3-002-301411;D;0;129;0;2;0;0;0;0;1;2018-12-19;131;248.9;458.5;871.15;100-299;100-400
30;Región Metropolitana;2841;01043-2014;1-16-3;SAN JOSE;TURRUBARES;116;SAN JUAN DE MATA;ASENTAMIENTO DEL BARRO, TURRUBARES SAN JOSE;ASADA;Rural;3-002-252089;C;0;277;0;25;0;0;0;0;;2018-12-19;302;573.8;1057;2008.3;300-799;100-400
30;Región Metropolitana;2842;01045-2014;1-16-4;SAN JOSE;TURRUBARES;116;SAN LUIS;SAN FRANCISCO DE SAN LUIS DE TURRUBARES, SAN JOSE;ASADA;Rural;3-002-218538;D;0;184;0;0;0;0;0;0;4;2018-12-19;184;349.6;644;1223.6;100-299;100-400
30;Región Metropolitana;2843;01046-2014;1-16-4;SAN JOSE;TURRUBARES;116;SAN LUIS;POTENCIANA ARRIBA Y ABAJO DE SAN LUIS DE TURRUBARES, SAN JOS;ASADA;Rural;3-002-620044;D;22;0;0;0;0;0;0;0;;2018-12-19;22;41.8;77;146.3;0-99;0-99
30;Región Metropolitana;2844;01048-2014;1-16-5;SAN JOSE;TURRUBARES;116;CARARA;DELICIAS DE CARARA DE TURRUBARES SAN JOSE;ASADA;Rural;3-002-395307;D;0;70;0;0;0;0;0;0;;2018-12-19;70;133;245;465.5;0-99;0-99
30;Región Metropolitana;2845;01049-2014;1-16-5;SAN JOSE;TURRUBARES;116;CARARA;ANGOSTURA DE CARARA DE TURRUBARES, SAN JOSE;CAAR;Rural;;D;17;0;0;0;0;0;2;0;;2018-12-19;19;36.1;66.5;126.35;0-99;0-99
30;Región Metropolitana;2846;01050-2014;1-16-5;SAN JOSE;TURRUBARES;116;CARARA;MONTELIMAR(LOS SITIOS) DE CARARA DE TURRUBARES, SAN JOSE;CAAR;Rural;;D;57;0;0;0;0;0;3;0;;2018-12-19;60;114;210;399;0-99;0-99
30;Región Metropolitana;2847;01051-2014;1-16-5;SAN JOSE;TURRUBARES;116;CARARA;BIJAGUAL DE CARARA DE TURRUBARES, SAN JOSE;ASADA;Rural;3-002-201681;C;0;218;0;18;0;0;0;0;;2018-12-19;236;448.4;826;1569.4;100-299;100-400
30;Región Metropolitana;2848;01053-2014;1-16-5;SAN JOSE;TURRUBARES;116;CARARA;SUR DE CARARA DE TURRUBARES, SAN JOSE ;ASADA;Rural;3002528140;D;26;0;0;0;0;0;0;0;;2018-12-19;26;49.4;91;172.9;0-99;0-99
30;Región Metropolitana;2849;01054-2014;1-16-5;SAN JOSE;TURRUBARES;116;CARARA;PAVONA DE CARARA DE TURRUBARES SAN JOSE;ASADA;Rural;3-002-263491;D;29;0;1;0;0;0;0;0;;2018-12-19;30;57;105;199.5;0-99;0-99
30;Región Metropolitana;2850;01055-2014;1-16-5;SAN JOSE;TURRUBARES;116;CARARA;MATA DE PLATANO DE CARARA DE TURRUBARES, SAN JOSE;ASADA;Rural;3-002-583852;C;0;61;0;0;0;0;0;0;;2018-12-19;61;115.9;213.5;405.65;0-99;0-99
30;Región Metropolitana;2851;01056-2014;1-16-5;SAN JOSE;TURRUBARES;116;CARARA;SAN ISIDRO DE CARARA DE TURRUBARES, SAN JOSE;ASADA;Rural;3-002-686969;D;30;0;0;0;0;0;1;0;;2018-12-19;31;58.9;108.5;206.15;0-99;0-99
30;Región Metropolitana;2852;01057-2014;1-16-5;SAN JOSE;TURRUBARES;116;CARARA;SAN ANTONIO TULIN DE CARARA DE TURRUBARES, SAN JOSE;ASADA;Rural;3-002-577547;D;0;102;0;0;0;0;4;0;;2018-12-19;106;201.4;371;704.9;100-299;100-400
30;Región Metropolitana;2912;04160-2014;1-16-5;SAN JOSE;TURRUBARES;116;CARARA;ESPERANZA DE SAN JUAN MATA DE TURRUBARES, SAN JOSE;ASADA;Rural;3-002-657263;D;0;25;0;0;0;0;0;0;;2018-12-19;25;47.5;87.5;166.25;0-99;0-99
30;Región Metropolitana;2953;04725-2014;1-16-3;SAN JOSE;TURRUBARES;116;SAN JUAN DE MATA;QUEBRADA AZUL DE SAN JUAN MATA DE TURRUBARES, SAN JOSE;CAAR;Rural;;D;38;0;0;0;0;0;0;0;;2018-12-19;38;72.2;133;252.7;0-99;0-99
30;Región Metropolitana;2954;04726-2014;1-16-4;SAN JOSE;TURRUBARES;116;SAN LUIS;SAN LUIS DE TURRUBARES, SAN JOSE;ASADA;Rural;3-002-345932;D;50;0;0;0;0;0;0;0;1;2018-12-19;50;95;175;332.5;0-99;0-99
30;Región Metropolitana;4231;05050-2018;1-16-1;SAN JOSE;TURRUBARES;116;SAN PABLO;ASADA HACIENDA LOS MANANTIALES-ALTOS DE SAN PABLO;ASADA;Rural;3-002-668274;D;0;40;0;0;0;0;0;0;;2018-12-19;40;76;140;266;0-99;0-99
154;Región Huetar Norte;1536;00015-2014;2-13-3;ALAJUELA;UPALA;213;SAN JOSE O PIZOTE;SAN JOSE (PIZOTE) DE UPALA, ALAJUELA;ASADA;Rural;3002210110;A;0;2808;0;0;0;0;0;0;13;2021-05-13;2808;5335.2;9828;18673.2;800 a más;800 a más
154;Región Huetar Norte;1537;00023-2014;2-13-3;ALAJUELA;UPALA;213;SAN JOSE O PIZOTE;EL PROGRESO DE SAN JOSE DE UPALA, ALAJUELA;ASADA;Rural;3002202769;C;0;190;0;0;0;0;0;0;;2020-01-01;190;361;665;1263.5;100-299;100-400
154;Región Huetar Norte;1712;01514-2014;2-13-1;ALAJUELA;UPALA;213;UPALA;CANALETE DE UPALA, ALAJUELA;ASADA;Rural;3002236652;B;0;793;0;0;0;0;0;0;9;2020-05-15;793;1506.7;2775.5;5273.45;300-799;401-799
154;Región Huetar Norte;1715;01520-2014;2-13-1;ALAJUELA;UPALA;213;UPALA;PATA GALLO(NORTE) DE UPALA, ALJUELA;CAAR;Rural;;D;0;0;0;0;0;0;0;0;;2020-01-01;0;0;0;0;0-99;0-99
154;Región Huetar Norte;1717;01523-2014;2-13-1;ALAJUELA;UPALA;213;UPALA;PALMERA DE UPALA, ALAJUELA;ASADA;Rural;3002737285;D;50;0;0;0;0;0;0;0;;2020-04-29;50;95;175;332.5;0-99;0-99
154;Región Huetar Norte;1718;01524-2014;2-13-1;ALAJUELA;UPALA;213;UPALA;COLONIA PUNTARENAS DE UPALA, ALAJUELA;ASADA;Rural;3002206167;B;0;745;0;0;0;0;0;0;4;2020-04-13;745;1415.5;2607.5;4954.25;300-799;401-799
1276;Región Chorotega;1719;01525-2014;2-13-2;ALAJUELA;UPALA;213;AGUAS CLARAS;VALLE VERDE DE AGUAS CLARAS DE UPALA (PIRINEOS), ALAJUELA;ASADA;Rural;3-002-380225;C;143;0;0;0;0;0;0;0;;2018-12-19;143;271.7;500.5;950.95;100-299;100-400
1276;Región Chorotega;1720;01526-2014;2-13-2;ALAJUELA;UPALA;213;AGUAS CLARAS;EL CARMEN(GUAYABAL) DE AGUAS CLARAS DE UPALA, ALJUELA;ASADA;Rural;3-002-694999;D;101;0;10;0;0;0;0;0;;2018-12-19;111;210.9;388.5;738.15;100-299;100-400
1276;Región Chorotega;1721;01527-2014;2-13-2;ALAJUELA;UPALA;213;AGUAS CLARAS;RIO NEGRO DE AGUAS CLARAS DE UPALA, ALAJUELA;ASADA;Rural;3-002-212334;C;0;10;1;0;0;0;6;0;;2020-01-01;17;32.3;59.5;113.05;0-99;0-99
1276;Región Chorotega;1722;01528-2014;2-13-2;ALAJUELA;UPALA;213;AGUAS CLARAS;COLONIA LIBERTAD DE AGUAS CLARAS DE UPALA, ALAJUELA;ASADA;Rural;3002367339;D;0;1;0;1;0;0;0;0;;2020-01-01;2;3.8;7;13.3;0-99;0-99
1276;Región Chorotega;1723;01529-2014;2-13-2;ALAJUELA;UPALA;213;AGUAS CLARAS;EL PORVENIR DE AGUAS CLARAS DE UPALA, ALAJUELA;ASADA;Rural;3-002-205848;D;120;0;0;0;0;0;0;0;;2018-12-19;120;228;420;798;100-299;100-400
154;Región Huetar Norte;1724;01530-2014;2-13-2;ALAJUELA;UPALA;213;AGUAS CLARAS;SAN ISIDRO DE AGUAS CLARAS DE UPALA, ALAJUELA;ASADA;Rural;3002253107;A;0;498;0;0;0;0;0;0;6;2020-05-09;498;946.2;1743;3311.7;300-799;401-799
1276;Región Chorotega;1725;01533-2014;2-13-2;ALAJUELA;UPALA;213;AGUAS CLARAS;CUATRO BOCAS DE AGUAS CLARAS DE UPALA, ALAJUELA;ASADA;Rural;3-002-459052;D;0;170;0;10;0;0;0;0;;2020-01-01;180;342;630;1197;100-299;100-400
154;Región Huetar Norte;1727;01538-2014;2-13-3;ALAJUELA;UPALA;213;SAN JOSE O PIZOTE;ASOCIACIÓN ACUEDUCTO JESUS MARIA MORENO CAÑAS SANTA CLARA;ASADA;Rural;3-002-276664;B;0;643;0;0;0;0;0;0;5;2021-05-10;643;1221.7;2250.5;4275.95;300-799;401-799
154;Región Huetar Norte;1729;01543-2014;2-13-3;ALAJUELA;UPALA;213;SAN JOSE O PIZOTE;VALLE BONITO Y CAÑO BLANCO DE SAN JOSE DE UPALA, ALAJUELA;ASADA;Rural;3002209452;C;0;87;0;0;0;0;0;0;;2020-04-20;87;165.3;304.5;578.55;0-99;0-99
154;Región Huetar Norte;1731;01545-2014;2-13-4;ALAJUELA;UPALA;213;BIJAGUA;BIJAGUA DE UPALA, ALAJUELA;ASADA;Rural;3-002-626945;A;0;1825;0;0;0;0;0;0;13;2021-06-16;1825;3467.5;6387.5;12136.25;800 a más;800 a más
154;Región Huetar Norte;1733;01547-2014;2-13-4;ALAJUELA;UPALA;213;BIJAGUA;HIGUERON LLANO AZUL DE BIJAGUA DE UPALA ALAJUELA;ASADA;Rural;3002408523;C;0;850;0;0;0;0;0;0;5;2020-05-12;850;1615;2975;5652.5;800 a más;800 a más
154;Región Huetar Norte;1734;01551-2014;2-13-4;ALAJUELA;UPALA;213;BIJAGUA;ZAPOTE DE BIJAGUA DE UPALA, ALAJUELA;ASADA;Rural;3002673668;C;0;90;0;0;0;0;0;0;;2020-05-21;90;171;315;598.5;0-99;0-99
154;Región Huetar Norte;1735;01552-2014;2-13-4;ALAJUELA;UPALA;213;BIJAGUA;LAS FLORES DE BIJAGUA DE UPALA, ALAJUELA;ASADA;Rural;3002486214;D;0;130;0;0;0;0;0;0;;2020-06-02;130;247;455;864.5;100-299;100-400
154;Región Huetar Norte;1736;01553-2014;2-13-4;ALAJUELA;UPALA;213;BIJAGUA;SANTO DOMINGO DE BIJAGUA DE UPALA, ALAJUELA;ASADA;Rural;3-002-410835;C;0;55;0;0;0;0;0;0;;2020-04-20;55;104.5;192.5;365.75;0-99;0-99
154;Región Huetar Norte;1737;01554-2014;2-13-4;ALAJUELA;UPALA;213;BIJAGUA;EL SALTO DE BIJAGUA DE UPALA, ALAJUELA;ASADA;Rural;3-002-667595;D;89;21;0;0;0;0;0;0;;2020-06-04;110;209;385;731.5;100-299;100-400
154;Región Huetar Norte;1739;01558-2014;2-13-5;ALAJUELA;UPALA;213;DELICIAS;QUEBRADON DE LAS DELICIAS DE UPALA, ALAJUELA;ASADA;Rural;3002660662;B;0;306;0;0;0;0;0;0;;2020-04-15;306;581.4;1071;2034.9;300-799;100-400
1276;Región Chorotega;1741;01562-2014;2-13-6;ALAJUELA;UPALA;213;DOS RIOS;GAVILAN DE DOS RIOS DE UPALA ALAJUELA;ASADA;Rural;3-002-701285;C;0;210;0;0;0;0;0;0;;2020-05-22;210;399;735;1396.5;100-299;100-400
154;Región Huetar Norte;1742;01564-2014;2-13-6;ALAJUELA;UPALA;213;DOS RIOS;BIRMANIA DE DOS RIOS DE UPALA, ALAJUELA;ASADA;Rural;3002382480;D;0;83;0;0;0;0;0;0;;2021-02-24;83;157.7;290.5;551.95;0-99;0-99
154;Región Huetar Norte;1743;01565-2014;2-13-6;ALAJUELA;UPALA;213;DOS RIOS;RINCON DE LA VIEJA DE DOS RIOS DE UPALA, ALAJUELA;ASADA;Rural;3-002-481672;A;0;1178;0;0;0;0;0;0;;2021-05-12;1178;2238.2;4123;7833.7;800 a más;800 a más
154;Región Huetar Norte;1744;01567-2014;2-13-7;ALAJUELA;UPALA;213;YOLILLAL;LOS SANTOS DE YOLILLAL DE UPALA, ALAJUELA;ASADA;Rural;3002316985;A;0;2780;0;0;0;0;0;0;30;2021-04-27;2780;5282;9730;18487;800 a más;800 a más
154;Región Huetar Norte;1752;01593-2014;2-13-4;ALAJUELA;UPALA;213;BIJAGUA;SAN JORGE DE LOS CHILES, ALAJUELA;ASADA;Rural;3002286217;D;0;52;0;0;0;0;0;0;1;2020-01-01;52;98.8;182;345.8;0-99;0-99
154;Región Huetar Norte;1797;04229-2014;2-13-3;ALAJUELA;UPALA;213;SAN JOSE O PIZOTE;CARTAGOS NORTE DE SAN JOSE DE UPALA, ALAJUELA;ASADA;Rural;3002587700;C;0;182;0;0;0;0;0;0;1;2020-05-12;182;345.8;637;1210.3;100-299;100-400
154;Región Huetar Norte;1798;04231-2014;2-13-4;ALAJUELA;UPALA;213;BIJAGUA;SAN MIGUEL DE BIJAGUA DE UPALA, ALAJUELA;CAAR;Rural;3002351937;D;0;67;0;0;0;0;0;0;;2020-06-25;67;127.3;234.5;445.55;0-99;0-99
154;Región Huetar Norte;1831;04615-2014;2-13-1;ALAJUELA;UPALA;213;UPALA;SANTA ROSA DE UPALA, ALAJUELA;ASADA;Rural;3002379103;D;140;0;0;0;0;0;0;0;;2020-06-12;140;266;490;931;100-299;100-400
1276;Región Chorotega;1834;04618-2014;2-13-6;ALAJUELA;UPALA;213;DOS RIOS;ASENTAMIENTO MANZANARES DE DOS RÍOS DE UPALA, ALAJUELA;ASADA;Rural;3-002-322926;D;139;0;0;0;0;0;3;0;;2020-05-05;142;269.8;497;944.3;100-299;100-400
1276;Región Chorotega;1847;04660-2014;2-13-2;ALAJUELA;UPALA;213;AGUAS CLARAS;COLONIA BLANCA DE AGUAS CLARAS DE UPALA, ALAJUELA;ASADA;Rural;;D;0;0;0;0;0;0;0;0;;2020-01-01;0;0;0;0;0-99;0-99
1276;Región Chorotega;4286;05149-2019;2-13-2;ALAJUELA;UPALA;213;AGUAS CLARAS;AGUAS CLARAS;ASADA;Rural;3-002-210633;D;1;349;0;0;0;0;0;0;1;2021-04-19;350;665;1225;2327.5;300-799;100-400
154;Región Huetar Norte;4314;05177-2020;2-13-1;ALAJUELA;UPALA;213;UPALA;MIAGUA;ASADA;Rural;3002746009;D;160;0;0;0;0;0;0;0;;2020-05-18;160;304;560;1064;100-299;100-400
30;Región Metropolitana;1636;01206-2014;2-12-1;ALAJUELA;VALVERDE VEGA;212;SARCHI NORTE;LOS ANGELES DE SARCHI NORTE DE VALVERDE VEGA, ALAJUELA;ASADA;Rural;3-002-261925;D;80;0;0;0;0;0;0;0;;2018-12-19;80;152;280;532;0-99;0-99
30;Región Metropolitana;1637;01207-2014;2-12-1;ALAJUELA;VALVERDE VEGA;212;SARCHI NORTE;SAN RAFAEL DE SARCHI NORTE DE VALVERDE VEGA, ALAJUELA;ASADA;Rural;3-002-189369;C;5;256;0;4;0;0;0;0;3;2018-12-19;265;503.5;927.5;1762.25;100-299;100-400
30;Región Metropolitana;1638;01208-2014;2-12-2;ALAJUELA;VALVERDE VEGA;212;SARCHI SUR;ALTO CASTRO DE SARCHI DE VALVERDE VEGA, ALAJUELA;ASADA;Rural;3-002-623995;C;0;535;0;30;0;0;0;0;8;2018-12-19;565;1073.5;1977.5;3757.25;300-799;401-799
30;Región Metropolitana;1639;01210-2014;2-12-3;ALAJUELA;VALVERDE VEGA;212;TORO AMARILLO;BAJOS DEL TORO DE VALVERDE VEGA, ALAJUELA;ASADA;Rural; 3-002-384393;D;1;141;1;39;0;0;0;0;3;2018-12-19;182;345.8;637;1210.3;100-299;100-400
30;Región Metropolitana;1640;01211-2014;2-12-4;ALAJUELA;VALVERDE VEGA;212;SAN PEDRO;SAN PEDRO DE VALVERDE VEGA, ALAJUELA;ASADA;Rural;3-002-185053;B;529;0;0;0;0;0;0;0;7;2018-12-19;529;1005.1;1851.5;3517.85;300-799;401-799
30;Región Metropolitana;1641;01212-2014;2-12-4;ALAJUELA;VALVERDE VEGA;212;SAN PEDRO;SAN JOSE DE TROJAS DE SAN PEDRO DE VALVERDE VEGA, ALAJUELA;ASADA;Rural;3-002-261180;D;0;482;0;0;0;0;0;0;14;2018-12-19;482;915.8;1687;3205.3;300-799;401-799
30;Región Metropolitana;1642;01213-2014;2-12-4;ALAJUELA;VALVERDE VEGA;212;SAN PEDRO;CONCHA DE SAN PEDRO DE VALVERDE VEGA, ALAJUELA;ASADA;Rural;3-002-260346;D;195;0;0;0;0;0;0;0;2;2018-12-19;195;370.5;682.5;1296.75;100-299;100-400
30;Región Metropolitana;2793;00943-2014;1-11-2;SAN JOSE;VASQUEZ DE CORONADO;111;SAN RAFAEL;CASCAJAL DE SAN RAFAEL DE VAZQUEZ DE CORONADO;ASADA;Rural;3-002-281353;B;63;332;0;0;0;0;0;0;;2019-09-23;395;750.5;1382.5;2626.75;300-799;100-400
154;Región Huetar Norte;1706;01503-2014;2-11-2;ALAJUELA;ZARCERO;211;LAGUNA;LAGUNA DE ALFARO RUIZ, ALAJUELA;ASADA;Urbana;3-002-297484;B;0;670;0;0;0;0;0;0;12;2020-04-30;670;1273;2345;4455.5;300-799;401-799
154;Región Huetar Norte;1707;01505-2014;2-11-3;ALAJUELA;ZARCERO;211;TAPEZCO;TAPEZCO DE ALFARO RUIZ, ALAJUELA ;ASADA;Rural;3-002-248987;B;0;465;0;0;0;0;0;0;4;2020-04-27;465;883.5;1627.5;3092.25;300-799;401-799
154;Región Huetar Norte;1708;01507-2014;2-11-4;ALAJUELA;ZARCERO;211;GUADALUPE;SAN LUIS DE GUADALUPE (MORELOS) DE ALFARO RUIZ, ALAJUELA;ASADA;Rural;3-002-249079;B;0;265;0;0;0;0;0;0;9;2020-04-29;265;503.5;927.5;1762.25;100-299;100-400
154;Región Huetar Norte;1709;01509-2014;2-11-5;ALAJUELA;ZARCERO;211;PALMIRA;PUEBLO NUEVO( LA PICADA) DE LA PALMIRA DE ALFARO RUIZ, ALAJU;ASADA;Rural;3-002-472527;B;0;238;0;0;0;0;0;0;1;2020-04-28;238;452.2;833;1582.7;100-299;100-400
154;Región Huetar Norte;1710;01511-2014;2-11-7;ALAJUELA;ZARCERO;211;BRISAS;SAN JUAN DE LAJAS, ZAPOTE, ALFARO RUIZ ALAJUELA;ASADA;Rural;3-002-666797;B;0;105;0;0;0;0;0;0;1;2020-04-27;105;199.5;367.5;698.25;100-299;100-400
154;Región Huetar Norte;1711;01512-2014;2-11-6;ALAJUELA;ZARCERO;211;ZAPOTE;LAS BRISAS DE ZARCERO DE ALAJUELA;ASADA;Rural;3002666797;A;0;608;0;0;0;0;0;0;6;2020-04-24;608;1155.2;2128;4043.2;300-799;401-799
154;Región Huetar Norte;1796;04226-2014;2-11-5;ALAJUELA;ZARCERO;211;PALMIRA;PALMIRA DE ALFARO RUIZ, ALAJUELA;ASADA;Rural;3-002-295453;B;0;355;0;0;0;0;0;0;12;2020-04-28;355;674.5;1242.5;2360.75;300-799;100-400
154;Región Huetar Norte;1860;04691-2014;2-11-2;ALAJUELA;ZARCERO;211;LAGUNA;EL CARMEN DE LAGUNA DE ALFARO RUIZ, ALAJUELA;ASADA;Rural;3-002-676401;C;0;50;0;0;0;0;0;0;;2020-07-07;50;95;175;332.5;0-99;0-99
154;Región Huetar Norte;1861;04692-2014;2-11-6;ALAJUELA;ZARCERO;211;ZAPOTE;ZAPOTE DE LAGUNA DE ALFARO RUIZ, ALAJUELA;ASADA;Rural;3-002-671136;B;0;236;0;0;0;0;0;0;3;2021-04-27;236;448.4;826;1569.4;100-299;100-400
154;Región Huetar Norte;1882;04776-2014;2-11-4;ALAJUELA;ZARCERO;211;GUADALUPE;COLONIA ANATERE DE GUADALUPE DE ALFARO RUIZ, ALAJUELA;ASADA;Rural;3002669747;D;0;25;0;0;0;0;0;0;;2020-07-07;25;47.5;87.5;166.25;0-99;0-99
